word,coefficient
amazing,15.634547776766276
great,13.964287674501799
awesome,11.814933530652121
loved,10.237201018357384
cares,9.745502558119808
enjoyed,9.175168446792295
excellent,8.392222513445592
best,8.116066277215072
easy,7.742917615623294
wonderful,7.674251398996032
caring,7.586736801701834
fantastic,7.420437386756048
interesting,6.9233401731388815
solid,6.704319658095909
helped,6.645188584432431
fun,6.590026251658697
wont regret,6.588914111541435
helps,6.549136913730413
gem,6.477902959189559
love,6.455100431423868
willing,6.453006377272553
straightforward,6.321355540268196
best professors,6.10436011838798
funny,6.053128621372389
fair,6.013849292597401
patient,5.697651656147215
highly recommend,5.675349538428715
sweetest,5.598817880715782
extremely helpful,5.567815683482419
makes sure,5.535776189703914
chill,5.446301002345725
goat,5.2732047600221446
liked,5.264789200302183
enjoyable,5.197577773652159
favorite,5.164847270677429
little boring,5.085843737585514
incredible,5.011194692833233
succeed,4.92918607496493
manageable,4.873230357794681
passionate,4.780848713066757
explains,4.736146546041019
easy understand,4.655053638850528
definitely,4.6030625939862
laid,4.4774679138529905
best ive,4.469441463780589
gives feedback,4.424631653027516
sweet,4.424039774680439
nicest,4.4196288887455095
complaint,4.411823001375581
entertaining,4.40922540850068
understanding,4.369845203680266
phenomenal,4.356549669371446
bit,4.22131742503102
hilarious,4.1952280546448995
thorough,4.156243242253484
outstanding,4.102325798063878
wants learn,4.067513983514425
encourages,4.005814903159396
generous,3.973222254361364
super helpful,3.9624939550404275
appreciated,3.959421204305273
impossible fail,3.8972798061237284
relaxed,3.869868272412103
kindest,3.866113976957132
available,3.8610793527954033
provides,3.8133140843940065
humor,3.806555218521517
far best,3.79546996517781
kind,3.780133313851865
insightful,3.779795556362873
informative,3.779475937097299
plenty,3.773182069878178
downside,3.7475155844188426
pleasure,3.7354748571607908
allows,3.7318064225684986
prepares,3.721896357841854
understands,3.702770606221049
encouraging,3.679106363892389
easiest,3.65146516883606
breeze,3.632252627947252
cared,3.612527494234633
cool,3.5965107333811273
sweetheart,3.593500040241784
legend,3.5798747031872553
wants succeed,3.557323708659627
accessible,3.5253498425771674
wants pass,3.521928365995809
sure understand,3.5188184658700568
pay attention,3.504742397045072
happy,3.502821243151732
forward,3.4962314936627594
wasnt bad,3.496192288641952
doable,3.477110958535176
thank,3.471706857160535
make sure,3.469957831722064
favorite professors,3.4316117750748902
lenient,3.4120388545874722
genuinely,3.4106044398662374
straight point,3.407005547368459
truly,3.402018890032896
understandable,3.391770984267848
fine,3.3730768234377466
improved,3.372183480550393
easy follow,3.3609346410223955
best math,3.3577683366410898
grateful,3.357445193694151
exceptional,3.3521236196368878
knowledgeable,3.3413761998682863
bearable,3.34017943853436
inspirational,3.3401218731139712
takes explain,3.326540936835823
inspiring,3.3095262348485073
participate,3.2942005653713995
comfortable,3.2899657061702876
open,3.2808068137675366
thoughtful,3.242659079380659
engaging,3.2387639526319734
easygoing,3.2385031126924275
effort,3.2345910012655756
thing didnt,3.211868721146393
fair grader,3.2096964230952225
highly,3.202937842152751
supportive,3.2014440742833923
earth,3.1822272290816342
emails quickly,3.1738118148611383
super understanding,3.154118153609998
respectful,3.1347306033760276
follow instructions,3.1319425297082772
little confusing,3.1193165806559615
responsive,3.11865793223089
solid choice,3.114720782771187
reasonable,3.1077839591365684
offers,3.084655820183713
helpful,3.0628991842872013
lets,3.0477449934593634
flexible,3.0458773814945532
great feedback,3.034546001390982
energetic,3.0338005721209944
way fail,3.0278960678294555
genuine,3.0235629497554415
bad reviews,3.0191589984639875
respects,3.0191155540790686
unlimited,3.009271687538415
dedicated,3.0062197161312176
emails fast,2.9921589688506556
rewarding,2.9825322886848284
straight forward,2.964129889071119
ensure,2.9463983709544315
tells exactly,2.9459511864758663
probably best,2.9443897979772924
long follow,2.895492700870376
real life,2.8854117310528533
quick respond,2.8853780142980816
surprises,2.8637107534679513
lovely,2.853338453699173
youll,2.8399441625284365
fairly,2.8356344583257433
optional,2.7864635703829235
coolest,2.784840328144588
heartbeat,2.7842838832413377
better writer,2.7811769007409723
lots extra,2.7691868355140055
definitely recommend,2.7648023658344196
wants understand,2.764140595047439
best english,2.760453046805161
fascinating,2.7501446850777076
deeper,2.750032411565409
bad thing,2.7349867394134746
def,2.723103006589762
valuable,2.718998844191214
attend,2.7130856080460566
approachable,2.710015968872742
sure understood,2.7099354648452687
youre confused,2.705405494168467
wish taught,2.7046931970637957
isnt tough,2.69827346494308
gives clear,2.6938280945319804
makes interesting,2.6928267015173795
makes fun,2.691601875234519
loves,2.687037983808291
lenient grader,2.673609577571466
best taken,2.6700786975495334
knows,2.6620072187788213
super cool,2.6525658965730528
literally best,2.6465188501521695
dope,2.633431187682828
promptly,2.6319441291810897
boring times,2.6259048357364625
lowest,2.6186782895916236
truly cares,2.611161482963901
super nice,2.598859733379624
reminders,2.5963772578594586
laidback,2.5862272347390194
clear expectations,2.5841801491419316
adore,2.571812526698217
changed life,2.568630815279146
highly recommended,2.567813796028371
scared,2.5632580139607084
relatable,2.5575364379583765
need,2.556390655440023
concise,2.552579837851663
funniest,2.5437414498792164
glad,2.5396483011364652
attention,2.5367905270923807
follow directions,2.5366068154241517
opportunities,2.535236062275435
explained things,2.53236298286156
textbook free,2.5300793175848795
willing answer,2.5271049595580806
hesitate,2.526844879642073
unique,2.526063383392123
nervous,2.5208527476439078
clear,2.519543375331602
able,2.5175581584253144
easier,2.5173568383209264
grow,2.510225238268355
lays,2.503836748449181
pretty,2.503422187489325
gave feedback,2.4974807667223002
easy talk,2.495854344014304
yes,2.49376393527533
listens,2.4837719529815354
encouraged,2.4794994260650927
different ways,2.477269939728105
quick,2.4765226226249553
afraid,2.4729510627901106
simple,2.4690897225151875
terrible math,2.4685421485456245
easy going,2.465846468095553
nice,2.455896879787488
isnt harsh,2.4411513226381736
brilliant,2.4406367519311787
welcoming,2.4240825845870546
fail unless,2.4217604820277217
realworld,2.411745185993408
accommodating,2.4107048771443673
inspiration,2.4101069831913136
refreshing,2.3997511390631896
little tough,2.397017395846836
easy grader,2.391762068002253
knows teach,2.391472122120595
helped understand,2.3790884428617898
little dry,2.376593338704643
considerate,2.3738686714753676
overall great,2.3691774380933546
humble,2.361150656583497
easily,2.352814850038011
quickly,2.352597966526939
glad took,2.3523099939286856
detailed,2.351679432186889
best teachers,2.348023119250904
lively,2.3479047496057137
taken classes,2.3467727811752153
learned,2.3388280428754324
extremely understanding,2.337015938530647
scary,2.3260262873954143
understood,2.3259312314915057
works,2.3242465669533825
identical,2.323658845352652
far favorite,2.3174546852962266
arent boring,2.3164489448745673
little disorganized,2.3162428093029592
angel,2.3138775880935114
passion,2.2937519420455637
moderate,2.2903153150576205
took,2.2842501529031725
gladly,2.281235968085872
long pay,2.27754948550104
discussion,2.2675717672131412
applicable,2.2642187775075824
extremely knowledgeable,2.260059501541291
attempts,2.2592267190127444
freedom,2.2578471998972747
respected,2.25470160465263
graded fairly,2.2542306035712527
follow rubric,2.2534306262057147
loving,2.2518586214205505
friendly,2.249453187311926
relates,2.2437361372107514
unlike,2.240348863840951
complaints,2.223104121495503
clear expects,2.2211969741663893
wish teach,2.2182247270614557
assignment week,2.2121398422208203
reason didnt,2.2100450810962045
werent bad,2.2088011510482337
interactive,2.20605249938005
extremely clear,2.204383350169147
smooth,2.2043438777902487
bien,2.2023125367597727
isnt bad,2.2012591943278705
thoroughly,2.1994671983782195
different numbers,2.1968586552909133
inspires,2.1962043217217873
hands best,2.193381932853007
positive attitude,2.192513490432603
tips,2.190074341091405
exactly,2.1883265248554085
inspired,2.1868289595130936
long youre,2.1778768058444506
nicely,2.174541195316841
walks,2.1741891562948243
fast grader,2.1738087167873292
eager,2.1703584843219628
understand better,2.1698994413961947
making sure,2.164539633323275
gets bad,2.163464376168424
mrs,2.1606169255781436
engages,2.1599256073504822
wish classes,2.159529020350785
favourite,2.1582830592277844
broke,2.1486590242633476
best classes,2.14860134909815
enthusiastic,2.1443171031596946
genuinely cares,2.1424929125420364
right away,2.137925504642041
genuinely wants,2.127531074049346
lots examples,2.1253899085478647
little harder,2.1149730143251264
intimidated,2.109509003263595
sees,2.1087905232054474
overall,2.1077872764842103
takes answer,2.1072353343728096
fault,2.102097992210184
beautiful,2.101545439963007
procrastinate,2.0987880283168248
progress,2.092476327101522
makes easier,2.091571317938901
wont disappointed,2.09020249302735
chances,2.088099105562168
better student,2.0872552247228793
follow guidelines,2.0803513037324333
best profs,2.0779242855446958
office,2.0759616734291777
engaged,2.0749507947839856
extremely caring,2.0688312767777624
energy,2.0665362503366023
opened,2.0657021670272173
super kind,2.0586038499644825
gpa booster,2.0571436265375542
extremely organized,2.0541045270365625
appreciates,2.0507601806170674
appreciate,2.048781656825135
carefully,2.048090579313172
went way,2.047504664202843
negative reviews,2.0466899979423863
absolutely loved,2.0388150056531202
key,2.034099762501045
humour,2.0318029118383145
long read,2.0227517377032274
emails hours,2.019381125222941
worried,2.014307592925511
right direction,2.0142641078214565
makes think,2.011303647381885
reallife,2.0078606014786327
super easy,2.0076422280345065
tries make,2.007473221072537
needed,2.0019743118375266
advantage,1.999049925608992
step,1.9980764966858873
pushes,1.991013418849386
ease,1.9864468959954202
real world,1.9796398889165243
bit disorganized,1.975405761444351
totally recommend,1.9751201878487876
invested,1.9704771721014154
organized,1.9658895572921253
hints,1.9619258676858817
super funny,1.9616961102584336
chillest,1.9593235766091757
ready answer,1.9579620585213513
easiest ive,1.9577427184491878
people complain,1.9561928331445595
jokes,1.9558105143649542
sense humor,1.9547503985553145
accordingly,1.952451195954361
importantly,1.9504652741092139
arent bad,1.9478330156939065
gives extra,1.9470114103316805
thankful,1.9459279890808414
super chill,1.9422144028872375
midterm final,1.9417012784176775
real,1.9407689285344063
wait minute,1.9399827757783954
knowledgable,1.9393435186902996
great took,1.937790340912232
delight,1.9365620332696232
look forward,1.9351452382047651
bit tough,1.934534531085244
didnt read,1.9334601117089405
horrible math,1.9309954129767988
light,1.9214101269963564
use textbook,1.9209250051184097
easier understand,1.9208641971322646
complain,1.920830855897302
things understand,1.9183680643641454
couple,1.9148034840229844
guaranteed,1.9075880851307936
challenging,1.9065524628140007
gripe,1.9041913021717995
research project,1.8991130318698501
success,1.8977447725066965
knows talking,1.8969158695381265
golden,1.8876709447411413
challenges,1.8859505257716442
quirky,1.8856263440186507
necessary,1.884429594080051
booster,1.881743157043464
wellorganized,1.880861851397318
caring wants,1.876681704500471
tons extra,1.8756650072605927
dad,1.8678710401769918
world,1.866056078040345
happily,1.865797333848731
easy read,1.8652716418692776
humorous,1.8650887771561937
anytime,1.8635909884148427
leniently,1.8629392520940786
super fun,1.8615158614066838
completion,1.8596129694898507
think things,1.8593980590371268
long try,1.856880045671783
generously,1.8557039125838846
recognizes,1.8515513941554926
pace,1.8511588005492137
truly wants,1.8502020099238978
long study,1.8501657379149767
changed way,1.846376437722566
future,1.845014826491024
discussions,1.8440259420690266
gold,1.8436104873357935
caring professors,1.8393548506557884
opens,1.8386666030383536
way understand,1.8384145785090154
shy,1.836586022798262
bad say,1.8350319253398932
easy contact,1.8332938272703572
gives study,1.8317097857787277
knows explain,1.8314848523114755
opportunity,1.8310972771849536
long run,1.8310202829968383
excited teach,1.8308306218239379
gives helpful,1.8260844717081812
ensures,1.8249047610902278
extremely fair,1.8172923208041551
hold hand,1.8163535224749117
similar,1.8162717504414572
grader long,1.815855754327865
student feedback,1.8146693521383699
tough fair,1.812222708651285
tad,1.8103736192661697
extra mile,1.8057760387553545
italian,1.8056453017568705
brings,1.804519857076826
sure,1.8017529826765808
enjoying,1.8013044070051722
makes clear,1.801161908434355
buying,1.800576196978571
looked forward,1.7976875030433686
cute,1.7967015229650118
simply best,1.7914779530694933
responded quickly,1.790422009062858
principles,1.7899370506382206
way possible,1.789182300391677
prof,1.787502087654922
youll great,1.7868507652369905
patiently,1.786574009295418
actually care,1.783037735750339
webassign,1.7783807974845305
expectations clear,1.7768144123685368
learn things,1.7760842624134423
rewarded,1.7756847949131942
resume,1.7753602841597877
gives examples,1.7731263606608618
everyday life,1.7726971313519218
joy,1.7724749305749632
write says,1.7718478532164657
skim,1.7693193031691454
breaks,1.7686216103318373
thanks,1.7685522839519168
noncumulative,1.7681996172553396
super caring,1.766318291606239
cares success,1.7655207972887885
bad long,1.7644458872526463
makes enjoyable,1.7638914452403507
job making,1.763539761243107
stepbystep,1.7633513348591299
opennote,1.7620549732460713
breaking,1.7599076682769466
connects,1.7590544925194307
available answer,1.758520984217175
covers,1.7541444712059384
fall,1.7520685370524358
long participate,1.7509752047052713
happy answer,1.7506251460496445
lots opportunities,1.7492780118022666
fair grading,1.7485965975782127
handled,1.7443924465308143
hes super,1.7430414666550982
explains clearly,1.7423945653528168
clear expected,1.73914860713296
gets dropped,1.7361118126690127
based slides,1.7350492397861474
quickly emails,1.7348937235837203
earn,1.7341290527376607
people didnt,1.7323740235906249
responsible,1.7307956855803233
gives plenty,1.728970897244597
early,1.72741457458172
keeps,1.7197401843472826
queen,1.7154531972903853
best instructors,1.7123526050528883
building,1.7113151360127732
notes pass,1.7108959271853539
learned ton,1.7103926929286257
presents,1.7083300570910094
deserves,1.7079595554167066
long youll,1.7074089922097364
participating,1.7058209305080836
grading little,1.7034408022942142
respectable,1.7028506347133996
bit boring,1.7017253294112218
super sweet,1.6957220631060796
asked better,1.6911971309876346
slides posted,1.690954177398326
faster,1.6909036148735406
blessing,1.690790225094714
treats respect,1.6891869082522029
little understand,1.6890482088163512
intimidating,1.687351428813479
little slow,1.6867275101421664
terrific,1.6840479978690477
second taking,1.6816066895211972
honest,1.6805415633483642
negative comments,1.6794590386872479
bonus,1.6787843157073963
incredibly helpful,1.6784802130124215
young,1.6781237142011824
enjoyed taking,1.6774720436452875
goes way,1.6755031031617391
makes engaging,1.6732997035346813
tier,1.6701707625516033
handouts,1.6693074884793773
loves teach,1.6665980002427911
speeches,1.6618294296202802
interested,1.6605692955292228
way explain,1.6554605245310097
pleasant,1.6553756938957735
lowest dropped,1.6547071841586247
step way,1.6526467589037124
personable,1.6500128714302493
important,1.6498663893088115
perspectives,1.6468375862341014
great clear,1.6465861966022204
real gem,1.6462110360180429
youll okay,1.6451548587686575
taking semester,1.6436357059083764
choose topic,1.643486785029991
penalty,1.6433620224494487
activities,1.6412760697934425
ways,1.6349389579019058
wants student,1.6348728274187276
isnt mandatory,1.634395549691526
eng,1.632206429871922
professors ive,1.6290389523424573
gives specific,1.6287739465005795
cheat,1.6283583821066716
helping,1.6269405126810519
involved,1.626604112500604
pass,1.6260884152686992
motivated,1.6244614120252514
feel confident,1.622157430902019
wants teach,1.6219746299925808
long complete,1.6215588525872018
favorite teachers,1.6211468736096393
extremely kind,1.6196591578048516
field,1.6142629483364865
extremely accessible,1.6135198681535934
reason fail,1.6127117096147565
extremely easy,1.6121201743401814
growth,1.6109340617454788
everyones,1.6108475183952715
candy,1.6091009364051247
attentive,1.6066007703191936
animated,1.606282010916064
simple understand,1.6058735829448552
successful,1.6058285933480994
super,1.6040099318646175
learned alot,1.6025435806661645
values,1.6014737690570398
long communicate,1.601277930024698
taught way,1.6012763308612055
superb,1.6004195880957632
hate math,1.5987064330680876
calm,1.5982420990105974
impressive,1.5974265944894555
weekly,1.5969033086152062
supplement,1.5951867065841872
rep,1.5948020292866127
posts,1.5939777339025683
exactly test,1.5898284266120566
deeply,1.5885041710483405
gives opportunities,1.587895369328842
paper end,1.5865812718115033
business,1.5861079122233828
extra,1.5861042435892383
public,1.5842475371293352
didnt mind,1.5829015841291367
confusing times,1.5818886975353563
little tricky,1.5813240277287721
great cares,1.580251916918337
responds quickly,1.5802485406118847
brian,1.5764029277240288
gives practice,1.5760573702080283
lowest quiz,1.5755379272215815
favorite classes,1.5753690726827612
blessed,1.5742473736268723
willing explain,1.5740844389084183
bad ratings,1.5731575570877907
taught classes,1.569032996910401
hes pretty,1.568866077693538
attendance,1.5683472937491043
makes better,1.5681621977493148
pushed,1.5669754968602356
project end,1.5667735807856966
makes expectations,1.5654836115312292
subject matter,1.5650816012557693
comprehensive,1.5647516590445718
people say,1.5635359510882187
comfort zone,1.5627995020244458
long pass,1.5587681142611083
master,1.5541734972998338
emphasizes,1.551447354640661
research methods,1.551352157230683
super approachable,1.5512215586398372
kinda boring,1.5511721787850794
thoughtprovoking,1.550339374905913
coach,1.5479790560337856
knows hes,1.5470475285352823
people complaining,1.5470126593220974
max,1.5452112258637232
easy long,1.5450497047470724
gave lots,1.5446477118211823
provided,1.5409796698438387
sensei,1.5372550712698663
flow,1.536138540635264
different way,1.5340737631489767
gave extra,1.5338670007074717
overall experience,1.5304661347182877
winter,1.5285411562828
hes,1.5275575320115284
king,1.5259985315537437
turn things,1.5243310791958304
engage,1.5232150826626467
jim,1.5231846264353055
highlight,1.5228359012836628
flexible dates,1.519971322958882
write short,1.5181731934286942
professors actually,1.5173958661948312
tolerable,1.5143596495719533
grew,1.5113280793690185
youre struggling,1.5107098014488498
current,1.5095378924067369
clarify,1.5093032164526963
high quality,1.50836569774806
times want,1.508091893361025
detailed feedback,1.506169776444375
super friendly,1.5042992737218874
extended,1.503394945180481
enthusiasm,1.499080288377548
tries hardest,1.496642060121933
correct mistakes,1.495055227066891
reasonably,1.4944468313198467
stressfree,1.4943711167357965
apply,1.4937698559827033
critically,1.4910206893541933
totally,1.4894987167420233
make think,1.4879232472839647
easy grading,1.4879027578820874
great gives,1.48693013624962
math teachers,1.4864109826474683
feel comfortable,1.4863080951161023
profs,1.48565612323921
variety,1.4855117848483508
hes little,1.4835661798603619
open mind,1.4822951633040777
think thats,1.4818569140030664
definitely worth,1.4815917446149518
rewards,1.477413770944832
smoothly,1.4768727065520493
nature,1.4765501302769197
opportunities extra,1.4764642675753523
dedication,1.4758912430970648
long,1.4749819206767723
long effort,1.4725260055748424
motivates,1.472251182727306
easy points,1.4716320259789428
great instructor,1.4694917933450975
skeptical,1.4693034940078622
gives opportunity,1.4678460404158948
exactly need,1.4670440982519355
long listen,1.4661747897101025
hesitant,1.4656116852413836
generous grader,1.4655266370412035
youre supposed,1.4639159527176728
pretty simple,1.4628712048159116
way easier,1.4616330381199123
takes minutes,1.461366497214018
useful,1.4605445461860103
eyeopening,1.4597982929338118
develop,1.4565607637070863
teach classes,1.4560961038391995
openbook,1.4556320222084285
extremely nice,1.4555148493001822
underrated,1.4544390084436851
thats expected,1.4544057342119239
easy labs,1.453940378533027
opened eyes,1.4535713145288152
learning curve,1.452428373889594
participation,1.4494631174666464
incredibly knowledgeable,1.4493042464194579
overall solid,1.448892979916374
witty,1.4473069251820416
simplifies,1.4473065417652173
pretty clear,1.446959901009459
easily pass,1.4466814822655945
review exam,1.4445551537511732
inclusive,1.4444417756380945
study,1.4439761407665102
learned things,1.440242718109536
hang,1.4400464561743145
incorporate,1.4354252119801947
remind,1.4351845161504766
bit fast,1.4308953408258225
takes feedback,1.4307482920009038
responds,1.4295951962408462
industry,1.4294209015236874
direct,1.4268225953661555
delightful,1.4264234562603728
tell loves,1.426215458532729
greatest,1.4251881826877417
teachers ive,1.424946659442701
willing provide,1.4246243188764318
extremely interesting,1.4238187038374406
youre interested,1.419482975845153
defiantly,1.4194805244268058
tools,1.4190985779387404
shes funny,1.4180922658732387
encouragement,1.417726212948598
environment,1.4174693108782837
makes learning,1.4159451395700489
gives points,1.4141291736735255
graded completion,1.4132026765707957
nice helpful,1.4120316836682172
project easy,1.4114378328023611
enlightening,1.4103136483897036
kind boring,1.409682440890753
extremely intelligent,1.409301193642682
practice,1.4088416448291152
short papers,1.4084805755429202
got better,1.4081102555799414
enjoys,1.406319536518152
accommodates,1.4059011749671317
initiative,1.4057749633328773
wants,1.404961641765947
worried taking,1.4049492236621248
taking notes,1.4041594081301525
probably easiest,1.4028649070261505
easily best,1.4019581408446709
builds,1.401620482372267
come,1.3995083823468333
great knows,1.3994866073384444
entertained,1.3991568548952587
daunting,1.3972594016054471
big deal,1.3951392278060661
micro,1.3903890543929613
way better,1.3890095833495888
easy extra,1.3872356570127733
anatomy,1.386932567099197
paying attention,1.3867622888478586
multiple ways,1.3864218869025877
sure student,1.3852646831342939
didnt study,1.3848629176429033
recommend going,1.3847563915526937
careers,1.383735109013225
test easy,1.3830391014787464
long watch,1.3826980556056878
worry,1.3821759930881683
experiences,1.3819798371455834
took explain,1.3818257302006223
quick answer,1.3811996825857027
shes understanding,1.3806880686103418
slightly,1.3805930869206515
far easiest,1.3802776726247032
understanding long,1.3800487711285665
youre graded,1.3792170128083239
accomodating,1.3772176468370052
accepts late,1.3771969080361273
responds fast,1.3769530735866318
actually fun,1.3763490841045158
understand topic,1.3717746195563332
techniques,1.370870853127686
fabulous,1.369694280400478
shes passionate,1.3693354969016025
sticks,1.3686403689634434
technically,1.3684471111918355
loved taking,1.3673883923347427
student needs,1.366888798227362
gets excited,1.366753616643531
nelson,1.3644768023194933
explore,1.3633424743243372
kindness,1.3626766603057958
rocks,1.3621939600076185
discuss,1.3609088368400255
extremely knowledgable,1.3608099421257664
haha,1.3599536838845656
little fast,1.3583724344125212
anna,1.3572587251642532
dull moment,1.3549772377729172
read participate,1.3540733162368057
want miss,1.3539935593703167
absolute,1.3531840320200768
main points,1.3526751480471138
listen,1.3526609506601988
lenient grading,1.3524459341433293
greatly,1.351884997045413
cake,1.3511706833474086
make understand,1.350975608038041
absolutely recommend,1.3504371312239751
emails timely,1.3497979197812267
com,1.346806516421119
study fine,1.3465583175644908
great makes,1.3457098428186507
boost,1.3446029092909622
midterms final,1.3444094593995515
accounting,1.3429442869783057
love style,1.3422314926840302
sets success,1.3410981032143787
nice understanding,1.340876796301154
makes worth,1.340823683653195
achieve,1.3405293491270416
fast emails,1.3404752397379018
provoking,1.3402454735077074
guy teaches,1.3399246998954413
study power,1.339243120653058
communicates,1.3387711937209408
essential,1.3381981695320797
wish professors,1.3373804003829415
helpful especially,1.3367363225113666
blast,1.3366038421246167
traditional,1.335441780943271
works make,1.3347811418531952
kept,1.333680653197363
use resources,1.3333133859268
loves teaches,1.3323366237076544
makes manageable,1.331757512926672
creative,1.331679310921229
big group,1.3316705459632059
apa format,1.3311654108750102
memorable,1.3311631380997047
honestly didnt,1.3303998333778384
physical,1.3295570435921655
say things,1.3271686062513917
gets easier,1.3268725849384582
willing understand,1.3264479064110324
john,1.326047406371485
fresh air,1.3257125166063168
submit late,1.3253983204705182
fitness,1.325075569522227
chance,1.32481402422292
midtermfinal,1.3232627619410466
ensured,1.3228002998801396
breath fresh,1.3221193877013488
intriguing,1.3203292506313835
midterms finals,1.318772080403829
dropped lowest,1.3170044049001253
easy readings,1.316499364961026
makes actually,1.316155093791403
comfort,1.3160533932313756
low rating,1.3145422633119415
components,1.3142021519643539
need ask,1.31409335982917
review sessions,1.3139530187128436
gave opportunity,1.3131227137947037
article,1.3125792960834013
advice,1.3104675554835237
extremely approachable,1.310315919075506
dry sense,1.3099617200532447
allowed,1.3094937968536384
slack,1.308783699420433
nice talk,1.3086077324461254
hes open,1.3081262786222254
love way,1.307834504159575
easy possible,1.3076599378819524
complaining,1.3076093331692407
discipline,1.307501711150947
read read,1.307456024730303
davis,1.3063680820551193
taken multiple,1.3061712505927157
didnt try,1.3060577366843011
teach need,1.3057476850982965
guarantee,1.304500143138331
baby,1.30399964157822
didnt think,1.302636709018724
gives credit,1.301287936991664
practicing,1.30125795770098
informational,1.3004471850312957
boring subject,1.2999821624668753
nicest professors,1.2998432388041188
expects participation,1.2989867611153187
compassionate,1.296842834237354
smaller,1.2962663843244406
love guy,1.2959334005605592
interesting read,1.295769631006955
makes easy,1.2954637320668074
relatively,1.2950571002732878
test days,1.294921825485725
afraid ask,1.294869550009261
thought provoking,1.2941047544907567
welcomed,1.2933697461016127
communicative,1.2931192013404942
gives resources,1.2927613804945546
hes clear,1.2926272257709686
need textbook,1.2925732740398854
fresh,1.2923226782781474
talented,1.2922879967538632
today,1.2908911977116224
discussion week,1.2894636343275108
provides extra,1.2891160038762997
great prof,1.287221825228892
gift,1.2868675660726057
incredibly smart,1.2860952428886292
cybersecurity,1.2849824657034021
question quiz,1.2837315793671704
lost points,1.283495321627158
actually cares,1.2830864952032222
pour,1.281931233342898
handson,1.2807209783855185
gives chances,1.2805975804798457
quiz chapter,1.2782192787724507
microsoft,1.2777169040934317
based textbook,1.2774193247790118
individually,1.277347924469278
uploads,1.2769080077122286
assist,1.2764333057226662
nervous taking,1.2751039666477868
helps understand,1.2743712000236889
information need,1.2738158404066322
engineering,1.273196240175942
wisdom,1.272883668701612
essays pages,1.2714943126189282
german,1.2711513013278992
textbook isnt,1.270740530544151
notecard,1.2706785899437834
people think,1.2706454590976362
recommend attending,1.2702966849926238
paper pages,1.2685110239542492
stephens,1.2680919006710494
proactive,1.2680261429994624
didnt buy,1.2647627924829052
beneficial,1.2643014673544934
low stress,1.2619046374372256
applying,1.2611580703142262
stevens,1.261031552173888
takes make,1.2607913506215658
let turn,1.2602464959387178
youre having,1.2596628733585888
make laugh,1.2564730541509352
smartest,1.2559685092732482
greatest professors,1.2555929749715566
big papers,1.2550213997231996
upcoming,1.2540555139832483
makes bearable,1.2534894280596642
attention ask,1.2530805390031294
ace,1.252658978768417
smiling,1.2520702716973482
transparent,1.2517421453318605
adjusted,1.251419283747777
ryan,1.2513661723391079
professors,1.2508113064069764
vocab,1.249533742621572
strongly recommend,1.2490752997666545
keeps engaged,1.2487998158620635
requires reading,1.2480802767530765
super clear,1.247203954139256
adult,1.2469131515652134
ton extra,1.245503536962974
digestible,1.2453642622292598
intelligent,1.2444521996088642
graded easily,1.244272827614538
week short,1.243994852666292
little heavy,1.24345169315813
cares wants,1.2433482455778355
incorporates,1.2428299776072202
casual,1.2401760863515048
sister,1.2394994482988169
hernandez,1.2389483177188956
wont make,1.238550373023885
great make,1.2385012318471837
multiple attempts,1.237737105700799
bit heavy,1.2376908042819985
moore,1.2374950293625644
remarkable,1.2374891829402574
perspective,1.237380360957386
small,1.2373532664762126
need understand,1.2366766015172284
usual,1.2363936548845855
slides easy,1.2355198313572533
knew stuff,1.2352660879175092
regrets,1.2342562601348352
super knowledgeable,1.2338207391863716
worked,1.2333402983037152
papers final,1.2329959263377137
drops lowest,1.2328436154350928
ask explain,1.2317637572642632
gives great,1.231660080627902
love prof,1.229695750248351
feel actually,1.2293441122055209
zach,1.2290543835825019
russian,1.228922185679538
pretty fun,1.2284920835690085
gives detailed,1.2276857860190478
charismatic,1.2274592266184634
great study,1.227301088743777
start early,1.2262914723528147
pleasantly,1.2256385830924466
clear easy,1.2247944052060922
law school,1.2238472233603572
carter,1.2221561537330488
expand,1.221586151789057
wish,1.2206451999284098
pulled,1.220464743974666
extremely engaging,1.2198087240463606
super interesting,1.2197760649063345
posts slides,1.2197245435464763
committed,1.218912191937876
used,1.2186211058988792
content heavy,1.2184237929501474
drawings,1.2174328938048768
long stay,1.2173308467221953
proud,1.2139805895569655
ask understand,1.2136234868662727
attention pass,1.2132103837150068
welcomes,1.2124052692125955
drop lowest,1.2114209775723936
sweet cares,1.2107734379326451
think critically,1.2097965504438746
insights,1.2088039850318857
conversations,1.2087858416665687
explain understand,1.2085894838612683
occasional,1.2085174010779673
upbeat,1.2075642900301842
little challenging,1.2072386189717492
boring gives,1.2071895577534337
forward going,1.2064833474327317
gives tools,1.205536015490441
credit options,1.204697694981979
offered,1.2036588495709968
clear way,1.203340782273689
actually nice,1.2032880972773128
textbook needed,1.2030474545254402
infectious,1.2026254313055793
stories,1.2024010230604352
honest feedback,1.2006713804304678
times overall,1.2004119883747273
week theyre,1.1996586475968325
applications,1.1985152958421723
short quiz,1.1979482568016095
examples understand,1.1977932936091595
attendance isnt,1.1975775877037993
cook,1.197491808877208
writing,1.1966997458296367
kindhearted,1.1961840910534263
jake,1.1957799588419846
revise,1.19571675802192
terrified,1.1940241952158066
theyre,1.1938049948125036
semester college,1.192887859829893
sarah,1.192764867734102
read chapters,1.1924637534260236
math person,1.1920287419044409
upfront,1.1916570920510303
word count,1.1902714743877743
baruch,1.189657856090617
test final,1.1895641143670812
practical,1.1889425278582446
perfect,1.1876807586941935
dynamic,1.186724540551009
miss,1.1860842887632068
explained concepts,1.185374319583833
need book,1.1847376040821562
great lots,1.1845050563229294
fully understand,1.1836190718817046
opening,1.182991099466622
fav,1.1826816092581935
totally worth,1.182480118830979
stays,1.1820856527145964
bit unorganized,1.1820578291649615
office hours,1.1816548140289063
reflections,1.1810951050180136
paid attention,1.1802924743512417
reason shouldnt,1.1792973170984737
joe,1.1792146455002503
extensions,1.1786999155038052
great semester,1.1777621861268979
definitely want,1.1772050114624517
extra credit,1.175720214210173
feel welcome,1.1752817836721476
best college,1.1752159345303546
ask youll,1.1732722169817789
records,1.1709290126467575
nonetheless,1.1709030481501905
portfolio,1.1707547026452678
pleasantly surprised,1.1698795442652303
tells need,1.1695220660665944
recommend doing,1.1693206923566557
descriptive,1.1691544252932136
meet,1.1690194554821478
arent long,1.1690026039980304
fields,1.1687635263550475
bit harder,1.1686677231355371
exercise,1.167021096894857
things easy,1.166752517939567
easy recommend,1.1653423640899119
essays semester,1.1652610222836068
generous grading,1.1643980706105777
case studies,1.1623352130371083
best met,1.1621479359331919
final definitely,1.1618857966298912
indepth,1.1617753043167574
recommend needs,1.1616142860147953
department,1.161444051645301
expect read,1.158693022088482
readings assigns,1.1584439427600282
downtoearth,1.1582834261302828
theres reason,1.1569273393883794
gave clear,1.1568589001901406
math courses,1.1566038629787803
boring reads,1.1565835966455515
bad review,1.1565514780775674
answers test,1.1555506368621333
active,1.1549910260859149
common sense,1.1547276147155447
walk,1.153837354749578
makes want,1.1536860230192298
turn late,1.153187299566182
wholesome,1.1531286345625273
phd student,1.1528630283955856
lose points,1.1524234521115901
used textbook,1.152404002079939
truly care,1.151991772860808
notices,1.1494434620995326
nice kind,1.1493723055873202
follows,1.1488045670033669
campus,1.1486042307616755
makes available,1.1482122858848498
earn points,1.1480638575793336
way explaining,1.1466176114899431
openminded,1.1462962647660813
reading interesting,1.145856599180512
easiest taken,1.1444673356845354
bless,1.1428174065413461
honestly best,1.1421396613337484
attendance required,1.1416999509417203
adored,1.1416038755708635
invaluable,1.1414848161038125
gave great,1.14068856657117
great didnt,1.1394070481302545
wants people,1.1380912253407471
bit dry,1.138078280118523
week complete,1.1373519410239934
favorite far,1.1367800605760994
amazing instructor,1.1340086279807446
data,1.133844875630624
step step,1.1323565461442981
youll make,1.132177778645358
body,1.1315159804969444
reallife examples,1.130942108547597
wealth,1.1300899832263378
didnt use,1.129346236464237
easy marker,1.1292292903532863
public speaking,1.1286620344979543
wide,1.1286357697743163
great sense,1.1270708092102253
guy gives,1.1265347356790056
ive far,1.1253142001400291
free,1.1250974012741128
amazing job,1.1250477347757224
reachable,1.1245640940866293
clear helpful,1.1245235127484037
best teach,1.1244480022261478
learn understand,1.1244321260294112
incredibly passionate,1.124330918138582
extension,1.124005510214634
effort learn,1.1225822708821536
tries understand,1.122496450996371
better understand,1.122028450152129
asks feedback,1.1220141893528746
problem getting,1.12117136856846
arabic,1.1208582990676126
big paper,1.120593651712105
demonstrate,1.119497707701225
answers quizlet,1.119352822207301
final weekly,1.1190116826606544
try fail,1.1182261416164332
influence,1.1179799481138504
wants make,1.117038138130327
absolutely hilarious,1.1167381381385337
shares,1.1162890438875643
offers extra,1.115826304754047
picture,1.1150417283532263
sure learn,1.1146749780299954
passionate teaches,1.1144512732239096
different types,1.1138936798192132
kind helpful,1.1138881795428093
great easy,1.1132095425772726
drawing,1.1128470668609654
grader expects,1.112827386223217
albeit,1.1124165470141427
best took,1.1123236790227604
great explains,1.111882235178287
youre fine,1.1106860144540867
ahead,1.110298408327823
park,1.1094379878660159
forward taking,1.1093385389499075
impactful,1.1086788893275705
person talk,1.1086082687242347
great ready,1.1084473145068348
provides clear,1.1084143713696588
gifted,1.1076714865256732
adorable,1.107382476292405
study read,1.1072061996792404
est,1.1067290114493966
worth taking,1.106605943538276
short writing,1.1063048709039396
unlike professors,1.106261733355673
thomas,1.105596278856612
long notes,1.1052044536262167
eye,1.1048209377458653
understanding caring,1.1046870847249461
crystal,1.1043977204291775
piece cake,1.103750731582039
hosts,1.1030314108494335
guy boring,1.1028710109332909
faith,1.1027041471712846
patrick,1.1025613761644855
unit,1.1022595433381128
tell enjoys,1.102021163377821
ins,1.1018265427046097
neat,1.1017805957465798
asynchronous,1.1011933181992266
layout,1.1002929236821126
chinese,1.1002206976953495
way think,1.098983169399542
nicole,1.098780832332989
bigger,1.0985997794007862
beginning,1.0983868555947864
replies quickly,1.0975776391281482
weekly discussions,1.0958037051755256
journey,1.0949639583529505
incredibly understanding,1.094963427810565
topics,1.0948769482226597
understanding willing,1.0945062986379512
matt,1.0942471207007791
jay,1.0940927685175685
importance,1.0938472461179918
privilege,1.092560296911198
concepts,1.092210841962509
life examples,1.0918464228528113
donuts,1.0913463707200302
graduate school,1.090880209207646
asl,1.090097886180034
easy access,1.0900341599495509
guide exam,1.08932164436738
math,1.0881620555475988
guest,1.0874049691746295
tyler,1.087305455507555
summer,1.0870826735437444
absolutely amazing,1.0869410433153919
blog,1.0869372361592218
ensure understand,1.0865994180883178
fundamentals,1.0862973371770406
easy write,1.0861365927733941
fun easy,1.0860934527451174
best far,1.0860629148159784
didnt expect,1.0858446006209068
sharing,1.0857953819989508
super accessible,1.0856540003639206
human,1.0829338949226053
balance,1.0828357800863704
short,1.082351025785996
educated,1.0819016588135941
favorite semester,1.0808437681444918
pass problem,1.0805008504442655
ties,1.0802772083315881
ted talks,1.0802716195449726
intellectually,1.0797141894648503
mile,1.0792558859393495
took english,1.0791217437181162
sweet caring,1.079046540038545
teaches way,1.0784020093538575
mix,1.0778031383319662
mindtap,1.0777323890471702
managerial,1.0773146868607375
listen notes,1.077146487217841
intense,1.0765205441101782
latin,1.0762038012717987
let,1.0755079360458357
analytics,1.0754130377321283
easy short,1.0744766192997885
political science,1.073879664813856
movies,1.0737060775782237
weather,1.0733963448000206
flying,1.0725021363181162
gives ample,1.0715096911972373
easy notes,1.0714569359778805
talk outside,1.0710678647367011
gave opportunities,1.0709695831844883
final presentation,1.0705983749864432
learn lots,1.0704682716728906
kind understanding,1.0700897698654863
absolute best,1.0698749817958608
dbs,1.0697249924367223
tried make,1.0696944185197756
listen feedback,1.0691477880608138
sure youre,1.0688749672303886
easy papers,1.0686509909210888
hate writing,1.0680268197394807
bit slow,1.0679145940788997
true,1.0674527876126039
shes awesome,1.0673427989735136
cool guy,1.066880787722712
attendance graded,1.0665207248338826
long actually,1.0660914344590886
world examples,1.0651624318737736
beat,1.0648512901797624
personal experience,1.0647844548516694
super organized,1.0641175709855837
strive,1.0634012262835626
major essays,1.0632148986559142
resources need,1.062966024614788
uses real,1.0609138010679853
attention study,1.060330200307115
having trouble,1.059916492153844
incorporated,1.0596557500752586
best lecturers,1.0593727719579733
met,1.0593202528803136
brown,1.059095995835216
helpful understanding,1.0581105548962773
chris,1.0579943320755167
development,1.0579386699026316
come straight,1.057862518675304
problem passing,1.0577656589928266
casey,1.0574994558226294
rewatch,1.0574850776279752
clear explanations,1.0572917494612584
way teach,1.0558243677938068
caring ive,1.0555147410946217
textbook study,1.0553682329456038
hearted,1.055231481643638
incredibly easy,1.0544300916712281
eventually,1.0542160176126658
absolutely best,1.0535349200866146
positive experience,1.0532915733736292
knowledgeable helpful,1.0525668352498612
professionally,1.0524775363362178
reading assigned,1.0521002804362698
gives,1.051489962914895
easy watch,1.0511121930951317
week based,1.0508301555258581
cares understanding,1.0490827807447358
tax,1.0485190183609316
culture,1.047890271485321
easy touch,1.0477933216131305
orgo,1.0470972963754637
study little,1.0469591914396015
book read,1.0468904354775581
highly reccomend,1.0459481769293526
assigned readings,1.04528681786286
hours email,1.0446444575575073
sure knew,1.044500673373284
gives advice,1.0444853665497718
multiple opportunities,1.0423569808316129
frank,1.0420458214528503
learn ton,1.0418443974993046
area,1.041402778001008
adapted,1.0411062321349418
theres weekly,1.040513900907647
chem,1.0402161842727264
grind,1.0396365725411894
read youll,1.039416727486721
exciting,1.0390366189281401
best chemistry,1.0377868096177232
educational,1.0375141175850244
shines,1.0371474690801095
gives amazing,1.0371314542519445
lab,1.036513810448373
credit end,1.0354523044152861
wilson,1.0339383327840788
mentor,1.0333444143801478
scott,1.033264591596286
tough study,1.0317987824657096
tremendously,1.0306945627955573
great choice,1.030501524918601
use office,1.0304731452516418
kinda,1.0304547203248713
doubts,1.0299523845053105
gave chance,1.0291541058164775
used book,1.029138341244568
answer question,1.028190856986567
knows shes,1.0275825201443958
test overall,1.0263717249650446
nice grader,1.0263289569594696
chen,1.0261953765296261
willing stay,1.0258662902832318
sweet understanding,1.025798596080545
student understand,1.0256607252501577
clinical,1.0256418623945398
hesitate ask,1.025447103176914
actually teaches,1.025017184445825
reading responses,1.0244067804933048
wish teachers,1.022577947512183
tip,1.021524961781534
critical thinking,1.021203928125083
helps learn,1.0211344898652792
tough subject,1.020974512334074
loves subject,1.0209422846633414
long turn,1.0206970734881091
ray,1.0206226342013847
order understand,1.0205860313792272
difference,1.0205153423949298
lots feedback,1.0203697733956234
gives constructive,1.0200568786306345
quizlet,1.0199341651090557
easy thing,1.0197411957092408
scholar,1.0194710829424702
osu,1.0189730513123816
nice prof,1.0185431598515453
hes helpful,1.0184083169637388
textbook required,1.0182447658700025
smith,1.018071851110858
rob,1.017790545158906
quick reply,1.0177286605740101
kindly,1.0176216592363967
spring,1.0172871598086082
different classes,1.016731175874182
advertising,1.0164178991212773
need buy,1.0156138350851989
engl,1.015526134345977
going miss,1.0151682131554407
cares gives,1.0150248567431843
great wants,1.014722043492493
fun learned,1.014564792650509
unlimited tries,1.0135209466252384
realistic,1.0134969150508963
caring respectful,1.012904439953601
pass gives,1.0123031967528657
yang,1.0116119428680512
van,1.011483041545765
reaction,1.0112053237340004
tough times,1.011116191095551
shes fun,1.0095467329931864
dive,1.0090008811930176
push,1.0089123588081916
hands,1.0087758824239552
excellent instructor,1.0086425449120713
clear concise,1.0072933111241191
nice explains,1.0068221055657993
essays total,1.005833458101566
long fine,1.004757066251821
gonzalez,1.0047077577888113
sets clear,1.004696810044875
hes understanding,1.003736436154379
extremely smart,1.0032365559381908
build,1.0032334138932852
lowest test,1.0030746003756932
turn,1.0029228383248767
explains things,1.002770691796922
nice easy,1.0025932355360818
cuz,1.0024849954152673
theyre easy,1.002456407593054
physics,1.0024073014482169
amazing took,1.0012963322224775
expects participate,1.0010516578604955
easy multiple,1.0008520225513216
job,0.9996038893447178
emails day,0.9992223378604079
sure participate,0.9987945231283505
prompt,0.9986059214766447
great helpful,0.9979234749488263
strives,0.9976905539298428
absolutely love,0.9972262192403387
loved prof,0.9972248385411684
nicest ive,0.9962396512287587
dave,0.996229729547462
person wants,0.9949820598385046
dad jokes,0.991120201886463
caring helpful,0.9910586059799682
crim,0.9908523760232106
worthwhile,0.9899757064990865
super simple,0.9898494670930968
cours,0.9897878980723941
doing readings,0.9892817938388107
incredibly interesting,0.9892561197818449
thompson,0.9891144252653267
lighthearted,0.9887466504784952
mastering,0.9884324690121543
organized clear,0.9882664753279441
hes looking,0.9879193122040302
receptive,0.9857751553648796
offered extra,0.9856681601133002
taylor,0.9846286087005522
remember,0.9842585173410222
economics,0.9840337495214462
posts notes,0.9837288029484976
ways make,0.9837057453079008
paced,0.9828039192919109
gives reviews,0.9817388342115144
richard,0.9817217060636659
reading discussion,0.9817115147091653
experiments,0.9812962462269789
absolute gem,0.9808777506692764
open feedback,0.9806038042104913
simple easy,0.979979071286856
analysis,0.9788314178745275
eye opening,0.9784705742173644
adjusts,0.978151754475643
includes,0.9779164058155402
credit exam,0.9779010790330017
hes fun,0.9777140135384353
sales,0.977641203233908
learn makes,0.9776215758100835
gives partial,0.9774769917245478
emails pretty,0.9771894481121665
things going,0.9766277861990884
career,0.9763225782652374
lecturer makes,0.9760298684545247
capstone,0.976018076480449
straight notes,0.9758171053992595
forgiving,0.9744309772112202
gordon,0.9736958560955472
structured,0.973599345553324
demonstrates,0.9735652364164268
utilize,0.9731340340846042
understanding wants,0.9716417944244756
hybrid,0.9715083892001415
pdf,0.9711530297195554
unexcused,0.9708767772118616
dreading,0.9705923508958576
better person,0.9703422964187585
curves,0.9699725346887493
handy,0.969558791875589
temple,0.9692657629877279
bit understand,0.969162933577413
understand topics,0.9688108985535034
overall liked,0.9683994696747792
job explaining,0.9678604019022246
accelerated,0.9673249713856918
overall cares,0.9670418786561332
kept engaged,0.9662365892035049
love classes,0.9659017406881846
incredibly kind,0.9656610759128963
wellbeing,0.9656435734317309
great gave,0.9654967118696818
readings fine,0.965458520066348
guy interesting,0.9651208502385109
grading rubrics,0.9650134382532756
ample,0.9647847143002607
passion subject,0.9646468995365237
simple long,0.9641762136566683
hes awesome,0.9641120557382277
respond quickly,0.963965709898608
great extremely,0.9639219430220128
justice,0.9634577551367155
zoom,0.9629042406048648
fun talk,0.9628121177273732
interests,0.9622618823672563
make boring,0.9620006992710067
textbook readings,0.9619816201917107
pay close,0.9616826299389776
answers question,0.9614876584446851
sure doing,0.9612645560151354
cares student,0.9609994990333565
stupid asking,0.9606637644900101
asset,0.9606065446798978
choir,0.9605016373541118
req,0.9599634249863623
teachers,0.959716201259751
learning experience,0.959519456474754
easy listen,0.9594182567433116
great little,0.9585651351506663
outlined,0.9581717226485175
jessica,0.9579518880966353
aside,0.9574150954703259
caught,0.9572054317805727
gen chem,0.9564029084707397
life skills,0.9553667028018967
succeeding,0.9551852400002493
captivating,0.9544105724757634
great passionate,0.953869808553162
built,0.9537185239333041
stay track,0.9533467258116228
developing,0.9526041376010645
jennifer,0.9525872984676587
actually understand,0.9525764164461837
fun way,0.9523880315557219
personalized,0.9522253414337849
test answers,0.9517461656959005
perform,0.9516977273410917
drafts,0.9512597846843729
able learn,0.9510277121311562
forth effort,0.9509134935381803
semester hes,0.9508674970518314
overcome,0.9506963896293704
end week,0.9501596634016687
discusses,0.9500023798259828
clearer,0.949559385769763
lets use,0.9488583820072465
final project,0.9482587566835264
accomplished,0.9472850868124497
numbers,0.9470154778726178
loved having,0.9467870833565395
pursue,0.9467412318332222
ethic,0.9461527911187052
papers pages,0.9455261182845454
grading long,0.9454950665142409
bit tricky,0.9451202047235797
reading heavy,0.9446514613981993
campbell,0.944444651874338
great attendance,0.9431881130305834
tell cares,0.9430303012717282
relies heavily,0.9427644471862142
knows stuff,0.9427372198898839
confident,0.9421390875307875
helpful test,0.941789028411482
sense humour,0.9413962487996886
simple way,0.9399167677762533
morris,0.9394877439740523
falling,0.9394412342696552
experienced,0.9392300896695475
learnt,0.9387682461377562
teaches content,0.9387051737672258
great taught,0.9387012019415885
great tough,0.9383130677692783
big,0.9380498938857366
gives review,0.9378567850525358
closely,0.9378184202718822
accidentally,0.9376655651970505
smart funny,0.9375682267193632
interesting learned,0.9375645465669588
adjust,0.9372188672075551
buy textbook,0.9371893050075414
positive,0.9359899553455795
slides notes,0.9356490414541282
great nice,0.9352113744354557
lots information,0.9344704648821051
notes,0.934200389632348
processes,0.9338468678595703
helping understand,0.9332747886228867
concerns,0.9331315950766913
wanted succeed,0.9330793362050347
topics easy,0.9328782690593869
based study,0.9325978523209043
recommend interested,0.9323197258135216
notes fine,0.9322509465876107
portions,0.932159655559747
bit reading,0.9311894477135807
pretty helpful,0.9306107294943905
innovative,0.9303177529023301
different perspective,0.9299904966192759
want better,0.9299336195192381
understand great,0.9295145639960998
genuinely care,0.9294904362394287
actually learned,0.9293471870280938
challenged,0.9292239195371407
easy means,0.9286034275312718
amazing lecturer,0.9284284321973091
nice makes,0.9282696749004896
easy weekly,0.928238938590688
shes amazing,0.9278602850601186
reflection,0.9276538563400593
andrew,0.9270921092303385
amazed,0.9269207844646127
essays gives,0.9266575725851314
succeed gives,0.9264504510117675
best make,0.9262760182182074
college,0.9261523634601997
ochem,0.9256185452684751
crystal clear,0.9255556805520938
performance,0.9240443977597703
free textbook,0.9239021471909692
discrete,0.9236283293321025
flexible grading,0.9231236526244706
chapter,0.9229911272326673
great tries,0.9228832856698668
understanding gave,0.9228371731421219
easy ahold,0.9223203534584513
ideas,0.9221559472137646
read syllabus,0.9213319773625424
nick,0.9210907594575409
easy especially,0.9201159127542621
happy took,0.9199546093243907
papers papers,0.9195266915325323
feedback essays,0.9188634945482125
goal,0.918806606169369
routine,0.9176157923589392
jacob,0.9174874296954885
visit,0.9174846015124987
upper level,0.9168099471501204
quiz discussion,0.9165320203115305
things interesting,0.9160887592511594
felt prepared,0.9156705350543787
need succeed,0.9137024802596647
best explain,0.9133432804163749
make enjoyable,0.9129918852811117
research paper,0.9127861624273137
cares learn,0.912272041404282
newer,0.9120058593021082
thesis,0.9111609731020478
papers,0.9111390735198347
explained,0.9109390838733263
examples make,0.9100390754135682
phone number,0.9099332871473712
discussionbased,0.9097056407375973
weekly writing,0.9094963062055547
understanding accommodating,0.9094763256453319
best accounting,0.9094169580808851
great recommend,0.9090579678284231
took classes,0.909033038158186
suck math,0.9077753075129547
workload manageable,0.9073859737594323
final optional,0.9067167158860538
classes best,0.9061633204061469
reviews test,0.9053809008231114
inside outside,0.9051357314723167
fulfill,0.9049043512512144
curveballs,0.9048214492227525
attend pass,0.9045590477053417
holds,0.9044855861227215
seriously best,0.9044442838589527
discussion based,0.9037355932469483
shes actually,0.903660600336785
lenient late,0.9022374947552501
analogies,0.9022023852841874
cse,0.9020547536926121
notes easy,0.9019334482795787
spaced,0.9017885555898235
highly suggest,0.9017515833087109
home final,0.9013514605207361
honestly say,0.9013488758701226
expect easy,0.9009109320141311
amy,0.9009017096401769
question wrong,0.9005763537668715
diverse,0.8997691646367396
limits,0.899757784396267
exam problems,0.8994632175835616
easy try,0.8987416853915496
didnt need,0.8984660291567976
clinical instructor,0.8978088577164831
understand math,0.8976663008370853
easy communicate,0.8976582594691076
gave study,0.8970868713500098
rare,0.8962332458905743
available extra,0.8957906983101839
guides,0.8957541577580859
impressed,0.8955107713738242
griffin,0.8952328724948702
wants successful,0.8950829196071596
grading expectations,0.894023976645937
best hands,0.8932384317855416
easy comprehend,0.8931588216834291
youre learning,0.8926197913617624
assigns weekly,0.8923888594476407
managed,0.8922582043310712
grading criteria,0.8913839916267822
admire,0.8911776995617078
things make,0.8905755824251459
michael,0.8905567004387278
express,0.8904573366051377
best understand,0.8902904459573576
clear cut,0.889581371327507
guy understanding,0.8895743395363908
use book,0.8889639265590972
guy overall,0.8876369508425899
hes accessible,0.8876302648180362
best decision,0.8872044951049128
foreign language,0.8871257323502016
semester wasnt,0.886595004448667
attend youll,0.8860490653852576
spanish,0.8857611120346116
supplies,0.8857567624717211
projects,0.8857546082442296
final group,0.8852431075093901
vids,0.8846134889194718
reviews exam,0.8845901860397953
simplifying,0.8835583122677476
open note,0.8834352764615248
nguyen,0.8832187328581637
skilled,0.8830639425562018
super responsive,0.883030938042328
tied,0.8825208010179139
goofy,0.8825194398398198
engaging lecturer,0.8823191789974598
theres,0.8822324012394255
topic choice,0.8814601844461228
competition,0.8806919475780685
public health,0.8806229015417705
keeps things,0.8803056102698675
great especially,0.8793417077537286
lectureheavy,0.8792608569432643
isnt necessary,0.8792290899266042
hws,0.8790408029665033
test pretty,0.878747092940829
definetly,0.8777091767221136
emails super,0.877441688722272
quiz week,0.8773420084428657
piano,0.8771923509793101
takes student,0.8765993855695909
syllabus clear,0.8765531935280163
wrong answer,0.8765373518048288
honestly favorite,0.8760930331237651
problems similar,0.8753359281920702
yall,0.8753200013577123
test problems,0.8752790471979598
surely,0.8751571172865776
great learned,0.874807843858257
share,0.8743753147424597
overall bad,0.8736580824355542
hes knowledgeable,0.8733972525609712
possibly,0.8732880090840075
taking math,0.8726394860281798
knew talking,0.8723975282930272
makes entertaining,0.8723466074330581
notes final,0.8723249292404796
busy schedule,0.8716005046537609
thoughtful feedback,0.8715679535587919
feedback overall,0.8713913367627555
usually pretty,0.8708408252469273
dan,0.8701052001926343
stats,0.8700169396272646
understand things,0.8699601938275615
paul,0.8699463540503426
extends,0.8698677140583252
couple times,0.8696470852239216
worth going,0.8690800075190593
paper group,0.8690768586048315
easy highly,0.8690692525107844
big fan,0.8678753319565338
teaches makes,0.8677686167273166
clear rubric,0.8675690522061545
ive actually,0.8672204550843053
listened,0.8670828670688255
greg,0.8668424554790342
tran,0.8665194713481685
gives best,0.8662219345443588
throughly,0.8660782886364911
likable,0.864946605005288
need test,0.8648080809441498
puts effort,0.8645669846231246
valued,0.8645640749213368
professors far,0.8645322012903421
pretty great,0.8644669066566237
pretty decent,0.8637652822527455
bubbly,0.8636672819132403
classes got,0.8635631045261601
want make,0.8635539439594845
forms,0.8633672883128152
amazing makes,0.8631333517909406
typically,0.8625190952109218
def recommend,0.8623899632928602
analytical,0.8623181805300938
makeup,0.8602250749977871
easy gives,0.859315811620347
exactly expect,0.8592471646266117
make final,0.8588444866570066
sweet wants,0.8584162365598489
interview,0.8580430189076241
promise,0.857582594681458
graded participation,0.857500435837805
explain concept,0.8568887938814164
texts,0.856756989614106
walsh,0.8567238675529613
makes point,0.8558692827964459
lauren,0.8558579642006978
activity,0.854969197359421
guide,0.8547979830916167
delivered,0.8539411823789993
brad,0.8537630868196787
actually wants,0.8533100247943614
arent mandatory,0.8531069627217851
baker,0.8522385671846564
modern,0.8519796212453986
clearly wants,0.8512831208250567
textbook textbook,0.851092190078498
guided,0.8510311065926858
explaining things,0.8509050941555938
subject teaches,0.8501782821709255
bell,0.8500917350199494
makes jokes,0.8497638514630421
knowledgeable cares,0.8496215193891411
tell wants,0.8495813621073376
understand information,0.8490844662201621
responds email,0.8490031983378336
way makes,0.8487120960456587
judge,0.8481081062635574
thing say,0.8478307702605176
concepts understand,0.8472001332954315
true gem,0.8468953362442198
safe,0.8468787923892619
guy knows,0.8465476936010272
rich,0.8462112896020301
tony,0.8456811245491851
fortunate,0.8456059873567178
acc,0.8455802876491227
accepts,0.8454868400346112
gives complete,0.8452780170119594
vital,0.8451643652705499
follow rubrics,0.845122753711788
excellent feedback,0.8448964901102413
philosophical,0.8437766889504498
takes little,0.8437726570090012
hesitation,0.8435927426668741
credit given,0.8435502273008817
hes kind,0.8429757478735751
make learn,0.842953948097884
willing meet,0.8429174895286707
great office,0.8427672636137051
lots fun,0.8424113515749767
rick,0.8418268526961797
pretty easily,0.8417281031727573
bomb,0.8412325855179991
plenty complete,0.8410150021263006
allaround,0.8409261683827383
issue,0.8406026968802327
quiz midterm,0.840521178919803
profe,0.8397312741333809
helpful willing,0.8394091943926077
listen says,0.8389911643871306
tells stories,0.8389368391402234
deaf,0.8388113103672032
cares goes,0.8387318690772824
depending,0.8381960496208338
amazing feedback,0.8381225753666847
psyc,0.8381005537772038
alongside,0.8380209091008011
clear notes,0.8377881538096107
pursuing,0.8376640599739116
classes hes,0.8369105529271478
saturday,0.8366703478595311
firm,0.8366307949211638
cultures,0.8359030887686391
learn recommend,0.8356289612186106
yoga,0.83504894545956
felt comfortable,0.8348726679549386
tricks,0.8346651906087886
making easier,0.8344114109230509
theres final,0.83398265756635
attention fine,0.8337168898232191
written assignment,0.833639854874054
lots practice,0.8330140345633734
kept interesting,0.8327448139986308
ubc,0.8326501690956718
isnt graded,0.8323690979979103
need professors,0.8323117378269125
pass test,0.8321426880588816
review notes,0.8317659247329793
book easy,0.8317611280626142
ask,0.8315439878342116
things easier,0.8313464684910464
clear organized,0.8310425603146475
study slides,0.8305513738619598
pass flying,0.8304572738122441
basically gives,0.8299935547267312
med,0.8288843918459541
interesting discussions,0.8278841616906598
seek,0.8278651633313806
kindest professors,0.8276420618175779
short essay,0.8270687603375865
uses textbook,0.8265305237212642
got wrong,0.8265265371800213
understand materials,0.8264099025496626
provides helpful,0.826183134191445
advocate,0.8261651378615077
approaches,0.8261269450465758
assignment test,0.8261210227890793
hes bit,0.8256510687797207
honestly bad,0.8253314863057734
giving speeches,0.825050719265801
starting,0.824924454836349
emily,0.8247436067506223
clearly,0.8239105595672902
learning new,0.8236822961630345
feedback assignment,0.8234326134684449
week exam,0.8231146500447413
boosted,0.8223539275877244
things learn,0.8221132698603668
best science,0.8220059166666962
takehome,0.8217002037040567
hes willing,0.8216574424224842
outside box,0.8216272886200295
easy answers,0.8206135128646941
advantage office,0.8205581454038968
breath,0.8204145038902622
learned recommend,0.8203548285624659
feedbacks,0.8199328626570591
study youll,0.8198314147503749
feedback understanding,0.8196855806019325
sooner,0.8196504869645032
ross,0.819637284571367
artistic,0.8190994140583718
final page,0.8187359455050579
easy gave,0.8187340074686275
come prepared,0.818629047825288
makes boring,0.8184204912182484
multiple extra,0.8183516248788798
cares doing,0.8183096593120662
chad,0.8179543222411138
important things,0.8178552067731312
short essays,0.8177757184505244
relaxing,0.817554895895991
concepts easier,0.8174768022446379
jeff,0.8172243150434219
attendance taken,0.8163805293142096
printing,0.8159848788351156
valuable information,0.8152902449603564
understanding definitely,0.8150283484363178
lots,0.8143821131451466
ive math,0.8140700520411428
readings,0.8140027796503398
test score,0.8139626538289042
teaches things,0.8136292280941706
easy participation,0.813585554515475
better writing,0.8135636384668039
things pretty,0.812992599025971
econometrics,0.8125949386912922
best school,0.812482247121583
personality makes,0.8121014096492835
notes youll,0.8120415480068321
discussion heavy,0.811581626201186
reminded,0.8114666548327678
best semester,0.8112714300188998
require attendance,0.8111031589968307
week attendance,0.8106191950277727
semester overall,0.810032367073665
shows,0.8099282382607595
andy,0.8094837023589615
short easy,0.8094151316528428
facilitates,0.809407115131074
ive,0.8092935415056668
philosophy,0.8089039019620917
makes laugh,0.8085184631494766
great tell,0.807634582269961
classes learned,0.8061415834438033
similar actual,0.8055108815341748
manages,0.8053789447426761
analyze,0.8045736842153328
boring interesting,0.8044773533984757
review,0.804413356978701
realized,0.8041123363606159
fun prof,0.8040270401572011
taking need,0.8039152686381745
makes content,0.8039090707421661
usually,0.8036627038340408
guy easy,0.8035131114916997
best history,0.8032274442049663
extremely flexible,0.8031983316243382
reading youll,0.8028154511880022
gave extensions,0.8025371794933267
gives chance,0.8023073770740867
things late,0.8018246613591902
responded,0.8017802768627565
language,0.8014863586089428
prep,0.8004481613684788
genius,0.8001090092246088
insight,0.7992968789980568
actual exam,0.7992268210183991
understanding person,0.7991879918081121
gave helpful,0.7990730258087894
expertise,0.7988093519143386
explains thoroughly,0.7984856187602131
workshop,0.7982978965079134
easiest classes,0.7979625862844085
effective,0.7974820009016272
shes flexible,0.7968337879067741
truly best,0.7967117170114172
levels,0.7965652192056313
teaches easy,0.7965087119730866
amazing cares,0.7964195631774639
wellstructured,0.7963179995354498
mis,0.7958060644336891
encourages discussion,0.7957975261320789
chapters textbook,0.7957215427293178
incredibly intelligent,0.7953819825316797
japanese,0.7953681346517868
hate english,0.794867830368312
courses,0.7943920703246165
josh,0.7943213771827491
workshops,0.7942439334350525
cares recommend,0.7941894586912039
wasnt mandatory,0.7938815457976638
han,0.7938373137601014
answered,0.7938144024710327
study sessions,0.7934398244084937
acknowledges,0.7934186963695327
notch,0.7929016975561204
quizlets,0.792757498388619
robinson,0.792746375700009
hell make,0.7927346902669108
professors campus,0.7926642347977886
theres midterm,0.7925337622644373
gives need,0.7921704089316761
easy review,0.7919890133355201
goals,0.7919747937280813
helpful lab,0.7911900390325514
overwhelm,0.7909029968347496
interesting possible,0.7904000234704861
week test,0.7902793895424968
shes open,0.7900634665008436
took prof,0.7896150187073325
supports,0.7895055435112109
pretty strict,0.7893195414968077
left feeling,0.7892906137033481
patience,0.788129908766248
write better,0.7880006553500419
surprised,0.787798680304437
best person,0.7875486502506144
interesting definitely,0.7874577737028534
study powerpoints,0.7871606034332939
helpful comes,0.7863829994728374
amazing clear,0.7862689787753626
stress free,0.7858892699420954
isnt afraid,0.7857091483295031
stay things,0.7855537279313138
lenient dates,0.7855429436790975
things simple,0.7853217513312492
sure understands,0.7851540536813948
shes incredibly,0.7848632381669718
lec,0.7835200372615071
need extension,0.7833382856512888
prepare exam,0.7832881848114404
summer easy,0.7831589308623798
makes accessible,0.7830162027638917
motivate,0.7830140409681983
test quiz,0.7826163059957814
uses examples,0.7824540403678931
pretty standard,0.7811028020740916
hours great,0.7810617807198921
actually pretty,0.7807927263698434
second semester,0.7805732609307022
semesters,0.7803976552160166
pass easy,0.7802962617121749
isnt required,0.7801246635464049
points overall,0.7799682328398024
reflection papers,0.7798474041280087
friendly approachable,0.7789321678752356
participation important,0.7783756223894442
decent,0.7764152165719649
definitely tough,0.7751398055682706
notes pay,0.7750940027338646
double spaced,0.7750228437584535
tougher,0.7750148635776719
conferences,0.774907163192991
lab fun,0.7746720287874241
fiction,0.7745714804230875
gives weeks,0.7743423007909918
willing talk,0.7738608471113922
kind respectful,0.7733819086315062
second half,0.7730029560560514
played,0.7725507851127831
extremely funny,0.7718831614107705
kim,0.7714163773207221
zhang,0.771261575651093
overwhelmed,0.7711410555147458
cared wanted,0.77079433349396
power points,0.7705820318557831
society,0.7704069840311322
readings short,0.7703747219333759
super lenient,0.7703370989767889
participation key,0.7699138475481316
grader helpful,0.7690452307031885
ways understand,0.7687319930927392
took summer,0.7687208663672577
sullivan,0.7686050682599939
tie,0.7685914688718066
dance,0.7681738299188317
knowledgeable kind,0.7676573106569228
classes enjoyable,0.767285244061551
plenty opportunities,0.7672237511183272
weekly videos,0.7671180508441652
graded harshly,0.7670565294683124
helped improve,0.7670013635838971
ability teach,0.7667439424184631
creates,0.7661620032147638
say best,0.76613907686526
worked make,0.7658024373146106
diaz,0.7657663538178403
algorithms,0.765297140687311
justin,0.7642576854312534
clear gives,0.7641634317085932
sets,0.764141751331781
great highly,0.7639120120425381
organizational,0.7632960191949892
collins,0.7631657567797748
cumulative,0.7628734015049937
enjoyed going,0.7619660263155535
provides study,0.7615736548099131
great willing,0.7613719719116344
promotes,0.7609911041515596
type person,0.7600734167730799
stephen,0.7599186858271583
hes available,0.7598210544055868
provides information,0.7597827211970113
attend notes,0.7593397371495453
teams,0.7590847585852164
honestly pretty,0.7587850823921264
readily,0.7587491658473569
experiment,0.7582451107762797
goes depth,0.7580827248746985
choice,0.7577437358015295
extra credits,0.7576884980912844
assignment discussion,0.7575563749487845
great definitely,0.7574639274189282
discussing,0.7574524576661741
hes happy,0.7570356998556513
brings guest,0.7556551571051066
emails promptly,0.755552558473186
prioritizes,0.7554292294080063
acct,0.7553776565013998
presentation,0.7553521838298805
primary,0.7553090306162091
pass understand,0.7545595009733834
sure answer,0.7543057448181479
credit showing,0.753634721091861
reward,0.7535563815037009
definitely classes,0.753495201693935
wouldnt say,0.7531847568588722
people want,0.7526830232612733
great interesting,0.7526300978473596
korean,0.7523994505647549
subject interesting,0.7521836184622303
learned definitely,0.7520632318969799
wang,0.7520352724041411
east,0.7516263064705427
worries,0.7511180591743124
answer explain,0.7503684905457394
shell,0.7501301945056089
person gives,0.7500768199653468
definitely wants,0.7500639166355695
current events,0.7500339991833266
engaging fun,0.7498767437698605
information needed,0.7496693027884787
scenarios,0.7495221664129684
workload isnt,0.7491963242430516
study review,0.7489736775150598
recorded,0.7489573425137495
based completion,0.7488426341898722
feedback helped,0.7487354361945517
super smart,0.748615139102092
improve,0.748600400375095
flying colors,0.7485368856281912
book isnt,0.7484696966089934
martin,0.7479586653337696
presentation end,0.7477790098926773
concepts way,0.7476040449340566
types,0.7475181875655296
personal level,0.7475179245411848
use study,0.7468849372466881
knowledgeable gives,0.7467557085794623
fisher,0.7464938997486555
definitely study,0.7464840527948223
continue,0.7462539006832333
gentle,0.7459293787669844
supported,0.7458478011224196
ready participate,0.7457575198739456
skimming,0.7457030062069746
nice super,0.7450257800157016
pretty quick,0.7448344329415171
fun group,0.7447360675095518
study notes,0.744730291368448
gives thorough,0.7441790163218678
mainly,0.743920475937235
roberts,0.7438256108458596
remembering,0.7432731445364233
sure need,0.7430882651259852
final fair,0.7429773326768534
mandatory gives,0.7423818348709029
garcia,0.742319440827499
calculation,0.7420031351846874
things graded,0.7418881704172796
makes classes,0.7417990030934205
long interesting,0.7415793756656986
helpful gave,0.7411086147570534
mais,0.7402902091298624
sam,0.7401843255172916
study practice,0.7394934452447289
readings notes,0.7393490726287116
excellent job,0.7390071249011249
life easier,0.7380931497990174
slower,0.7378242420871721
study powerpoint,0.737759117586371
pleasure taking,0.7376619581120695
bar,0.7375800193704777
participation graded,0.7372540353292251
notes powerpoints,0.7370761338777047
instructors ive,0.736770723735928
brief,0.7367257565260867
reasonable grader,0.736403086045239
laugh,0.7360565061251187
passionate wants,0.7358420793372189
second ive,0.7356389515127877
created,0.7356168263747876
prelab,0.7354691588818338
classes engaging,0.7353598018733688
couple papers,0.7344566291151986
notes slides,0.7333276944147679
weeks complete,0.7330457865865864
alex,0.7329740494169965
microeconomics,0.7328331042910122
hours definitely,0.7327515730575976
overall nice,0.7326767779525925
clear need,0.7324268219989196
final portfolio,0.7323730977402947
textbook mandatory,0.7322858322458727
took week,0.732245160254782
april,0.732220372013946
guide test,0.7318896940987861
attention read,0.7314675680662838
ask better,0.7314081785378858
best understanding,0.7303141295724829
overall amazing,0.7303020548337178
easy stay,0.7302259149084757
overall fair,0.7301195180033874
extremely passionate,0.7295792524203981
field trip,0.729561463150622
past semester,0.7293442199857844
recommends,0.7289541137278209
actually try,0.7288574484054053
day week,0.7286989941490594
genuinely cared,0.7286423650201372
need need,0.7284948902539079
week need,0.7280226512665399
finance,0.727874515323488
understanding great,0.7275166718069115
absorb,0.7274368083055465
easy approach,0.72741939649664
understand willing,0.7273916191116515
versed,0.7273646275852129
grading scale,0.7272376025605848
tell hes,0.7269144896791723
rlly,0.7267601883594226
cares need,0.7264309481885292
interviews,0.7263956632908143
allison,0.7263284454363578
courses taken,0.7262832531489924
robert,0.7259156352525016
think people,0.7253332169602231
clear understandable,0.7253326601991046
different professors,0.724795558502208
overall caring,0.724426824637899
best prof,0.7243136693997122
smile,0.7242768728962322
connections,0.7239907877710422
recommend want,0.7239674422236839
notes understand,0.7239672053396347
oriented,0.723907844417043
cares wellbeing,0.7231033092085163
read pass,0.7226675395717093
personally didnt,0.7225165188939604
fyi,0.7224861825671262
kind tough,0.7219958625847699
subject,0.7218548081361019
gives useful,0.721849090054421
goes,0.7214447825408872
didnt final,0.7214428379530273
equally,0.719911880663161
classwork,0.7198611332851996
willing ask,0.7198090741594912
demonstrations,0.7190927183623909
email quickly,0.7190503784698881
caring gives,0.7180281335270042
polite,0.7179522085951597
module,0.7178597770798166
applies,0.7174823959646799
ask feedback,0.7174498851754434
contract,0.7173385111927679
replies emails,0.717187230816457
willing outside,0.7170527964642968
notebook,0.7168881726990686
guest speakers,0.7162261314352669
impacted,0.7156652028036218
prof definitely,0.7154502889383967
easy navigate,0.7153943861102523
team,0.7152131781144694
save money,0.7151502620543865
jeopardy,0.7145869848884482
taking best,0.7139635273883357
religions,0.7139011946128797
vhl,0.7138941503823978
explanatory,0.7134403441403767
memes,0.7131405164471157
hours overall,0.7131352707683603
knows exactly,0.712883507832248
credit makes,0.7124843664295301
open book,0.7124328483227623
posts easy,0.7123435435910037
approachable willing,0.7122876529009875
recommendation,0.7119527467786059
usc,0.7117818048344755
hot,0.7116856535305752
consists weekly,0.7114888895886331
econ,0.7113950404221393
jason,0.7101424829670426
amber,0.7100030871348594
tell genuinely,0.7095589433087877
shes accessible,0.7095267994598154
snacks,0.7094857667149769
ece,0.7094559309756304
complex concepts,0.709397558609395
labs fun,0.708608962448702
courtney,0.7082814397766528
easy exam,0.7082077600339621
walked away,0.7080060794639648
definitely learned,0.7076914434022366
weekly final,0.707545839465502
codes,0.7075217313401504
natural,0.707432371440536
makes understandable,0.7073308672605517
impact,0.7067446484499981
learn subject,0.7066413931394641
nice clear,0.7062943867593322
exam quiz,0.7062823161579356
topics interesting,0.7061059968850676
nicest guy,0.706003812433491
great giving,0.7056458882652736
currently taking,0.7055047647093358
interact,0.7050469633747078
need notes,0.7049650842763304
person cares,0.7049091057264197
enjoyed recommend,0.704120843539095
resourceful,0.7040844680146378
silly,0.703893157162468
discussion question,0.7036973582606472
ali,0.7035998343975683
psu,0.702387934344607
week papers,0.7018741762245776
topics discussed,0.7013320483535443
writing heavy,0.701321659812945
exceptionally,0.7012874753239305
takes attendance,0.70097034223907
providing,0.7009369323549717
heather,0.7008494120762461
hilarious makes,0.7003335273465129
isnt easy,0.6999903034864409
efficient,0.6997322143314002
zoom meetings,0.699283392006223
test corrections,0.6991322891870368
post week,0.6989729786742382
sure complete,0.6989720093111549
participation group,0.6989404924426221
kinds,0.6988753513869137
brother,0.6988104715007762
checks,0.698803860228712
personally think,0.6988026973156634
basics,0.6987684726951222
loved style,0.6982854295776411
absolutely wonderful,0.697872126448552
artist,0.6975884384834811
nerd,0.6974735735329068
overall highly,0.6974437998608743
makes pretty,0.6973731402583425
crack,0.6973562465024521
volunteer,0.6969099576730446
mandatory recommend,0.6967486481200539
paper presentation,0.6966108264561544
things say,0.6964100151851083
great style,0.6963591804981029
solo,0.6957074037965547
retakes,0.6954890767972169
nichols,0.6952783221190155
need gives,0.6950306980278158
earlier,0.6948307230222616
willing effort,0.6947502789534737
effort gives,0.6941323923862865
dropped final,0.6939251806922141
loss,0.6936283792562162
credit final,0.693453139525559
letters,0.6934315274454502
tom,0.6930935505662452
jackson,0.6927183566044636
fiu,0.6921383532500459
hope future,0.692067234634345
makes funny,0.6920165520082775
understanding gives,0.6915855473485675
flash,0.6915846070847549
test scores,0.6915383848163573
guest lecturers,0.690661257037096
discussion post,0.6904732912173506
safety,0.6900054870033032
love man,0.6899352823324679
kate,0.6898212638741792
interesting super,0.6898120019279285
giving extra,0.6897044736726963
super accommodating,0.689514605403025
ensuring,0.6894958960902879
photography,0.6894441181431544
shes pretty,0.6892917154925462
notes clear,0.6892545111285296
clearly laid,0.6889019708908546
resources succeed,0.6886070458060124
sweetest professors,0.6884091276691842
sweet funny,0.6877035705432913
reading involved,0.687607085950294
relationship,0.68752775807751
participation marks,0.6873602220841206
interesting make,0.6871270340038184
wants improve,0.6870862084187659
brooke,0.6867420400077783
need successful,0.6867370111082935
notes test,0.6867280298171707
jess,0.6863410334333196
best instructor,0.6863051272432994
college algebra,0.6859974540779569
cares makes,0.6854230902934861
definitely make,0.6852459415100633
watson,0.6852303221416355
hour week,0.6847110751315272
long write,0.684109700808373
hours helped,0.6833465651127802
skip wont,0.683307583332469
delivers,0.6829697959902976
overall chill,0.6824772134425685
shes happy,0.6823259740760429
helpful cares,0.6821033397819581
cell,0.68198550152205
hes tough,0.6819282057680539
walker,0.681918512940716
provides feedback,0.6813874221508142
assignment quiz,0.6813023416597394
enjoyed style,0.6812623399147466
valuable feedback,0.6812189170276038
got final,0.6810580268010441
dream,0.6808595536917286
paper write,0.6808167882980876
actually helpful,0.6807499383632543
caring tell,0.6807316280621171
industry experience,0.6805163495408414
credit available,0.6793056344747194
hearing,0.6792501894358175
skills,0.6789910766764412
super passionate,0.6788827197839362
study outside,0.6788432147727328
easy participate,0.6785168951196544
grading clear,0.6781308159659413
biol,0.6781171958237133
understanding comes,0.6774805153281482
python,0.6771572481691089
motivational,0.6769012786011953
different things,0.6765699861375207
amazingly,0.6765483420151063
perez,0.6765176749869924
passionate job,0.6753612328302552
fall love,0.6752821059420531
developed,0.6748314102377856
fun engaging,0.6741991888212672
review test,0.6739332289679577
week summer,0.6731526792211172
fair clear,0.6730523283194804
heart beat,0.6729832881580338
papers make,0.6728151218319938
differential,0.6726742657448032
keeps interesting,0.6724357611427038
youre prepared,0.672075792599815
oral,0.6715687444879226
bailey,0.6710757371249789
thoroughly enjoyed,0.6707843639241277
helpful kind,0.6703531158439825
participate discussions,0.6699561262183871
learn need,0.6698064357289001
styles,0.6693723710305362
great fun,0.6692588247954306
overall recommend,0.6692007559341309
outside hours,0.6687798443802822
gives tons,0.6687199354519349
profs ive,0.6686525400311055
sci,0.6682311567757926
learning fun,0.6681679208684911
nice recommend,0.6680272547829633
pharmacology,0.6674543864474624
solve problem,0.6674167983395838
keeps real,0.6663326550949691
based readings,0.6660634593272134
passionate topic,0.6660483261507613
slides slides,0.6657991416165284
youll fine,0.665570976036352
podcast,0.6655365251986873
organizes,0.6654523592268473
corona,0.6652608046433154
based group,0.665074479726746
templates,0.6648809157637303
hey,0.6647720717861005
interesting clear,0.6647137922820361
credit wants,0.6646433533901019
graded pretty,0.6644560857370191
involves,0.6638108913035875
museum,0.6637565280198764
way learn,0.6637313302228204
great boring,0.6636795686702308
makes effort,0.6635954862116054
final research,0.663354582351571
discussion board,0.6632160193752159
available needed,0.663125507546482
writing easy,0.6630682734934755
async,0.6629311917873021
going office,0.6628261827063456
favorite prof,0.6627404281700741
semester make,0.662481888227768
lots writing,0.6621886665679841
reflects,0.6619336713035641
ive taken,0.6613465697051392
classes pretty,0.6612497148102789
primarily,0.6611831354550982
enhance,0.6610731799561413
knowledge experience,0.6609900562787121
helpful nice,0.6609224871693953
explains way,0.6609163365672138
taken courses,0.6606974742769909
balanced,0.6603208241219795
cares hes,0.6602352168826459
lol,0.6602097882452617
bad make,0.66012502001699
history classes,0.65997283860838
ramirez,0.6599290617277597
lucky,0.6597740880060654
cares learning,0.6596425143909201
megan,0.6596366357703416
responds quick,0.6588323313099881
papers group,0.6586566442308419
learn gives,0.658651112598074
subjects,0.6584589343589293
recording,0.6583437218265792
super personable,0.6582272610916383
papers arent,0.6580508506269673
clearly outlined,0.6580169877576587
read easy,0.6578647922156557
thorough feedback,0.6577140494431113
college writing,0.6577130517452624
tries engage,0.6576073414122537
pretty funny,0.6569558597967883
stories tell,0.6568821244315557
office hour,0.6566974974694498
laura,0.656664331979506
long ask,0.6565353949946247
regularly,0.6564614970574149
award,0.655895868629701
ancient,0.655869749877961
kind easy,0.6558635981359121
week weeks,0.6554212322250619
relations,0.6553361168485319
final super,0.6551554714056427
transition,0.6551287448720403
useful feedback,0.6550563012740995
bit confusing,0.6550231132297765
life situations,0.6546249931498616
seminars,0.6543924954599559
specific things,0.6543547977179478
learn study,0.6542400503617148
actively,0.6537427160640598
great hes,0.6536866742803351
scientific,0.6536346966827075
mother,0.6535344044068713
york,0.6534594905666476
finds ways,0.652743350920518
nicest people,0.6525898640638963
sure make,0.652211154805914
pretty laid,0.6522103080987355
cards,0.6517592174189313
recommend need,0.6509763071839434
taking person,0.6506333582428941
guy loves,0.6503976944703381
isnt heavy,0.6503355647329566
great fair,0.6499597362011464
outside email,0.6496906073732641
cares classes,0.6496147399303773
paper semester,0.6493769638274396
fun activities,0.6492892820697342
understand highly,0.6490081033213914
caring makes,0.6488984300276347
funny understanding,0.6484356832414252
role model,0.6480578496945847
point slides,0.6480310206587135
paper final,0.6475816194820218
literally favorite,0.646952153732617
doc,0.6469067853247111
amazing prof,0.6464299495340806
textbook helpful,0.6459131708514998
review slides,0.6442536108853685
multiple choice,0.6441224535119446
walking,0.6440078883542386
goes examples,0.6439238864585708
funny gives,0.6438449264310331
mathematics,0.6437403570082616
turn assignment,0.6436593315422605
reference,0.6431384010730677
extraordinary,0.6430215080101922
bought,0.6428410572169656
actually enjoy,0.642732255445651
youll easily,0.642635480352781
classes taken,0.6424702841234129
stronger,0.6421453969820671
friendly helpful,0.6419368054418111
tries,0.6419263802152088
super great,0.641394773193255
credit offered,0.6413803849327205
professors semester,0.6411475944865739
classes future,0.6411052773587315
actually learn,0.6407638736643133
semester long,0.640203281178948
understanding especially,0.6398186944097991
ben,0.6394545208722509
chef,0.639424280811652
sure gets,0.6392952972599868
learning language,0.6390984735487608
wealth knowledge,0.6390944652648975
utilizes,0.6388556058699777
love shes,0.6388397221920855
follow grading,0.6386192287418737
provided extra,0.6385090854055498
shes chill,0.6382334862741399
enjoyed classes,0.6381241187754706
hours willing,0.6377632412397437
grading fair,0.6375390968619133
charming,0.6372400997838219
art history,0.6372054201050747
week discussion,0.6370660889882355
painless,0.6370471257321763
green,0.6369157216505993
leader,0.6360701802531499
gives hints,0.6356601005381269
actually read,0.6353569052850228
history,0.6353175021388894
effort youll,0.6351878662909731
circuits,0.6350777248374925
understands student,0.6350026037961767
great funny,0.634974604364218
youll problem,0.6345939912049956
probably nicest,0.634423211449056
gave plenty,0.6341168407337181
great discussion,0.6341057740064824
chapter week,0.63398643885254
final paper,0.6338845957889726
shes caring,0.6336240330428529
humans,0.6333927026377255
picked,0.6328270542073946
gives lots,0.632543714548951
participation easy,0.6323677180305458
david,0.6323176560805156
passable,0.6321918646720904
experience field,0.6321637152942325
youre trying,0.6321390153766825
youll able,0.6316517390785849
need write,0.6316316962214694
negative,0.6313421089647052
tries explain,0.6307721693106927
submit,0.6303029664918804
easy hold,0.6300711780312531
credit points,0.629884079885353
papers participation,0.629852583564017
gave amazing,0.6293877379001487
understand recommend,0.6290239139889611
instructions vague,0.6288878871609243
tools need,0.6285479788939373
amazing gives,0.628091653382056
melissa,0.6279935531272793
jones,0.6276007516527091
chavez,0.6275836190403168
lasted,0.6275820769210723
land,0.6273343531834126
classes taught,0.6271818001328653
understanding professors,0.6269885369068026
involve,0.6257587443551361
need willing,0.6256844045986149
kind makes,0.6256210094679461
sure stay,0.6254148779577222
interacting,0.6253715214468759
funny caring,0.6251953217308924
loved way,0.6240435378356389
book required,0.6237301504213568
notes says,0.6229305856735771
fosters,0.6229132403828157
study pass,0.6228884763735754
liz,0.6228294217428446
guy passionate,0.6227442368938059
group final,0.6227288130433092
youll want,0.6226981598035016
slides need,0.6224865227451106
caring tries,0.6223338677635666
week midterm,0.6222537011217727
amazing knows,0.6218146145113078
complex topics,0.6214299882975762
shes cool,0.6207832828897905
face face,0.6207327743891617
easy definitely,0.6207032056029455
best campus,0.6205478873709548
johnson,0.6202991751614019
sincerely,0.6199928555850547
interesting lots,0.6197655682361153
things gives,0.6197631628961758
additional,0.61954592280432
make better,0.6190365902483532
project midterm,0.6187574669739544
overall definitely,0.618138553058739
english ive,0.6180509962280245
devoted,0.617302255017881
based papers,0.6168053895784897
drops,0.6165618971415688
free points,0.6161709658078814
pass definitely,0.6160807468891935
helps prepare,0.615997452798433
pass long,0.6157629498182868
youre guaranteed,0.6154189221128118
job breaking,0.6150625456357669
nice pretty,0.6149792319435305
study easy,0.6149670862280501
simpler,0.6149381440319206
great available,0.6148416604065939
tricky,0.6148166996458427
extremely fun,0.6148067528767316
math fun,0.6147971089952661
loved learned,0.6145025749757429
podcasts,0.6135661084271659
history interesting,0.6134049194849044
matters,0.6130180366845073
willing feedback,0.6128200186709035
visuals,0.6127350891825565
originally,0.612586823072507
forums,0.6124678773479451
assigned reading,0.61235026033549
helps way,0.6117938447714681
achievable,0.6117921324038279
psychology,0.6117700442553486
discussions fun,0.6117026122454993
shape,0.6107839067323001
preparing,0.6100152791980491
interesting long,0.6094423872924304
precise,0.6094110604595407
derivations,0.6091575309347247
professors cares,0.6089335594009266
exam extra,0.6088962232251035
definitely taking,0.6088662861283675
virtual,0.6087159754827002
cares extremely,0.6085797736367918
alive,0.6083849368394616
internships,0.6080436802912378
people understand,0.6079121232640913
pop culture,0.6077631615389523
information given,0.6074579030739062
criteria clear,0.6073420904059597
sure prepared,0.6068448000652138
nice wants,0.6067373061679624
based powerpoints,0.6067117928976055
theres quiz,0.6066102035409364
participation matters,0.6064518286932647
cooper,0.606375764822357
super fair,0.6061330316987147
things says,0.6059207075618738
martinez,0.6056081926022299
nice gave,0.6054984062808744
semester taking,0.6049897104998023
willing long,0.6048996074389936
chapter reading,0.6046732419352727
need purchase,0.6046707375564874
sure notes,0.6045893721962032
encourages ask,0.6043089624285028
easy youre,0.604279354726491
encourages participation,0.6041233489786028
cares education,0.604060311417272
actually took,0.6037070843248187
sure page,0.6032531127680415
marketing,0.6030012246904924
provided feedback,0.6028954789356951
professional,0.6028871609248883
interacts,0.602677978253743
liu,0.6024636898274742
daniel,0.6023345990145487
punctual,0.6021729948720843
safe space,0.6019346167285361
doubt best,0.6017920294157817
relevant,0.6015074193968114
professors teach,0.6009346067922707
timely feedback,0.6008939136749232
enjoyed having,0.6007669374436434
understanding makes,0.6006847420707033
make effort,0.6003523819791904
plenty resources,0.6000011351534638
semester cares,0.5997443041880604
understanding clear,0.5997328937764772
final exam,0.5994298527197841
learn highly,0.5992834441569952
surprisingly,0.5990401597527255
forever respond,0.5988534993863546
struggled math,0.5985770773041492
synchronous,0.5984920956764749
great organized,0.5977768594380058
bio lab,0.5977105467484943
great provides,0.5976197871249693
sessions,0.5975586770227036
definitely chance,0.5973943407731102
books,0.5970569212147029
raised,0.5970551613330404
easy nice,0.5968607716214358
helpful needed,0.5967012331793098
corrections,0.596468246083021
rooms,0.5964652707848211
super flexible,0.5961095790981621
million times,0.5959938526469687
improved writing,0.5954513281158283
film,0.5952918438623646
evening,0.5952908091404153
wants best,0.5949735065752833
articulate,0.5945762274285257
absolute favorite,0.5945172534190561
wants better,0.5943782040470504
noticed,0.594198097757665
hes great,0.5941217313630316
nursing,0.5938934320571011
michelle,0.5936122546773368
english teachers,0.5935595674499881
guides test,0.5934227349109736
access code,0.5933911348942239
taking chance,0.5933072774720527
production,0.5929541660339577
simply amazing,0.5925420517057451
education,0.5923591007639182
things wrong,0.5921952510001328
willingness,0.5921761502209715
hours extra,0.5920630963670276
guy genuinely,0.5920510657327307
teaches clearly,0.5920284534331318
engaging informative,0.5919995705361816
gives exam,0.5914198427400724
professors university,0.5913829330368627
interesting attendance,0.5912313177069459
weekly based,0.5911650988798338
clear grading,0.5908795835926375
week easy,0.5908089245647096
lab instructor,0.5901854116762317
challenge,0.5896678808722498
professors taken,0.5893381373964391
sunday,0.5893086069177583
hes got,0.5885559817957116
fantastic instructor,0.5885463755256207
whats expected,0.5883143279719856
straightforward long,0.5877360577611049
weekly readings,0.5877104533304776
final long,0.5876094633871788
process,0.5872873144650967
ive hes,0.5868694338292499
weekly midterm,0.586651248517942
concept,0.5866013222383475
provides lots,0.5865986253936785
demos,0.5864651602059112
machine learning,0.586179578090715
easy literally,0.5861154700435685
participate fine,0.5856856099662884
make mistakes,0.5855212722926345
able make,0.5846321625061288
readily available,0.5846241979911534
extra office,0.5843085366589259
hcc,0.5837215056381264
responsive emails,0.5836975132284653
fun interactive,0.5835798406367368
grad school,0.5835213793844046
different perspectives,0.5835197159769627
great enjoyed,0.583131723929567
short paper,0.582892744102491
copy paste,0.582810011696157
lots notes,0.5827631656783311
law enforcement,0.5827060578026962
enforcement,0.5827060578026962
available email,0.5827043607960213
test come,0.5826318098538565
interesting weekly,0.5825893390406037
hes real,0.5821562334386824
require,0.5821192907430555
remembered,0.5821048641081931
awesome gives,0.5820239219455756
vast,0.581870271828006
overall hes,0.5816905682517773
criminology,0.581498674481538
easy reach,0.5813181989936825
understand content,0.5811644228781995
emails quick,0.5809570916759806
helpful recommend,0.5808941370629583
study want,0.580642683822732
able teach,0.5805820932664962
enjoyed prof,0.5805126843839529
curve end,0.5803911737746399
remote,0.5802218093546853
mba,0.5802183428410075
katie,0.5800638526241673
term,0.5799328986950938
taking great,0.5797436524412656
reading,0.5788698384636867
come participate,0.5788485757336089
design,0.5786258094210616
effort care,0.5783466775827271
understanding issues,0.5782312288453251
contains,0.5779774055752543
clear point,0.5777202506106024
truly cared,0.5775104666487362
resource,0.5774536800948366
easy explains,0.577194744096887
prof ive,0.5763176624135434
forward attending,0.5762937980599429
feedback available,0.5761722601671447
international,0.5761077135814012
clarifications,0.5758027994619048
replied emails,0.5756269529970862
videos notes,0.5755926633800352
divided,0.5754681594595912
stayed,0.5753082420231805
lots experience,0.5752595427993282
introducing,0.5744535900566935
cares long,0.5743713617998122
grasp concepts,0.5738978627262163
understanding super,0.5736605763578156
skipping,0.5733825066239591
youll enjoy,0.5733092328693086
understanding ive,0.5730944224690212
information easy,0.5729901623851062
areas,0.5727736416732823
groups,0.5722347249765177
life happens,0.5722026779830169
wish couldve,0.572111390279859
try participate,0.5718152489946633
motivating,0.5716059318491541
overall pretty,0.571499830075508
international student,0.5714708439991483
guides exactly,0.5708001866441952
similar practice,0.5707916690700775
love love,0.570688375256991
queens,0.570441922782218
fair marker,0.570391899890228
understanding guy,0.5700166246578505
understand concepts,0.5698307652677106
change major,0.5695354202935486
makes look,0.5694199732831349
dual enrollment,0.569036800876482
math easy,0.5689682903934217
life experience,0.5686949714919846
credit study,0.5685000323944812
understanding funny,0.5684208487080612
willing gives,0.5683907900736173
single student,0.56814708591038
teaches shows,0.5681133023136651
media,0.5678200373545323
reports,0.5676226852293936
come directly,0.5675162390697771
shes available,0.5674951436990372
missed classes,0.5673587041755693
vocabulary,0.567269316190286
reading long,0.5671690979642687
smile face,0.5668954712285709
wrote papers,0.5660877034186218
complete study,0.5654978589776598
youll pass,0.5653069861666363
interesting readings,0.5652448209529589
genuinely interesting,0.5645572432519598
exactly study,0.5644995840632462
making feel,0.5644714290298142
concisely,0.564423943022149
chapter quiz,0.5641629752967467
emails gives,0.5639374091172639
small groups,0.563821861233861
music theory,0.5637460392223363
immensely,0.5637401100074235
understanding situation,0.5633505398050485
helped learn,0.563290322099506
deadlines,0.56295585396686
writing paper,0.562829536739374
projects easy,0.5627961228899268
able understand,0.5626686549342297
bit long,0.562266939708451
obviously passionate,0.5621176016486774
dry boring,0.5621008284639906
mechanics,0.5618406356043313
easy provides,0.5615956627381704
papers gives,0.5614486735521336
bob,0.5613804367533344
welcome,0.5612473747989206
itll,0.5612042530379711
mid term,0.5609232806272993
algebra,0.5609229684097781
need exam,0.560813848400073
prof kind,0.560644530864261
howard,0.5605915464424976
buy,0.5605629313841283
cracking,0.560490850649748
way actually,0.5604732388791049
amazing recommend,0.5604401347666145
replied,0.5603652313997471
awesome makes,0.5598834777051956
assignment easy,0.559742715332462
poster,0.559127039793994
amazing super,0.5581647202167797
component,0.5570584934741274
learn content,0.5570173292701122
lit,0.5569953890390213
week shes,0.5569890996369378
easy study,0.5569633717510404
understanding late,0.5569576762639545
knows doing,0.5569516492324147
grading scheme,0.5569347696654686
convenient,0.5568902663184511
grader shes,0.5566740324249732
person general,0.5563369013039141
right track,0.5562276868796963
best caring,0.5557736079317789
fair easy,0.5555839668360792
prof great,0.5552777354303372
credit shes,0.5552339896697096
caring make,0.5548803528656148
fine hes,0.5548728752038898
best cares,0.5547668731891925
huge fan,0.5544227633082457
felt cared,0.5534628595867825
harris,0.5529867687817713
dual,0.5529554632840775
piazza,0.5528833592290663
makes super,0.552833559114538
feedback make,0.5528130195712355
clear beginning,0.5525398164375112
habits,0.5524511260043046
learning process,0.5524327574447129
mylab,0.5520395812897891
initially,0.5519403512471904
general,0.5517834111569366
project management,0.5515494781819558
programming,0.5511866162673342
write,0.5511703673074184
challenging times,0.5511498273292774
clearly loves,0.5505996318029549
explaining topics,0.5503432722381816
accountable,0.5500425397066547
math classes,0.5497465453333981
helpful accessible,0.5494210043693321
scad,0.5493861899892928
comprehension,0.5493215060924043
attendance make,0.5490134699428075
examples makes,0.5488383434049914
british,0.5487909911955194
makes subject,0.5487701308746301
best ability,0.5485499304919067
understanding need,0.5481262927718241
arguably,0.5479301983143859
great attitude,0.5477008258548184
abt,0.5476001312678697
explains content,0.5472360187615931
receive credit,0.5471498143003249
linear,0.5470930534435563
despite having,0.5464761547504706
overall loved,0.5460464049067046
great insight,0.5457968122983068
statistics,0.5456907836424364
feedback helps,0.5455775258958532
business law,0.5454338844004045
want improve,0.545032538623948
chill guy,0.5447757246774634
posts week,0.5443943404799376
presentation final,0.5442264146569771
gotta,0.5441667581085153
standard,0.5440542595196179
tim,0.5433566955120792
practice test,0.543271227725874
turn youll,0.5430706682244534
understand youre,0.5423108568236795
understanding circumstances,0.5419328171059412
paper midterm,0.5410428979968541
truly caring,0.540954892592394
stat,0.5405937979597057
rounded,0.5405324550212758
chain,0.540452027601721
opportunity learn,0.5403803795232535
willing learn,0.5400360395204904
paragraph,0.5398544104991314
readings weekly,0.5397793073378915
prelabs,0.5396608037031527
essays,0.5394024608313387
going test,0.5381833143427727
mom,0.5381832212156908
points study,0.5380202857137544
attendance participation,0.5367701399042344
cares clear,0.5366489698091378
amazing caring,0.536507180329426
slides posts,0.5363470717227979
coming,0.5362332022513336
artwork,0.5353659848496036
hours ask,0.5352964352277165
gives notes,0.5350179191631041
best courses,0.5350062891305359
reading need,0.5349997502627539
math math,0.5349811488616175
mandatory want,0.5348850559230359
gave points,0.5348827674312315
wonderful instructor,0.5348678269198907
quickly gives,0.5348511460647029
lots resources,0.534652552788353
feedback hes,0.5342854613172279
shes super,0.5342271853920314
murphy,0.533905407598708
participation matter,0.5336788091414892
fun actually,0.5335092525791365
trys,0.5334726061412054
wood,0.5334649888810833
mandatory miss,0.5334354045584895
amazing ive,0.5330700317309753
instructions unclear,0.5330282585418186
sac,0.5329124325732112
got test,0.5317690957181374
participate discussion,0.5317431035145407
easy digest,0.5316745338221626
professors makes,0.5315625929145388
read write,0.531558562635237
southern,0.5313370651864295
great communication,0.5313045791580396
prof overall,0.5311154475721527
great better,0.5311080958924719
cares job,0.5304429848156782
worksheets,0.5300696005275423
provides practice,0.5300580334534027
useful information,0.529364481361359
pressure,0.5293248536069448
walk away,0.5292731722653761
shows cares,0.5290245936650245
suggests,0.5289804834376178
feedback wants,0.5289797682475464
open answering,0.5289251110607249
hes lenient,0.5289237490772378
sends,0.5289139635522964
understanding took,0.5282586033513584
professors extremely,0.5281741578643055
drastically,0.5281278387516896
graded based,0.5280220379953577
hart,0.5279692176713218
need recommend,0.5277924962120182
sure actually,0.527559286372364
mini,0.527478788488787
ended getting,0.5272926030219572
working,0.5270590824310157
heavily weighted,0.5270383179389703
patients,0.5268614101487908
bad study,0.5266040031084958
come notes,0.5262975571317494
textbook necessary,0.5262367136875001
internship,0.5258763570017412
split,0.5257925529358267
simon,0.5256012030276674
lin,0.5254440259872469
recommend classes,0.5252990409070284
speech,0.5252902681904761
understands life,0.5252481954841688
chapters book,0.5250348566495661
mental health,0.5243390022905002
returning,0.5242983501399233
diligent,0.5239658606543618
handle,0.5235771236256103
loved took,0.5235707774727862
understanding make,0.523042123779777
cares tries,0.5227678476896446
similar exam,0.522763240760218
concepts clear,0.5226182772109326
need read,0.5225747205236714
guy willing,0.5220656559728916
group,0.5220477441788131
nicest caring,0.5220350916147454
bad gives,0.5220068384611278
tell actually,0.5219586663321037
listen youll,0.5217374058840866
semester gives,0.5216462869379068
little long,0.5213892448112492
deep,0.5213662029900388
understand gives,0.5212713121136259
caring knows,0.5209797000786431
final open,0.5208525117006697
posts weekly,0.5205805027614294
mirror,0.5205642690637463
rogers,0.5201988509786861
information interesting,0.520141373157836
western,0.5199576015991606
lots easy,0.5198334530077154
read understand,0.5197626269210369
interesting person,0.5197452158426722
prof caring,0.5197218082107543
accepted,0.5197046731580421
various,0.5192286147213961
hours easy,0.5184562578194996
cheap,0.5184024972393012
cares takes,0.5180302968161169
understanding helpful,0.5174862885409088
helped make,0.51693261626974
mindful,0.5166082400780964
print,0.516359274556891
great helps,0.5155627795514492
high standards,0.5148905375455222
writing classes,0.5146401424708436
engaging funny,0.5142001997142982
sociology,0.5141410953458496
visit office,0.513785026794926
writing process,0.5136449054531899
engaging makes,0.5135639758702105
health,0.513321720507243
based effort,0.51324814539899
hes young,0.5131062770119903
recommend people,0.5130444638427497
fun hes,0.5130001344089276
semester pretty,0.5129955085408803
shes young,0.5125060306750816
overall prof,0.5121751944427096
sweet gives,0.5120800707528265
care learning,0.5120654626353282
expectations clearly,0.5119998238015709
providing feedback,0.5119693666066434
gives information,0.5119268402174391
outlook,0.5115817888390596
need makes,0.5106234707503605
steady,0.5104096611570661
goes extra,0.5103224686655538
guides youll,0.5102803839636699
project,0.5098818836782611
studying,0.5096510254775032
constructive feedback,0.5095554799235832
clearly stated,0.5094800756007031
book final,0.5088948755303437
student understands,0.508881489262171
best wish,0.5085914005020823
arts,0.5085825184226189
accessible need,0.5085040222522941
dynamics,0.5084733981341087
introduction,0.5083856727148911
grading overall,0.5083779015919
editing,0.507928526706608
high standard,0.5078269966395608
question answer,0.5077715693407877
sweet helpful,0.5072827932711044
historical,0.507240295989702
unc,0.5067336648756016
graham,0.5066712580605933
taking shes,0.5063486978607403
common,0.5063041796380384
amazon,0.5061924698823966
caring guy,0.5057381117676545
little intimidating,0.5056655358138186
prof far,0.5056040338142325
helpful wants,0.5055147087506616
content easy,0.505261557366705
todays,0.5050644163762742
tell passionate,0.504907866463678
shes,0.504666777528009
skip classes,0.5045855580800263
essays pretty,0.5045138837659581
papers semester,0.504373762338939
passionate cares,0.5041669437679993
best physics,0.5041281129084827
patient caring,0.503962016286429
terry,0.5036523918556014
guy wants,0.5034874062837847
independent,0.5029336436378138
open discussion,0.5025499018886663
truly passionate,0.5023019452155869
kyle,0.502238656999945
eric,0.5013151822148623
anatomy physiology,0.5010781890045478
kind passionate,0.5010438374791012
murray,0.5009297978571078
couple hours,0.5008566786077301
amazing human,0.4998254892990463
best easy,0.4996945179054693
caring need,0.49961277338708154
rutgers,0.49948667110722955
submitting,0.4989809903198739
concepts make,0.4989012340985434
fastpaced,0.49878178024936537
study study,0.4985453873040308
surprising,0.4985224315360701
observation,0.4985124096165854
suggestions,0.4984243293328265
helpful asked,0.4982831029543078
songs,0.4982068822886095
talent,0.4974548114830601
caring easy,0.4973683437836061
learning objectives,0.4973576517581449
opportunities improve,0.49695781096511515
honestly amazing,0.4968289525966049
redo,0.4967448148920907
book used,0.4966958614407568
bend,0.4966669707583129
amazing extremely,0.4964647150493883
documentary,0.4962801053750874
probably favorite,0.49619654778735867
creativity,0.4959863894554252
credit need,0.4954991669644252
great youre,0.49537283423396916
pretty heavy,0.495370545320544
discord,0.4953571358197193
great teaches,0.49449398466625943
final multiple,0.49383638069338104
knowledgable passionate,0.4937070698259512
blog posts,0.493561851462511
movie,0.49338123104945697
medium,0.49324712251354
exam score,0.49319509064323863
clear rubrics,0.4931889015654524
amazing learned,0.49316386418857366
intentional,0.4929042882118935
cares understand,0.4928934013012066
matthew,0.49255715066912487
discussions papers,0.49207826986514475
project final,0.49166912755629866
pull,0.4915217121961803
assignment end,0.49132116106462037
sweetest person,0.49113684891674325
easy discussion,0.49093562560990117
nice interesting,0.490910401608708
multiple chances,0.49024200506487736
grader gave,0.4894420566408629
medicine,0.4892886045739353
understand takes,0.48920522468629596
quite interesting,0.4887337398207845
slides youll,0.48872605107688466
pile,0.4881945989781351
provides notes,0.4881535129111242
week final,0.4879355170367616
major projects,0.4877587790182365
kid,0.48760606049964633
easy clear,0.48743528629408783
photoshop,0.4873259748210858
cares available,0.4872267785061891
individual,0.48699214671095864
gain,0.48687267266768675
boring tries,0.48672592653792485
days week,0.48661641713517056
bad easy,0.48627034959436405
great loves,0.4862612251609783
valid,0.4861026755044773
lab portion,0.48596627027792955
future career,0.48593544526430216
makes great,0.4855500173442485
provides plenty,0.4854920606809045
took make,0.4849005182950001
ive easy,0.4847336318166978
attendance wasnt,0.4847225498371739
available talk,0.4846599783024418
spread,0.48461285025159373
religion,0.4845561325078954
expert field,0.48439149886795546
jen,0.484390272939641
gained,0.48437897696253546
sql,0.4843022593204232
shes new,0.4838777132559616
easily understandable,0.48377883085651374
learned taking,0.48351991429629815
lack communication,0.48338518911418243
classes amazing,0.48309142408002737
crisis,0.4829008039334511
commit,0.4826093848376638
chang,0.48260636302123106
curriculum,0.48238221254842406
complete assignment,0.4822765636084288
kind hearted,0.48191064548696766
grading extremely,0.4816626162992309
overall isnt,0.48161377079441403
fair understanding,0.4815879866745735
way make,0.4812819530428053
sharp,0.4812680446776689
cares took,0.48120592335458273
passed,0.4808450502201115
criminal justice,0.48069953493349765
plenty examples,0.48039968148612466
easy discussions,0.47989985161081294
similar test,0.4798879647217427
essay final,0.4797073089522301
geography,0.4792377997189366
truly great,0.47920348748679614
cheerful,0.4780476697649221
credit opportunities,0.4777698760028414
fashion,0.47751586210964037
somewhat,0.4771701162093398
brand,0.47694984434812443
papers write,0.47684559421111883
actually,0.47677003472932594
heart,0.4764377531764451
best love,0.4764208179308714
flex,0.47637922101253577
wants makes,0.4761479173446463
curved,0.4760329319283752
proofread,0.47598151347237716
contagious,0.47581015122501946
successfully,0.47558684805503015
accessible email,0.4754147114106638
trying make,0.47539662815940925
meetings,0.4753206671255394
freshman year,0.47514460812284504
boards,0.4751230744908912
knows content,0.474977600739581
force,0.47484236647381106
easy assignment,0.47482248001555794
great weekly,0.47476230657018464
appreciation,0.47461321569565096
anthony,0.4742752496481897
great talk,0.474160980990962
student make,0.47414392757551727
reading outside,0.4741111719878368
fun understanding,0.47389603109434847
awesome recommend,0.47322223644088407
pushes best,0.47310597200668636
modules,0.47306573883202796
simplest,0.47301650598254946
easy understandable,0.472990582185596
random things,0.472867733190915
moderately,0.4728396674791526
burns,0.47281811223303805
study ask,0.4721707999943331
beth,0.47212929130989295
extremely patient,0.4721200152024012
definitely learn,0.47201818244075816
succeeded,0.4719748320343696
great understanding,0.4718520404842974
certification,0.4717833250379641
attendance optional,0.4717816590328782
sent email,0.4716143644106532
guided notes,0.4714969464333659
amazing experience,0.47144744346422174
amazing passionate,0.4714032271549313
quiz end,0.4713012439362036
ask gives,0.4711398093562505
overall interesting,0.4709457746505493
trial,0.4708372419574384
learn better,0.47077497008498115
high level,0.4706191247766287
late credit,0.47041923462033686
genuine caring,0.47037335556473314
draws,0.4698924204999819
exam gives,0.4696335373507845
improving,0.4694165214846976
funny helpful,0.46934384194068474
cares helpful,0.4689356396598409
reading required,0.46879820308348186
participation discussion,0.4685945666959551
fairly simple,0.4685686682782548
finishing,0.46836171404828525
easy basically,0.46824119367591505
clear straightforward,0.46812028664415223
competent,0.46773588474866806
cares passing,0.46734437055726774
shes hilarious,0.4673231577927151
college life,0.4670359687196292
recommend math,0.46698938442475507
including final,0.4668562406510114
textbook reading,0.4667964901893282
teaches hes,0.46678909922927664
distribution,0.4665466454679538
key terms,0.46625738216844026
try pass,0.4662247580715578
recommend highly,0.46622024389449646
graded attendance,0.46602494997667954
strengths,0.4659787266114678
personal issues,0.46581369439943177
lots great,0.46576681329344094
grading based,0.4654835461946985
base,0.4653239693747312
recommend best,0.465050876328425
cares make,0.46496386082999214
problem solving,0.4649226518186516
papers tough,0.464623237742359
craft,0.464391485663394
edwards,0.4643577012523271
evident,0.46417588091829337
succeed learn,0.464163465271237
engaging discussions,0.46387792797969807
ashley,0.46385643179357733
ive experienced,0.46358125748039497
enjoyed learning,0.463458650041195
isnt strong,0.4633255127743284
allen,0.46327888851880183
outs,0.46320525391408673
points showing,0.46317741865045625
essays final,0.46316679312700015
engineer,0.4631093303970647
great mentor,0.4628743187332951
group participation,0.462138839407238
week week,0.46206206359732255
crucial,0.46205939127757184
safe environment,0.4619461462990296
read articles,0.4618667562100108
outside definitely,0.461733648830389
feedback writing,0.4616563754273625
answer office,0.46152221621680606
hours helpful,0.4612504927530634
try,0.46117629445729996
helpful need,0.460813329597313
reminds,0.46070233533519966
south,0.4603387704190642
say easy,0.45992450274004504
actually makes,0.4596097326156963
friendly caring,0.45923537458339714
feedback accessible,0.45902052847485725
tell knows,0.4583368142895114
quite bit,0.45833649987509434
feedback super,0.45803403052077424
great shes,0.4578581197584421
finish,0.457812897628884
passionate biology,0.4576305370520445
paired,0.45756837256194965
pretty long,0.4569055301831522
dumb asking,0.4568133604947427
learning easy,0.4562574293197143
animal,0.4560017683911855
super enthusiastic,0.4558992960333598
bombed,0.455788004588049
professors school,0.45577767386182133
chance definitely,0.45568198310816654
pass great,0.4556041242030069
knowledgeable caring,0.4554928255482376
took courses,0.45540509521811356
opportunities make,0.45528312126629855
succeed makes,0.45514089387877577
thing need,0.45509445196890885
prof wants,0.4549701042201276
summaries,0.45482707323574095
appropriately,0.45476626781129914
weekly short,0.45456028814049154
cares provides,0.4543405556319307
evolution,0.45423429818333094
aced,0.45413491794915867
funny cares,0.45371962959453566
long submit,0.4536343171071944
digital,0.45362864440707157
fun cares,0.45347875672692367
kind cares,0.4530539432429815
grown,0.4525969618700738
provide feedback,0.45240851318969505
awesome prof,0.4521140863178607
references,0.45198992811033206
easy attend,0.45194948864574574
extra practice,0.45186344534517286
annotations,0.45179517612224196
strict deadlines,0.45141333133364314
make points,0.4513158389797759
group discussion,0.451150927596483
explains concepts,0.45095427114995595
understand helpful,0.4509267780137647
bus,0.45085104876458326
cares shows,0.45080059758456736
lowest score,0.4507347863722815
lucas,0.4505975753568479
walked,0.45025206737920803
learn use,0.45005507130220584
notes need,0.4500255133288083
improve writing,0.44991446776879607
surprise,0.4497093519662954
honestly think,0.4494556288275221
regular,0.4493841760168345
week takes,0.4492129603724428
pass easily,0.44909597103647764
easy pay,0.4489403311191348
genuinely best,0.44884186259672937
best clinical,0.4487099994118205
lewis,0.44857598005614346
essay end,0.44855386141192793
recommended,0.44819058118150784
long attend,0.4481370221358243
shaw,0.4480954234120244
best chem,0.4477475527636968
make jokes,0.44732409844221055
talk need,0.4472585590639243
project make,0.4471963065367209
resources,0.44718481373421826
summary,0.44690098076896945
best life,0.4467402446420042
demanding,0.4464972061987056
cares succeeding,0.4464361379752648
quality,0.44635362083740077
feel free,0.4462442735948311
want fail,0.4461248555415427
conveys,0.44561669248646435
essay,0.4455357524369588
lots group,0.44540099337728395
humor makes,0.4453735980572438
gracious,0.4453199923583397
need clarification,0.4449599676741034
read readings,0.4446470708281674
notes book,0.444594916473925
lots discussions,0.4445820352168955
reading chapters,0.4444281457803169
new things,0.44435821391107067
skill,0.44434008970491556
caring takes,0.44432113621845987
crawford,0.44354088151248683
proffessor,0.44351783265204564
cool funny,0.4429671645420139
math makes,0.44295920076674355
statistical,0.44294873935368234
long make,0.44248251350109796
easy turn,0.4424199436532065
exercises,0.442161279939503
soc,0.4412689189930538
engaging clear,0.4412206708051478
nice need,0.4409971649438757
best department,0.44096329388532973
product,0.4406288283570176
attend study,0.44062627388695597
carries,0.44053484018563044
hat,0.4404416644769646
graphic design,0.440400061802482
papers total,0.4403388642260172
enjoyable easy,0.4403119671515616
instructors,0.4401903196739687
pass learn,0.4401661213471961
sure reading,0.4398960274414498
ppts,0.4398429524299073
prof recommend,0.43968122438733437
hill,0.43955927541442347
semester easy,0.4394757942974814
try miss,0.4393061376685348
far makes,0.43889070619357895
allows late,0.43868735066356346
grab,0.4386740393238914
lightly,0.43859248912578674
individual group,0.4383420268759947
feel safe,0.4382451729797972
scholarly,0.438176705756781
knowledgeable topic,0.4379129297418616
note,0.4375634361466075
shes helpful,0.4375403238294826
feedback got,0.43742099407070095
week group,0.43733367957744257
thought,0.4371286238648586
way need,0.4371172854215521
amazing guy,0.4368953400310035
chill dude,0.43647641189864095
inclass,0.4364012986114233
honor,0.43632568847604863
learn pass,0.4359089234078717
took asynchronous,0.43572273094368785
strategies,0.435700092146055
hands favorite,0.43486999342547783
sure pass,0.4347101813978567
sara,0.4346539136196684
provides need,0.4345188310433938
discussions great,0.4343942296360253
accept late,0.43429153786670727
easy effort,0.43411569670178574
random pop,0.43352781312001143
climate change,0.43327056079602183
fun learn,0.43311938727707766
credit highly,0.4331079420628536
softspoken,0.43301455343379336
outside cares,0.43255380794337284
encourages participate,0.4324372414749165
pretty straightforward,0.43243130777875677
slow grading,0.43218302125413144
easy got,0.43173150648385594
provides examples,0.4316484571917233
star,0.43163707949059665
reading read,0.43153431272641735
prepare test,0.43138132130365936
recitation,0.43112902777870454
chapter textbook,0.4310827900140552
waste money,0.4310700786736523
participates,0.4309819129233407
centered,0.43060040248086584
amazing tell,0.43054508708565314
admit,0.4304871069217075
great sure,0.43040909665920807
man,0.43015605140225566
hint,0.4297061662038165
choice short,0.4294869194223937
macro,0.4292023015081537
recommend hes,0.42915132076670576
grader cares,0.4289784896647228
amazing shes,0.4289292115542864
based book,0.42881313580009245
solid prof,0.4288100270731642
learning interesting,0.4283994035267116
credit long,0.4279694282712563
encourage,0.4279420803548196
mastery,0.427936310583114
textbook chapters,0.42790811853801597
amazing wish,0.42766606655985345
father,0.42760295611335586
units,0.4274460874862144
gives answers,0.42741021256620304
certainly,0.42717692110850114
funny makes,0.42690982754315604
note taking,0.426766576067541
gives excellent,0.42673630248618655
understanding highly,0.4261129288822904
walk park,0.42606052315067616
homeworks,0.42593660749277495
flexibility,0.42583054742646287
engineers,0.42580941688538926
want come,0.42570355514798386
best effort,0.42567522745228226
cares people,0.4254569424271303
kahoots,0.4252668129934643
college experience,0.42501412919933695
ive met,0.42497882186109065
ton reading,0.4248393169423581
quite literally,0.4247941346182625
forth,0.42460254091480903
far,0.4246000669208377
available willing,0.42444533098981313
replace lowest,0.4243176538247775
job keeping,0.4243128174056632
best spanish,0.4240330706263595
flexible understanding,0.42353205122706583
chem lab,0.4232059573216926
definitely doable,0.422569010673763
book didnt,0.4224693467928669
stay,0.4223276030354639
holly,0.421942358398939
workload light,0.4217657993828184
make classes,0.42130166804866237
organized easy,0.42116574441912696
cred,0.4209846478240815
guides gives,0.4207695070275057
going gives,0.420620167842762
concert,0.42059530146930185
based notes,0.4204612353767876
awesome took,0.4203599535828798
bump,0.42029354685936493
shes real,0.420247133076063
planet,0.42023117067842874
book book,0.4199735829407281
long easy,0.41997115793151013
given week,0.419618105673119
funny jokes,0.4194719565220404
feedback gives,0.4191992775386124
performances,0.41913285803913103
excel,0.4190943640860212
semester highly,0.4189513893442545
confidence,0.41838564138440093
fun attend,0.41837824761177395
journal,0.41833285587509306
understand explains,0.41828709802599073
understand super,0.41827234669114594
goes make,0.41780637754225813
best gives,0.41746216616363657
took gen,0.41729240657740274
ask great,0.416834172211226
sure learning,0.41680800204173973
student wants,0.41652223531269317
understand concept,0.41651101680712876
board week,0.41595248120471845
unbiased,0.4158803665224351
professors shes,0.41578199243251807
curious,0.41559828800244125
youll likely,0.4155353754443713
love best,0.41542493167868744
highlighted,0.41517767382269094
read,0.4150636474456602
incredibly nice,0.41483133914106995
authors,0.4145001632476231
purchase textbook,0.41444669953426416
painting,0.4144381012679896
rose,0.4142355685126942
credit semester,0.4139363525793853
interesting relevant,0.4137212265074222
willing succeed,0.4136352611435545
knows subject,0.41360585553844575
recordings,0.4134758742314988
cares future,0.41344134442839575
points extra,0.41331279545261723
activities make,0.4126468485213571
school years,0.4124251885557501
maximum,0.41224312747913816
science credit,0.4122237309054285
ask make,0.411944561051103
grader essays,0.4119049900397452
best biology,0.41187554231437895
attend classes,0.41173329103462364
inspire,0.41160727690494675
cracks,0.41141034556380685
things clear,0.4114034776285732
textbook make,0.41105233018312487
healthcare,0.41091953918603685
way set,0.4107228509345348
email ask,0.41055926392855246
knowledge,0.41043694168803935
best student,0.41028384219709707
semester,0.41022921967530124
instructions youll,0.410081449090958
learned classes,0.40997217387653445
educator,0.40978725504635094
life lessons,0.40968221680246675
flexible deadlines,0.4095093033166364
best people,0.40925231537893925
quite easy,0.4090718837071226
grading tough,0.408961614881313
caring approachable,0.40872821609139853
unlimited attempts,0.40864047806344567
simplified,0.4082217737867673
club,0.4079533678853184
stage,0.4079114221296122
classes easy,0.40789705140766813
commitment,0.4073083672480114
half way,0.4072803978702872
read text,0.4072131471682055
long willing,0.4066153651629975
participation definitely,0.4065525372206288
fun helpful,0.4063943384811236
need order,0.40597138152220663
helps make,0.4058833072166547
actually cared,0.4058001014522078
learned great,0.4055002586063565
caring prof,0.4054956276714895
adds,0.40507760558105216
computers,0.4050562469298364
approachable outside,0.4050455725954281
lie,0.4048785686385441
prerecorded,0.40473615409309494
easy ask,0.40473243568505013
recommend anybody,0.40454269988051716
simplify,0.40450743388051214
want understand,0.4044823293573473
spoken,0.40439346224867834
exam easy,0.40436226134643904
life scenarios,0.4038009435200216
learn language,0.4035894116109467
accounting classes,0.40348007232367084
instructor,0.4033370886363537
guy extremely,0.4033015529946556
clear interesting,0.40278948748231364
open minded,0.4026791723407936
classes highly,0.4023639664773253
easy midterm,0.40232427750684885
credit helps,0.4019944460608647
management,0.4017145982923336
interesting informative,0.4014461323518548
wrong way,0.40139196675107436
incredibly caring,0.4012642949024138
shes wonderful,0.4012404946357118
house,0.40117911557341024
tell exactly,0.400991314107189
studies,0.4009810467517172
credit definitely,0.40096152185053935
funny knowledgeable,0.4007728703159686
week hours,0.4007191393776978
chemistry easy,0.40062738012148874
amazing explains,0.40047445676486365
whiteboard,0.39998118322249643
timeline,0.399806020248754
want learn,0.39977513548946575
way making,0.39943213951702444
helpful office,0.3993534363154222
amazing wants,0.39922128108468863
took years,0.3989611503118504
optional final,0.3987266017842544
theyll,0.39834376549401396
shes literally,0.398298410789719
amazing way,0.39813684640067803
year,0.39804980589831973
kelly,0.3976934444705219
straightforward gives,0.3970970267785985
que,0.3968449766550665
job helping,0.3967512317914857
provides opportunities,0.3965434316420512
genetics,0.3964675630617105
interpret,0.3963129265286094
moon,0.3962917105487183
criteria easy,0.39624781662281183
interesting makes,0.39604133315670936
text,0.39512233976901173
pharm,0.3949878836234882
statement,0.39474074436527967
electronics,0.39459921005999676
bulk,0.3945769016518509
geared,0.3940627192762259
lockdown,0.39404718979225534
lab practicals,0.3938085080709698
easy takes,0.39346871144888595
weekly chapter,0.39340385223959984
classes shes,0.393357490585009
close attention,0.39322969268808844
instructor makes,0.39293973524155273
writer,0.39281156891941893
exam reviews,0.392088882759554
cheat sheets,0.3919743648594461
plus hes,0.39168079027721125
say shes,0.39125468659055956
sciences,0.3911143961095699
connect,0.39102412984179563
incorporating,0.3909800115108745
willing student,0.39086828182446365
instructions easy,0.39081369486498924
outlines,0.39065800555947
doug,0.390603901948552
supply chain,0.39026042438817066
atmosphere,0.3900712470510744
pols,0.3897101672479188
efforts,0.38962278088508434
aspects,0.38952387973856856
theatre,0.3891836402533766
final gives,0.38830690948043123
input,0.388135933700693
artists,0.38790701805932104
forward week,0.38782817964918725
recommend teaches,0.38763989176617525
read assigned,0.38733414494257584
prof cares,0.3872191317353505
miss days,0.3864878896262079
times make,0.3860766542685563
great heavy,0.38576147546400213
nice hes,0.3855955764041799
willing listen,0.3851514621187622
encounter,0.38507399161476813
bit harsh,0.38495206466380116
leave early,0.3848970979865607
accepting,0.38457365996595666
tend,0.3839398044560697
deeply cares,0.38386103860436654
offers plenty,0.3837933538057877
helping learn,0.38371221451534737
reexplain,0.3836253583831113
person overall,0.38354959150685336
sports,0.38352505747512844
projects fun,0.3832663226246672
pertaining,0.38308244949195586
emphasized,0.3823291760037569
ideal,0.38232649547313546
wells,0.3817711404424003
labor,0.3816537786985107
look notes,0.3815787375650401
outside helpful,0.3815752733709615
theater,0.38144350862568066
financial,0.38144326859307864
load heavy,0.38120825553989546
helpful great,0.38109315806898236
youre doing,0.3810323982448342
textbooks,0.38085760716021616
awesome clear,0.3808302190474518
upper,0.38063610514453716
ready,0.38016876464703203
choices,0.3800716602961894
presentation easy,0.3794163160177622
tell youre,0.3791017437339164
information gives,0.37907822267579516
given chance,0.3789154277773512
feel prepared,0.3786532474147888
problem,0.3784875596606941
understanding genuinely,0.37842367817739664
clear day,0.3783046857443741
bright,0.37824882914942315
succeed definitely,0.3781436837945927
super straightforward,0.37782863807869216
ucf,0.3777509096805314
sexuality,0.37758520125499356
great real,0.3774733966984743
easy cares,0.3772972715069633
teaches classes,0.3767041346068548
book test,0.37662492962905936
offers lots,0.3765097819634362
category,0.37647120484561347
need extra,0.3760617495751453
understanding easy,0.3760374278876275
teach concepts,0.37570092189514365
interesting passionate,0.3756180445670896
pts,0.3754232955127323
available meet,0.37522824608809013
career advice,0.3747930597297256
les,0.37459861282440693
ive entire,0.3743522652133494
loves job,0.3742715549314934
lax,0.3741850059111939
social,0.3741689726166868
essays essays,0.37404670671988643
usually gives,0.3740466035101645
funny keeps,0.3739816870971079
makes information,0.37386793951691666
finished,0.3738356267826758
teaches,0.37337359127925185
index,0.37301348510666393
awesome hes,0.37290071397996366
series,0.37271997049262573
great truly,0.37269545553145356
textbook test,0.37263888930380784
professionals,0.3725828872074749
credit opportunity,0.37236433634568467
actually looked,0.37234301270975506
legitimately,0.3721940708729943
lopez,0.3718823580653259
reading response,0.3715178278697558
struggling,0.3714217115781442
interesting gives,0.3713781307380966
vibes,0.3713318949574349
complained,0.3712531257124873
textbook didnt,0.37088624037077267
helpful responds,0.3707178596236183
jazz,0.37046983911580456
awesome cares,0.3703821509718722
going classes,0.3703411847880938
feedback easy,0.3701682430814517
timeconsuming,0.3701062469629492
things clearly,0.3696510450652914
great takes,0.36946380781280147
things way,0.3693596059053366
went wrong,0.36915304605148125
matching,0.3690162882160417
textbook gives,0.3688007586214431
late accepted,0.36869710866989275
caring fair,0.36848929820409154
ive pleasure,0.3682399588537678
understand learning,0.36813543161468326
musical,0.3679723181903856
easily favorite,0.367917790950384
professors gives,0.367820897590164
jordan,0.3676408505952311
explain need,0.36759215626790953
readings assigned,0.3672765174382752
needed extra,0.36699210409060556
poly,0.36692494616788834
great understands,0.36662935333705815
actual test,0.36608541714142356
final papers,0.3660703044644881
reading assignment,0.36593241636293383
asked feedback,0.3658788899914834
knowledgable subject,0.36558442334653984
ability,0.36551294679849267
caring funny,0.36515927441692975
amazing helpful,0.36512664592810606
helpful gives,0.3647558868293478
responsive email,0.36474360068947803
matlab,0.3639634060224164
outside highly,0.3638764232823193
complete easy,0.36345967296590076
youre putting,0.3631695882804882
kind genuinely,0.3630966216507939
test study,0.36308048017856803
timely,0.3630542137619083
kind patient,0.36280414678045136
job preparing,0.36278617557248494
home,0.36261250035149306
hes favorite,0.36236600665508445
answers email,0.3623057921655151
life advice,0.3618180369365356
running,0.361535812666261
composed,0.3614606976864005
pushing,0.3614319790169683
wants enjoy,0.36140469807547587
arguments,0.36139632359582025
quarantine,0.3613385954628782
labs,0.36113235299901103
participate youll,0.3607400250413384
classes tough,0.3607297765305737
textbook great,0.3607278786618185
best kind,0.36037957387384917
highlights,0.3601415061027246
interesting things,0.35989663241881936
war,0.3598151758061127
overall enjoyable,0.3597110024832386
youre able,0.3592391838837871
fun make,0.3591584939576376
best highly,0.35889403971179
proff,0.3586786358634455
clear makes,0.3585891955249413
workout,0.3584465964394936
condensed,0.3584431156176837
support,0.3582247575538095
paper long,0.3582107153292422
understanding classes,0.3581665797362094
helpful highly,0.3580837598804823
number,0.3579345593224044
great kind,0.35787289452774274
hours super,0.3578493361903852
taken far,0.3577019715369768
tough gives,0.3576375491320908
participate makes,0.35748629768077855
ready write,0.3573482340269365
sure succeed,0.35730053649420535
nice make,0.3572795152627885
psy,0.35718755597492163
academic career,0.35717928802330107
papers long,0.35712105134575967
retired,0.35703704143096326
wise,0.3567545636438175
actually interesting,0.3566864121368279
passionate caring,0.35616605246918254
fairly gives,0.3558236268371291
wasnt super,0.3554489145537929
classes,0.3552425544083776
jon,0.35493797377329955
shes honestly,0.354753890724172
water,0.35462527339430927
pays,0.3544371839039763
compared professors,0.3543921502417036
realworld examples,0.35438941864037576
foreign,0.35438600157911554
read study,0.35423845328471587
notes open,0.3541796361803392
answers gives,0.35400735608146183
organic,0.3538976189368694
miller,0.3537018326941514
allows use,0.35357969263035904
classes makes,0.3533291713329655
funny knows,0.35306466833484995
readings participate,0.3527238504716394
joined,0.35260265265149143
interesting pretty,0.3525599471328842
easy prof,0.35255927639267226
classes recommend,0.35249493272307475
feedback definitely,0.3524512354629592
project presentation,0.3523417683317683
probably hardest,0.35190875572185637
weekly discussion,0.3512668975436666
services,0.3509533356391056
clarified,0.3505674351617921
excited,0.35051372321854984
arent super,0.3499545376017678
affect,0.3498373395823975
clearly cares,0.3497638074149536
shes extremely,0.3497084523753175
mcq,0.3495342943535695
taught courses,0.3495025669883121
chill laid,0.3493130075901974
availability,0.349190577780676
interesting classes,0.34898603511557946
definitely pass,0.3488884568025753
classes heavy,0.3488651373555453
attendance mandatory,0.34857209810342377
test question,0.3482854109004037
assigns reading,0.3472910378383587
advance,0.3471066435606376
papers easy,0.3468616529079431
wellness,0.3467871100299179
pretty solid,0.34670349193382044
funny sweet,0.3465391919645853
write essays,0.3463833016964347
strongest,0.3462132850189181
reviews say,0.34618116838492724
easy great,0.3460825244568367
law,0.3458596651799174
individuals,0.345772578228948
textbook provided,0.3455390353377774
scene,0.3454608831543159
crack jokes,0.3453311072333243
important information,0.3451629165626747
counselor,0.3451587827035914
helpful long,0.34488221044989786
strict grader,0.3448615339660692
selfexplanatory,0.3447355635273973
summer semester,0.34466767540589893
comparing,0.34455082590050823
receptive feedback,0.34453006652170093
confidently,0.34420838753795024
funny definitely,0.3437362889815963
clear engaging,0.3433760454494195
far caring,0.3431435094381147
test test,0.3427495490836579
willing way,0.34253965749486054
weekly reading,0.34234966706571673
visiting,0.34024593141990517
prepared notes,0.34023170652155643
definitely better,0.3399903337643079
pretty dry,0.33996849606321805
debate,0.339547030387067
provides resources,0.3388424503214202
attendance matters,0.33860393708320285
cares content,0.33796308205911274
succeed make,0.33786843826024865
teach things,0.3377314278184598
adjunct,0.3371991804182304
interesting took,0.3369614685905049
systems,0.3369210830321069
caring cares,0.33686307748796196
higher,0.3367696403317456
got,0.3367312016038635
paper graded,0.33655035414973217
enjoy,0.3362307084470345
accommodate,0.33619402537393983
hes amazing,0.3361626675123488
semester project,0.3361337490451743
teaches cares,0.33552864770660323
youll meet,0.3354556020596957
bibliography,0.3352626058304948
new language,0.3349044485519386
student gives,0.3347779459049954
graduated,0.3346941647569821
hours outside,0.33449360090253266
basically reads,0.33446710911506183
incredibly sweet,0.33372075489596553
life,0.33363502480530477
enemy,0.33350674267116687
emails helpful,0.33286155561950503
paper easy,0.3326122720755142
lay,0.3325911714339483
classes classes,0.33250434985147614
honors,0.3322757503178894
lenient understanding,0.3320058808543638
attention great,0.3319900830005471
amazing goes,0.33191118667631553
classes need,0.3318429418680781
government,0.33176866293953244
final easy,0.3314498657940705
fixed,0.33126211873153394
diversity,0.33126006434442
textbook use,0.3307191399448172
needed study,0.33061326478373304
honestly,0.33055710251448184
understanding fair,0.33054771594079746
forum,0.3303062666518915
published,0.3302342579873953
sheet exam,0.3301464438864811
harvard,0.329946887109432
nice tries,0.32981343782234324
nice chill,0.3298037841680174
smart,0.3297623785787783
videos easy,0.3294737630342284
quizs,0.3290852014942035
peer,0.32890458359231217
feedback speeches,0.32889150407897194
flashcards,0.32875945259280703
grading style,0.32849440439505173
comfortable environment,0.32833714594541863
helpful understand,0.328164378482674
graduating,0.32800365722216884
person willing,0.3277242232920244
day test,0.3276977749030497
austin,0.3276531501543532
considering taking,0.3272901518206008
teach way,0.3269847660109771
semester great,0.326966125200551
provide extra,0.3269579692451069
provided clear,0.32688723303367917
interesting helpful,0.3265398061671896
answers,0.32637329964372475
ive ive,0.3262750429534076
fluff,0.3262746562023665
problems easy,0.32618901008180334
survey,0.3260913829554948
cares passionate,0.32569832598083825
appointments,0.3256427391367577
guest speaker,0.3255897116940821
guy tries,0.32511622700805365
highly highly,0.3250997462279373
participate group,0.3250031279662377
shes smart,0.32482011515882825
readings arent,0.32474480348560364
watch,0.32466287017432865
oneonone,0.32404737983654563
needing,0.3239472314344905
best best,0.3238940486673007
soon possible,0.32339464617079056
range,0.3231974116170418
great need,0.3231965704439569
effort making,0.32319544550889695
projects group,0.3230537564682805
proctor,0.32266156471755547
think outside,0.32262214316298143
took hybrid,0.32257524199771315
student participation,0.32257018432899476
staying,0.3225514125495211
truly gem,0.3224603212561176
penn,0.3222711974697738
companies,0.32205281382798695
test extra,0.3220335384095497
easy project,0.3219133571493671
amazing teaches,0.3211261950170691
chase,0.3209792493362726
difficulty,0.32075752291522763
math prof,0.3205860778525025
hes approachable,0.32050762358778395
sweetest caring,0.3204499540270166
super supportive,0.32040186392028286
far hes,0.3200458327931687
civil,0.31987131478065917
best recommend,0.3196387145654134
passionate makes,0.3195902203724016
order pass,0.3193880344522283
hardworking,0.31928377866749635
truly loves,0.31889374237340645
discussions group,0.3187845069270459
wright,0.31863678710162074
consisted,0.31857443177669675
caring clear,0.3183990236413584
super willing,0.3177767891898436
planning,0.31776592827399575
pretty understanding,0.31755713717050227
based weekly,0.3174730481426956
results,0.3171544334186793
checking,0.3169840104411013
security,0.3169706458687879
news,0.316918754655921
conference,0.31639786593206176
interesting highly,0.316210211803454
trips,0.3160089617637061
email responds,0.3158879155708561
cares succeed,0.315489996446278
need improve,0.3154590944458036
shes willing,0.31522234329128274
lowest exam,0.3150644727232813
community,0.31472848603595394
fair long,0.31471936939549927
long week,0.3145515416099203
director,0.31426445206485354
understanding things,0.3142447397012389
professors genuinely,0.3140437069349584
quite possibly,0.3139542330754999
answering emails,0.31321367555911295
loved classes,0.3130650024274431
guy makes,0.31298230621046713
country,0.3128533160542563
cares works,0.3127845796438584
group project,0.3126802930212439
french,0.31266770198058075
corporate,0.31261781327318355
amazing truly,0.31248851149954654
making easy,0.31244189050234783
great actually,0.31239075637303815
awesome feedback,0.312100524228768
need easy,0.31185906541327946
having taken,0.31165213907895567
literary,0.3116221633593075
learned highly,0.311615189052227
learn best,0.3114039060752429
hes hilarious,0.3102537350499369
final extra,0.31010561627012645
great lab,0.3100816046248179
cares pass,0.3100226418083004
rewrites,0.30995972829044566
isnt long,0.30980470424185247
specific feedback,0.3096973954617321
helpful study,0.30948442155817707
expert,0.3093730393842489
organized gives,0.3093404881936427
realizes,0.309265622919454
week theres,0.3089011052864809
youre set,0.3087480321737833
penn state,0.30817336176414384
state,0.30805253920974734
study lab,0.30801305877228163
consisted weekly,0.30780208836171824
examples easy,0.3074693030133202
wants easy,0.30738476906934414
plenty extra,0.30689252007666706
african,0.30675172653169214
ask need,0.306519181131001
make difference,0.3065128423365813
phil,0.30643985231685017
presentations,0.3060522526014083
obtain,0.3058894961817327
peer reviews,0.305822216350547
classes great,0.3057115306589712
way definitely,0.3056113645174971
reviews,0.305567142900053
amazing knowledgeable,0.30549422374943014
prepare final,0.3054711127024179
youre going,0.3049353503190075
wants participate,0.30476503649723996
putting effort,0.3047198238396434
professors caring,0.3045063982349636
understand pass,0.30447981149667297
outside needed,0.30426050372287167
shorter,0.3042469445924107
hours makes,0.30396184933211406
videos helpful,0.30371247335961843
review sheet,0.3037048258911006
straight,0.30357681241442847
succeed recommend,0.30356726020475927
professors truly,0.3035259994384489
person highly,0.30345973660000836
meaningful,0.30336110856169546
able explain,0.3033476828497949
sure watch,0.30333376448823635
gives multiple,0.3032325675220858
composition,0.30295791585948767
reviewing,0.3028967695026991
understanding best,0.3028658730540392
biochemistry,0.3028373823252078
helpful outside,0.30280130887468426
faculty,0.3027565110928353
ethics,0.3024744421184502
email office,0.3022649465721903
attainable,0.30190064609772493
term paper,0.30178851917785193
teaches clear,0.30177620023579
makes classroom,0.3015439785407446
slides makes,0.30132175791695914
attendance important,0.3012760807741512
bat,0.30106999249617594
willing needed,0.3009801195630917
card,0.3009053778779359
pass read,0.3008523004536887
guy talk,0.3008420454525065
planned,0.30059670884668105
strongly,0.30057313942578734
supply,0.3004601880126522
project heavy,0.30038007014017853
overall shes,0.3000305616729704
problems book,0.30001246556286754
lee,0.2996375057949358
proved,0.29891594861320653
opinion based,0.29880553381797187
overall wonderful,0.298738748455826
accommodating understanding,0.29858356975297684
correct answer,0.2982536779826179
easy textbook,0.2980045274149347
discussions weekly,0.2977067142492637
modeling,0.2976985475504021
boy,0.2973562309544756
bit challenging,0.29728621778425746
tell truly,0.2971195238098136
enjoyable interesting,0.2968616099907506
seven,0.29599754281922847
whos,0.29594507772230266
essay easy,0.2957002365839406
precalculus,0.2956330202874821
hour half,0.2955140968180702
easy took,0.2952407330706318
definitely recommended,0.2951522606449073
previously,0.2949837558800235
fantastic job,0.2949109304293331
fun entertaining,0.2946495049614592
reliable,0.29458527205414475
architecture,0.2945698545616946
review day,0.29455245563421495
anderson,0.29412162582526474
ive semester,0.2939667518282881
depends,0.2939644597025321
amazing nice,0.2939219601674745
amazing actually,0.29389270673961204
testsquizzes,0.2938752339302903
color,0.2932688897774021
cares person,0.29321006030026414
model,0.29316937785153574
parker,0.2930007778470576
market,0.29277156375132174
introduces,0.2923653561298191
sdsu,0.29220901808677885
dig,0.2919958975739473
literature,0.2919595015126609
elements,0.29182318072256574
music,0.29166731752763747
manual,0.29155183249298144
long weekly,0.2915283722449484
enjoyed definitely,0.2914732793012114
recommend looking,0.2905000021568187
read instructions,0.29032512449634434
prof clear,0.2902478398727987
leadership,0.29023946002028805
easy understanding,0.2900978791889605
learn write,0.28903102232918754
flat,0.28899068041403086
great english,0.28882563967110114
instructor ive,0.28869532627923095
book slides,0.2886020457535875
america,0.28858554193605307
explains topics,0.28806524647490267
met week,0.2879574968342004
idea going,0.2879568691508768
start,0.2877940208691514
sensitive,0.2877531928664595
semester shes,0.28770101198077974
hardest thing,0.2875098810453316
great straight,0.28700621085661776
nice gives,0.28687913929936615
writing reading,0.2868541492578619
pleased,0.2867738201775164
erin,0.2866245117912381
helpful makes,0.28655955706215613
interesting engaging,0.2862742747107957
youre gonna,0.286250524133897
college student,0.2862232403039363
prof took,0.28614934317899937
based participation,0.2860302514345936
prof nice,0.28585872990125655
learn definitely,0.2857260760160192
say great,0.28552232905828845
fundamental,0.28548825240066905
cares definitely,0.28514200972778375
attending,0.28489001893512156
easy informative,0.2844270290479779
initial,0.2840927334757145
teaches need,0.28406428530979855
pretty straight,0.2838295304085875
midnight,0.2837782790743333
delivering,0.28357369962590506
applied,0.2833059372270387
nice fun,0.2832813388461388
moodle,0.283256742042159
amazing long,0.2831455212874087
mind,0.28301645165187683
long gives,0.2827806164045829
scores,0.2820063186792013
caring patient,0.2817498541971555
genuinely loves,0.28169805881856474
makes chemistry,0.2814309598581551
success gives,0.28058261181205824
williams,0.2805003379426242
understand cares,0.2803586674126327
criminal,0.280011570843749
purdue,0.27992408352185144
week pretty,0.27991750839651547
semester prof,0.27980373746718806
graded essays,0.27957800057581833
papers projects,0.2795203306126052
single assignment,0.2792021748274308
shes easy,0.2791556687133845
couple classes,0.2788905721569975
earned,0.27870825971059454
sure review,0.2779398145317701
hes new,0.27792849566448374
took stats,0.27751023342148007
expectations grading,0.2774285038707889
mary,0.2773538667792643
comp sci,0.27732814639873127
study wont,0.276857756938854
accessibility,0.27669189982032444
super informative,0.2765347152131659
professors care,0.27651194295148845
required reading,0.2759724020122598
aid,0.2754910569886337
youre late,0.2748389250386105
patient willing,0.27454722070445187
enrollment,0.27441105263420235
english professors,0.2743962900732782
outside hes,0.2741339609693271
scare,0.2741019908761506
pass hes,0.27403230371880083
teaches wants,0.27394043294330717
gsu,0.2737079220274318
total,0.2732026720418149
revision,0.27314661145833985
loved definitely,0.2729498585650354
bad test,0.27256767270007665
amazing funny,0.272311600364128
rodriguez,0.2722072825474272
american,0.2721854831078059
helpful knowledgeable,0.2721496080709479
tutorial,0.2721420584801997
high expectations,0.2720285382702831
lives,0.2719140960574597
took year,0.27185953097006504
person recommend,0.27171963581762687
bird,0.2716015220791247
events,0.27138739175235044
transfer,0.2709375090898046
equal,0.27087398804876883
credit great,0.2708473067874089
clear syllabus,0.27044278239005115
labs week,0.27039254822879294
understand pretty,0.2702542116081773
sarcasm,0.27019606533088125
charge,0.2701015178475408
feedback projects,0.2693240669022748
theres reading,0.2693158804925756
read books,0.2692381610022743
completing,0.2691000592464833
breakout,0.26896983012970826
semester goes,0.2685737525370444
doing wrong,0.2682864954058617
open notes,0.2680177270665076
pro,0.2678904408173297
youre golden,0.26731429446812344
hell,0.26729075486381154
chunks,0.2672666081924182
lady cares,0.2670109385625008
plan taking,0.2668107283305871
exam week,0.26668424909518135
asu,0.2663797939386584
understanding patient,0.2653169900327767
cares deeply,0.26526516004161765
correction,0.2652434187807466
atleast,0.2651761716155744
resubmit,0.26512026874385025
provides excellent,0.2649818502158991
tough makes,0.26496998461392957
sweet willing,0.2642904946675204
need use,0.26418812863153024
comes writing,0.26406683859451935
classroom environment,0.26405164744600423
everyones names,0.26400851622190064
colors,0.2639354980069645
effort succeed,0.26383793208087813
blame,0.2637297278345837
cat,0.2637234218715802
caring flexible,0.26366695832182707
cares explains,0.2636600976507886
taking hes,0.26346925746551825
absences,0.26319594714169825
disagree,0.2630777341682171
years experience,0.26289709232008657
compare,0.2628112098382288
awesome easy,0.26252052286550365
models,0.26243533276545467
science classes,0.26239002438087194
quiz test,0.2623040084308524
couple weeks,0.2619922039355508
offering,0.26192697790644554
nyu,0.26189222939035756
shes tough,0.261696264490278
couple group,0.26144599053738926
inform,0.2613487038228346
group presentation,0.26104048048729356
path,0.26099570519302484
week quiz,0.26086528284364713
improvement,0.26041789441177554
meet office,0.26035360321430007
revolves,0.2600781421076884
multiple classes,0.25998319697487354
constructive criticism,0.25981396303542803
youre given,0.2597534989146615
space,0.25967541953471773
amazing gave,0.2595364868954786
answered emails,0.25944198084641035
assigns lots,0.2592226135439965
research,0.2588957053815936
learn stuff,0.25886683328998317
loved going,0.2587224846273391
genuinely kind,0.25854983729125286
caring hilarious,0.25798709768902267
lowkey,0.25780290929958694
missed assignment,0.25764404259617607
detailed study,0.25707017519095016
large,0.2566539826375303
extensions needed,0.25648768025042945
required textbook,0.25638980734498606
sure use,0.2562433655914311
occasionally,0.2561397147333461
break,0.2557649836218925
informative easy,0.2556174983583626
hours make,0.2555869454306243
page essay,0.25531132755736724
hes guy,0.2552282640827503
able answer,0.25520765066476636
quiz based,0.25512765864585213
making interesting,0.2551070454978437
cengage,0.2550561815386666
feedback helpful,0.254825335113345
got bad,0.2543945823394983
dialogue,0.2541327193108197
sharma,0.2541172967255745
chances extra,0.2540637994433211
creating,0.2540340492740296
readings interesting,0.253745520787087
truly enjoyed,0.25357041683130477
skip,0.25354851853320187
stuff makes,0.25309935987156595
lots discussion,0.2530475262406938
answer wrong,0.25278101265899233
bit effort,0.25276424922901874
writing essays,0.25271279290059434
solution,0.2522654435168069
best feedback,0.2522588669029885
fridays,0.2521591545407799
ive clear,0.25189338767602676
papers short,0.2518915213384138
revisions,0.25188158423946855
turning,0.25185084919795425
examples,0.2518176348213063
presenting,0.25179294849917094
awesome great,0.25178105406746815
join,0.2516616500671583
random stuff,0.2514847074479588
amazing best,0.2511806431093269
wasnt sure,0.2507154543800337
group paper,0.25054166385942994
gives final,0.2505393445331548
didnt make,0.2500058461798211
knowledgeable makes,0.24984909242004552
amazing engaging,0.24984434252364746
want teach,0.2497488223897787
wing,0.2496412347892724
final home,0.24963776203531216
recommend great,0.2493617593001383
driven,0.24932924695388892
sends emails,0.24906256719527312
feel better,0.24902214536024128
took spring,0.2487490474363797
hes best,0.24871327233811
understand bad,0.2485940306037015
fun enjoyed,0.24857638132798135
fun makes,0.24850077385484867
informative interesting,0.2483342192668771
major papers,0.24828028464803673
bank,0.2482141414878142
textbook notes,0.24816755584375091
small group,0.24784259428593589
lenient comes,0.24769666293235432
skimmed,0.2476803639293504
great super,0.24758686468025295
finds way,0.24716793130723252
linear algebra,0.24708390509005387
omg,0.24707025671664967
review study,0.24706909329900165
interesting shes,0.24699606503330437
feedback truly,0.24690334156141325
speakers,0.24659390292065034
send email,0.24598055714624226
goes long,0.24594470621286235
tolerate,0.2458713337561877
conversational,0.24579399090573228
writing gives,0.2457457000961303
content covered,0.24564103217601652
fine recommend,0.2455667524215062
fix mistakes,0.24551254149863985
sheet,0.24543755683795682
issues,0.2454362938215332
kind wants,0.2454053143357511
feedback better,0.24519052656421894
math ive,0.24479453000808873
obvious cares,0.24470140931183337
sean,0.24421898136546502
decisions,0.24394498590972277
learn classes,0.24374169415538
set,0.24364495244524031
formatted,0.24349517797301307
feedback highly,0.2433814314446834
slides canvas,0.2433380384889607
took bio,0.24328074788989515
biology,0.2432227074862939
pretty fast,0.24309772000197935
mymathlab,0.24303191799351231
didnt understand,0.2430084262137357
people met,0.2428731159614396
ask office,0.24285194391793027
quizes,0.242715054203606
breakout rooms,0.24257867526636528
great resource,0.2425249204179811
welcoming environment,0.24252049970398928
nice overall,0.24243939673945686
legit,0.24237571016447487
peer review,0.2419545597004668
training,0.2417999772894663
gray,0.24170720397322487
friend,0.24141407041784968
packet,0.24110993338106496
learning styles,0.24094140564263614
times makes,0.24078336206826134
ask youre,0.24042516289393775
subject makes,0.24038743256071646
effort fine,0.24029913872662126
recommend shes,0.24007438474764145
attend read,0.23966379045852626
directly,0.2394907153066555
memos,0.23934389427079752
content makes,0.2392946684027449
semester didnt,0.2389726503030026
set aside,0.2386311024518933
sure follow,0.23854224455424264
csu,0.2383482138144321
papers midterm,0.2382285779846816
academically,0.23819891785139727
lecturebased,0.23818163253994726
experience taking,0.23817542093718996
rigorous,0.2373353340490991
project paper,0.23721756712704078
reaches,0.23700999226450736
super enjoyable,0.2366455947988102
great genuinely,0.23659017873751828
didnt want,0.2365512995474582
grace,0.23646528985752613
lab report,0.23626406500248087
minutes complete,0.23614559758522105
taken math,0.23605993990510973
professors met,0.2358844821142882
tasks,0.23564591974785615
wagner,0.2354519180333032
cares helps,0.23528258184989592
feedback shes,0.23500271430448857
minimal effort,0.23452033571604736
favorite profs,0.23411904294859032
cares truly,0.2341064811797037
day gives,0.23380221521556255
week youll,0.23358841947369835
understand youll,0.2335418669321431
points final,0.23349159132204192
self teach,0.23346868038345042
subjects teaches,0.23314836617829923
uni,0.23311834582246413
hours gives,0.23307207143509387
helpful available,0.23260390894254018
learn shes,0.23250219510382922
took got,0.23241591931463515
heavy reading,0.23232692744234618
easy interesting,0.23206021978466
pieces,0.23169634683703821
youre actually,0.23165064786567946
final attendance,0.23163457073148275
reinforce,0.23133799953012996
test super,0.23091266302449084
brooks,0.23088235001110907
amazing math,0.23065189553516036
wonderful caring,0.23055884392261022
professors great,0.2304361460054067
great discussions,0.23031015659131338
fine definitely,0.2298942815633164
answer make,0.22956238174076424
amazing highly,0.22950705617467193
awesome definitely,0.22939582481171053
awesome guy,0.22905887915839346
long way,0.22901838495986127
comes papers,0.22898329751318935
chapter test,0.22877370254493415
interesting group,0.22845385326959133
steve,0.22840903870149337
awesome understanding,0.22772874710622315
covid,0.2275722167149673
given opportunity,0.22748663749072165
morning,0.22732112002771657
knows make,0.22700334960097415
easy complete,0.22698821944664824
forward classes,0.22684264144700367
curving,0.22644664946003681
spot,0.22623170023120429
best youll,0.22621595572129907
lab book,0.22603495186310066
wellspoken,0.2256367888702703
hunter,0.22543629957890773
helps succeed,0.2253118846093441
wants gives,0.22529159784421435
amazing fun,0.22521143696704374
understand understand,0.22517369023841804
conceptual,0.22491420672728973
pretty interesting,0.22491077075239874
amazing love,0.22484309571022648
usually week,0.22472494958801445
gives decent,0.2245568736053885
easy reading,0.22442670220833774
long review,0.22417180569260228
grader overall,0.22408274120543706
took art,0.22375410700607018
youre allowed,0.22359728289603545
taking classes,0.2235955035489584
approachable helpful,0.22352807392570004
compared classes,0.22311464453827745
wishes,0.22306019002416322
paste,0.22292709036262418
post discussion,0.2228746403359588
points points,0.2227607531308075
doctor,0.2226939872151705
clear assignment,0.22265346223530963
cyber,0.2223958499054483
trying teach,0.22233141152150407
helps need,0.22212107056570177
evidence,0.22200394576494634
participated,0.2218530453929857
best hes,0.22175502714697523
praise,0.2215600236780381
limit,0.22101495915858788
esp,0.22100290844194698
readings pretty,0.22088476189294134
attendance matter,0.22088071413942129
better understanding,0.22051769645562172
setup,0.2201698066318143
weighted heavily,0.22011141424163763
honesty,0.22010102366046905
overall enjoyed,0.2196389069347025
cares best,0.21940554996653083
amazing definitely,0.2193412034620359
hours day,0.21932794890191382
largely,0.21932163038283978
able use,0.21931959598750062
microbiology,0.21914480049706908
educate,0.21907545795803007
new ideas,0.21869414201991588
amazing english,0.2186792545493337
teaches interesting,0.21832835072177376
understanding nice,0.21807591602253393
regardless,0.2178883923755403
usually easy,0.21757380715842414
caring knowledgeable,0.21755065464988638
amazing classes,0.21730009760414282
helpful answering,0.21726280479712715
couple essays,0.21702535429897019
quite,0.21681681139609643
adapt,0.21671656444574686
need practice,0.21662881537469783
cares teaches,0.21641026795520515
awesome shes,0.21633625041626803
try make,0.21623094791588543
recommend easy,0.2157210181334433
simulations,0.2156834449394547
cool easy,0.21566452192168226
project group,0.21560511403566981
feedback papers,0.2155927347119936
extra needed,0.2155276955031258
credit attendance,0.21550451947400215
decision,0.21541513981895993
interesting videos,0.2150453921093857
long understand,0.2150320936092245
nursing school,0.21493183412893754
actually study,0.21435481918636057
benefit,0.21423337064940787
julie,0.21383400446330555
record,0.21375291522401743
piece,0.2133470833932656
exam pretty,0.21241413224207745
probably,0.21226674932591535
pointers,0.21204567961848608
simulation,0.21136071527710554
amazing enjoyed,0.21129975602753023
journals,0.2112966913803749
effort pass,0.21110946542906872
times easy,0.21048973340283264
start saying,0.20989582499238077
mcgill,0.20988844509284552
content isnt,0.2098391405233152
succeed long,0.2098093064280994
advisor,0.20975762610780777
deadline,0.20963289078435335
talkative,0.2096117562040554
caring instructor,0.2090633833669887
easy accessible,0.2089143470185905
exam based,0.20844636374695258
project gives,0.20840609238830834
informed,0.20834064795173246
kind prof,0.20834032496213736
understand ask,0.2082257030236789
computer science,0.20816632840328972
writing skills,0.20800846131162437
study make,0.20780487406862358
exam exam,0.20770755030275537
things better,0.20768239822936832
guide study,0.2071758323822444
contribute,0.20715008266415372
caring super,0.20679007017014514
anthro,0.20673000892232218
reading pretty,0.2065712105144153
easy allows,0.20656293354090877
packback,0.20633388224700439
explained clearly,0.20627176571840466
professors super,0.20624582776448913
easy helps,0.20587349534272745
conversation,0.20579158859299984
professors took,0.20551513308813507
chapter readings,0.20532151765194673
test based,0.20525092405532822
exam open,0.2050190737250674
grader follow,0.20490141211344257
great intro,0.20489974169798372
jesus,0.20477927860760053
going fail,0.20475933909472824
inclass group,0.20475270140246357
taking chem,0.20389575681301308
end term,0.2036056635918742
life experiences,0.2036056100951896
semester extremely,0.2034047953009636
late policy,0.2032650699743114
theres papers,0.2031072807530198
holding,0.20260218232921876
interesting tell,0.20228594583771395
interesting way,0.20201839991678427
recommend courses,0.20195729794555625
catch,0.20154156534032452
going fun,0.2015345728335739
demonstrated,0.20149471817372422
recognize,0.2014641603522395
long answer,0.20142886951167485
super laid,0.201346170643228
qualified,0.20073484191694907
exam review,0.20072396195331751
awesome fun,0.20043699312146704
guy recommend,0.19951941660540212
entries,0.1994696920545039
easy writing,0.1994141793715336
wasnt option,0.1989757859452216
little bit,0.19873979630951916
apply concepts,0.19854676496032284
group easy,0.1983454996761776
engaging gives,0.19801626492585786
best clear,0.19771776063505425
wiley,0.19738644130493072
efficiently,0.19717706399227278
loved super,0.19685140211829194
especially youre,0.19669219445708708
large group,0.19662711793093007
hist,0.1963251193530909
amazing kind,0.1959728871619916
credit test,0.19560637421854707
games,0.19497200738053933
recitations,0.19492191570310005
information test,0.19483258599821354
helpful make,0.1947641799582173
designs,0.1947318737343901
highest,0.19456658102228436
informal,0.19435460116744346
remembers,0.19406945590389577
showing,0.19402106150482887
comes grading,0.1939212600453616
notes listen,0.1938905512582151
attention youll,0.19358180283344986
posts powerpoints,0.193517975026685
book need,0.1933871611724568
prof makes,0.19333377172208524
bennett,0.19325527316552474
presented,0.19304304745731696
nursing program,0.1929376701385303
need highly,0.1926402046465722
presentation paper,0.1925136655188862
bio,0.1923565972890832
took person,0.19227500409883677
ppt slides,0.19222443985451443
karen,0.19220156381323028
ball,0.1922005146162944
shared,0.19184184809591667
grading gives,0.19128552900399703
humanities,0.19122486881704995
beginning year,0.19111727767207373
college level,0.19110898670999169
ask needed,0.19063956940136506
remote learning,0.19052868457262012
patient kind,0.19044159561068788
learning style,0.19029874053008652
thought going,0.1902821971873444
easy fair,0.19012988113306475
college classes,0.19008965725358593
right wrong,0.1900293417971343
exam super,0.18988498110095361
projects final,0.1898780871879604
outside wants,0.1896087949945726
physiology,0.1895493844051677
ask hes,0.18952431801336198
times,0.18947740464094673
adobe,0.18933651704424997
emphasize,0.18913167787263901
didnt feel,0.18906846390712284
goes problems,0.18870027311542237
caring fun,0.18868996428097257
responding,0.18835599834437336
obviously cares,0.18834315710569352
mock,0.18613120141814693
clemson,0.1857821932631735
sent emails,0.1852754905252047
need hes,0.184773180294187
understand available,0.18459125476989846
classes fun,0.18446613752151522
directly book,0.18440400480155836
breakdown,0.18431248916411802
classes teaches,0.1842692228505003
youre reading,0.1842394339168491
senior year,0.18419241243733694
credit easy,0.18412362283276934
comfortable speaking,0.18396461293225366
amazing need,0.1838424355141736
till end,0.18332663565509075
interesting topics,0.18331324083400657
sweet easy,0.18259372724916154
question ask,0.18228363853217838
near end,0.18215352335104731
ive school,0.18173844247668552
arent easy,0.18172035909264558
fun highly,0.1816841385184494
study overall,0.1815969331021087
textbook super,0.18124098128932145
nutrition,0.18075906853880108
recommend student,0.1801951158360553
exam study,0.17984992444828385
helped grow,0.1797951942014371
monica,0.17914448768017868
post slides,0.1789752644988252
feedback responds,0.17887522507566136
formula,0.17877421932072532
foundation,0.17830170334148462
want attend,0.17818935043459086
great love,0.17786987967752707
read week,0.17750029147936008
projects semester,0.17711926479075435
cares youre,0.17710974547588465
easily accessible,0.17673420284018826
answered question,0.17670028315197897
animation,0.17667177320082544
thoroughly explains,0.17628362070825296
flipped,0.17624410066659155
grader takes,0.17596817429302064
cares genuinely,0.17590455224008486
learn mistakes,0.17521282394655538
brought,0.17506698485968405
story,0.17467554297313365
succeed highly,0.1746450042052791
deep understanding,0.17453723519402017
cpa,0.17445803931685702
reading books,0.17426798465537352
loved easy,0.17404933288454327
intuitive,0.17394837723751638
midterm paper,0.17382935170301886
wont need,0.17370471310167798
parks,0.17333184005205238
final final,0.17317597379443933
hes extremely,0.17305502005079856
knowledgeable topics,0.17275115406445507
box,0.17269764647888805
idiot,0.17253105560474155
took lab,0.17241716438107016
pretty easy,0.17227308525135998
lighten,0.17227225951195846
easy little,0.17226221204889208
tutoring center,0.1722003240060653
things actually,0.17190659746687675
final got,0.1716431502294348
worker,0.17146501858439875
clark,0.1711169234978392
spirit,0.17083188983109443
feedback extremely,0.1707891790770241
programs,0.17059727052445206
great reading,0.1704739041887531
nice knowledgeable,0.17043611967897426
expect pass,0.17038572905848545
healthy,0.17035260917363254
enjoyable fun,0.17033891042557459
test multiple,0.17019830931963106
age,0.17013451246425326
week usually,0.1699227342934181
local,0.1695285812027058
byu,0.16898045020406308
brandon,0.16883704666698787
supplemental,0.1687363588663044
helps better,0.16859951377838048
concepts thoroughly,0.1684928029926347
handful,0.168165882747042
end chapter,0.16812044143768184
journalism,0.16810085237016015
functions,0.16776322121953827
finally,0.16737163061242685
based,0.16718740492195402
entrepreneurship,0.16622981733001913
submissions,0.16558610367043317
speaking,0.16534906487620293
purchase,0.16526529859080896
points attendance,0.16524786680264072
follow gives,0.16511302068124648
exam midterm,0.16496774099966297
bad group,0.16486178378229763
complete,0.1644487513351462
prior experience,0.16420194348585587
discussions readings,0.1641163522791334
uga,0.1640168451655843
program,0.1638176823709335
learn spanish,0.1634440150362379
suit,0.16300501393358444
makes topics,0.16296619866301665
switching,0.16286258338547846
higher level,0.161882788597816
intermediate,0.16155488032119455
reading writing,0.16148900138315114
gives super,0.1614718991332357
mcgraw,0.16142609100015642
exam overall,0.16093734745347435
allows cheat,0.16030219109777447
easy love,0.1602975534570712
profession,0.16028097452157158
follow textbook,0.16013794054516545
feedback paper,0.15996421151343712
assignment heavy,0.15979739100073675
gave,0.15976944628527293
counseling,0.1597430897921566
pass super,0.15962232036038784
moving,0.1595981347176444
involving,0.15941654489386706
global,0.15924014422255672
essay prompts,0.15900403117399398
topics gives,0.159002597972063
packed,0.15889643131580627
super awesome,0.1588614766559737
idk,0.15870267226800236
make friends,0.15860114774108772
calculus,0.15824795283537885
need shes,0.1581800648673017
final essay,0.15808745784083827
consistent,0.15805748950133566
willing accommodate,0.15791816922394308
writes board,0.15783848690683197
credit assignment,0.1578376597044133
writing prompts,0.1578253108587772
took winter,0.15772266305092508
slides arent,0.15768117295414075
weekly quiz,0.15734783661920376
science,0.1573441283625448
level difficulty,0.15728570025907657
sure attend,0.15718679049452222
hating,0.15707199522201182
caring genuinely,0.1567647435174705
fun super,0.15673854905311083
easy lets,0.15663487933559683
best lab,0.15649734926625344
heavy load,0.1564841003536386
immediately,0.15621306788866973
enjoy learning,0.15619143585040307
pacing,0.1560958098561445
cares highly,0.15584931975120514
race,0.15562898678072498
test gives,0.15549895510248926
fun long,0.15545162438223228
hour early,0.1553691522877007
organic chemistry,0.1546494854889958
best ask,0.15460533086256262
projects interesting,0.1542007336871271
adjusting,0.15394858746768103
wow,0.15376632775008325
amazing genuinely,0.15366525541571294
short answer,0.15333117090205056
auburn,0.15332832777801386
writers,0.15317690902669615
past years,0.15280492504100912
lab super,0.15270915349378256
awesome caring,0.15257523111536708
shes little,0.1523338383552254
textbook heavy,0.15231127256694899
problem sets,0.15213359198199006
entire period,0.15197091988461692
papers discussion,0.15175919131276655
rating,0.15161151355905142
classes prof,0.15142881287277832
quiz easy,0.15091980738712668
amazing loved,0.15089244669539464
prof super,0.15087113907525013
bad math,0.15037253809985476
writing writing,0.15023996319858474
loyola,0.15020199729012004
figured,0.15014001328911547
tcc,0.14993368784076405
makeups,0.14958001640890609
boring attendance,0.14927042617894032
warm,0.14913189312684255
week study,0.1490631494711233
crime,0.148549181015926
wrote,0.14826554334559658
helpful semester,0.14818554496766956
interesting guy,0.14813825084021004
learn concepts,0.14775938872658673
understand notes,0.14774820176000544
cheat sheet,0.14771381498872727
opportunity extra,0.147698151497429
assignment final,0.1476740709667138
goes need,0.14728682420241607
learn new,0.14705393955273496
followed,0.14702214578722234
service,0.14701110022328223
need miss,0.14699564832762343
grading rubric,0.14664908591974843
kind fun,0.14649825733521848
project semester,0.14641045232884045
funny relatable,0.14639778677171614
write notes,0.1463849479981175
posted canvas,0.14628789281650295
ive classes,0.1461226064774955
scratch,0.14598892751219178
hes actually,0.14565176404170277
awesome super,0.14555330614964138
review session,0.14534858327381586
success makes,0.14459121007668813
section,0.1443147177457633
person tell,0.1440985290235438
quizzesexams,0.14384460258332296
connected,0.14349055829387394
attention gives,0.14333220076858155
week overall,0.14300313782353763
devote,0.14290554619842374
review days,0.1420215862324267
shes trying,0.141837294765363
midterm finals,0.1416566555880042
pass study,0.1410285285386458
ive took,0.14099715393141826
notes read,0.14082585088317312
horror,0.14030421737650578
extending,0.13985549793457513
fast gives,0.1397166053952032
case,0.13968149854593728
paper gives,0.13959132090936663
make read,0.13941816791539516
hughes,0.13933993044759913
exclusively,0.13921601932698943
shes friendly,0.13892390172184882
going easy,0.13844929787680138
understand study,0.1379505357502482
amazing semester,0.1378862492637446
taken easy,0.1377440798105151
learn hes,0.13754938349662457
guy super,0.13722969835848792
tries teach,0.13702940024590032
awesome instructor,0.13661977879499554
make learning,0.13659447812453446
request,0.13654042000278474
understanding lenient,0.13649118396756013
week long,0.13630767421368656
topic gives,0.13614810258824006
great ive,0.1360320139434665
effort study,0.13541941330411292
lets early,0.13528459568838336
prepared spend,0.13507484614678353
helpful shes,0.13502190059045266
feedback improve,0.13489011412217067
amazing hes,0.13448503481794433
readings make,0.1344086924310401
fsu,0.1342216080860401
actually pay,0.13383932907206328
alot,0.13326445070257856
need long,0.1331449231612056
overall super,0.1331420579161045
best option,0.13304237767364668
ive enjoyed,0.13297975974232304
bringing,0.13293289754869875
caring supportive,0.13283922026160463
watch video,0.13220060148862203
truth,0.13217550857005306
big final,0.13211342073771123
theories,0.13211057161790746
lets redo,0.13172551305882715
clarifying,0.13164853483045688
helped better,0.13157016055834725
frame,0.1314624539368629
short videos,0.13118563797609123
distance,0.13114449902037958
posts canvas,0.13111170823693155
writing assignment,0.13105138757099422
readings textbook,0.13096855310762062
took intro,0.13046645337427984
easy use,0.13038564150029003
best pass,0.12974967322734157
points didnt,0.12969618824167228
overview,0.12937238569140802
macroeconomics,0.12918838774663782
hes fair,0.12917741899952817
gave examples,0.12915511893096907
syllabus says,0.12914651915769196
complete weekly,0.12891210462930955
accuracy,0.12879890858118864
outside need,0.12851996174021757
kind willing,0.12834175295266703
main,0.1282295851225241
coronavirus,0.12816459451565798
prof semester,0.12795227524045846
watched,0.12769488990637212
took twice,0.12765643018441744
workbook,0.12761193829479953
chill understanding,0.12732020308967085
study test,0.1267970715614495
studio,0.12664666816126693
feedback willing,0.12629569727894485
youve,0.12586059494975946
spent hours,0.12559651696730967
extend deadlines,0.1250913218422603
overwhelming,0.1250125461420392
shes favorite,0.12493202317305858
answering,0.12493178765591474
kind gives,0.12462871908737648
weekend,0.124097111238856
prof gives,0.12408118547139592
overall kind,0.12401868763935862
response papers,0.12381906362540712
biweekly,0.12365716908878402
graphics,0.12351088931981495
actually interested,0.12334927720796725
poli,0.12331724907225276
cares knows,0.12331608041041195
answers emails,0.1230548332572557
joking,0.12247360649294088
cis,0.12195363601469832
amazing woman,0.1219191676337218
papers read,0.1218699408372256
outside willing,0.12186820278047959
carry,0.12176697201404553
wanting,0.12166690654726768
middle semester,0.1212948946908169
wonderful cares,0.12043884892050422
solidify,0.1204349389872555
best succeed,0.1201186913698251
proffesor,0.12009341723494421
takes seriously,0.11966000461521345
talk gives,0.11926638898950753
feedback takes,0.11916996621250758
gives awesome,0.11886840667650467
best thing,0.11854431632808372
classmates,0.11836093081538547
week lots,0.1181889343799279
final based,0.11810584519653379
participation required,0.11792102819658018
glad got,0.11776514631831429
trying figure,0.11769895439225883
debates,0.11755194696303194
caring passionate,0.11751007701656804
boring makes,0.11727838983814061
emphasis,0.11684608990907899
accomplish,0.11678776550399224
uploaded,0.11641315871458982
business world,0.11624605226241709
heavy easy,0.11516393097260334
helpful didnt,0.11509559198808854
effort great,0.11417185632176065
sidetracked,0.11382097941134191
anybody,0.11364920697082183
track,0.11344985633574098
makes math,0.11317818750211124
miss day,0.11300994235109509
result,0.11288245763025136
politics,0.11277639925489318
shes talking,0.11259346498016568
theres way,0.11109986178208603
best truly,0.1109615866341886
drama,0.11088597493233068
excellent prof,0.11078132993367001
combination,0.11073969951986931
books read,0.11070657637249111
confidently say,0.11067808598560677
letting,0.11005722315523964
try trick,0.11004227467969954
email respond,0.10989542375352002
concepts easy,0.10969395556732098
view,0.10869402588867709
register,0.10831205846965677
outside gives,0.10820695957092402
person classes,0.10799171077528992
block,0.10785966232051289
rough drafts,0.10763449851692145
sing,0.10688476836921226
looked,0.10664734986385767
rock,0.10644763158203213
open helping,0.10608033943453613
credit boost,0.10606679048772438
read textbook,0.10597682265899283
come pay,0.10583120241684786
usf,0.10581019535347032
amazing lab,0.10576173802209579
theres extra,0.10536989010866926
participation attendance,0.10523191858662614
citing,0.1047324509361207
equipment,0.10467492215028122
elle,0.10437294499420974
need outside,0.10419070197424972
learn great,0.10418662906185322
chat,0.10299023327131016
entire life,0.10295541239458296
anthropology,0.10286235562383775
draft,0.10283710240717159
discussions interesting,0.10278987772099926
easy credit,0.10268743981690727
task,0.10253091333436651
ive genuinely,0.10192147062782612
rude disrespectful,0.10179059496668046
rated,0.10157473317719848
amazing helped,0.10133902219314157
food,0.10127613298950146
way youll,0.10105050617513271
future classes,0.10102846344819551
grader super,0.10071196212355829
reading reviews,0.10063572997609467
things need,0.10014930725575685
psych,0.1001118207270054
mid semester,0.09983485871007355
fine gives,0.09971803167890507
chapter read,0.09956672464458131
fun definitely,0.09953090262565265
use notes,0.0990559938534783
recommend reading,0.0989569701372153
click,0.09882873241700607
recomend,0.09881070180492957
needed succeed,0.09875759702695533
actually enjoyable,0.09841979003905403
easy succeed,0.09831138645116944
best shes,0.09773009668095865
super important,0.09772006855437838
clips,0.09736929019566695
people ive,0.09736023274135477
allowing,0.09712136559792368
gives bonus,0.0969940365319979
pretty quickly,0.09696820365966186
cold calls,0.0966268462138776
document,0.09653330847434036
great pretty,0.0964590750501748
points exam,0.09618022716127328
typical,0.09609796552956712
email response,0.09594352769336019
academics,0.09576826895754542
want best,0.0956893448927174
assign,0.09566842749893212
took freshman,0.09525501542066382
felt learned,0.09500726101233155
downfall,0.09493663380889192
fine make,0.09421307437132681
question test,0.0936044902793334
learned interesting,0.09323632111641496
textbook easy,0.09319896866472765
kind guy,0.0930634254454082
discussion quiz,0.09302925123140095
learning environment,0.09272119217363063
final,0.09261812291968217
easy paper,0.09260056160996231
field trips,0.09246098088383953
art major,0.09213680008434884
try learn,0.0921163205020778
final short,0.09159545966525008
need talk,0.0915454575628555
week chapter,0.09141030999961332
possible,0.09138786626241803
clearly knows,0.09138129661534013
ask clarification,0.09114316393926036
cracks jokes,0.09098479801875091
learn way,0.09070146064863628
easy kind,0.09060220009242997
neuroscience,0.0905307949548208
schedules,0.0901101371282637
gis,0.08974167950124365
seminar,0.0897013862273545
tremendous,0.08961141570406045
certain topics,0.08878528289281658
amanda,0.08867105608840695
gives interesting,0.08819863080437304
asap,0.08819043383551793
best choice,0.08783488160340087
reach need,0.08736892851172925
amazing amazing,0.08712877347926301
classes discussion,0.08701776393245403
normal,0.08687098749633418
sure practice,0.08642884427497992
theres lots,0.08558454648970706
great job,0.08540394566109213
ask ask,0.08531424368896891
powerpoints study,0.08507896479473173
standing,0.0850265597772942
wisely,0.08500501389572358
assigns readings,0.08492970794800055
things thoroughly,0.08462626835504351
reading weekly,0.08460821900816312
test reviews,0.08439638389679367
fun learning,0.08416946130885737
assigned week,0.08387502201989865
projects week,0.08378400623481744
truly learn,0.0837702612966395
second,0.08366680900723819
based easy,0.08347322543437957
gives test,0.08302496372314126
table,0.08278322997294911
fin,0.0827737827698899
chemistry,0.08274301765935226
understanding life,0.08249276157108414
late gives,0.08233435560338258
iclicker,0.08225551712916812
answer gives,0.08225500721685815
networking,0.08170296485962061
assignment instructions,0.08128704947822774
understand definitely,0.08083632757872695
undergrad,0.0807734549227344
instructor cares,0.0806650514966955
honestly easy,0.08064467089728278
genuinely nice,0.08056022840876817
understandable way,0.08013467892330386
awesome highly,0.07993879244301573
page papers,0.07982430202719429
robin,0.07978854855953212
teaches great,0.07977574952178244
grader effort,0.07969474474629004
miami,0.07967409336081986
doing reading,0.07967171861643642
english classes,0.07965888505776003
week readings,0.07926625808408629
forward long,0.07912378508413227
easy group,0.07818323847059734
took math,0.07801346532626045
semester midterm,0.0777713972084058
funny engaging,0.0777358059116287
truly amazing,0.07771647561448691
ones,0.07760322521420968
undoubtedly,0.07732253410023023
points make,0.0773012611895966
board posts,0.0769689967658801
nice tell,0.0763036259804024
learners,0.07624076339820118
readings discussions,0.07616059913774527
best makes,0.07583769950558088
sure group,0.07570670796338899
nice passionate,0.07565607804064212
new,0.07524794227847127
understanding overall,0.07509571755205519
require effort,0.07492362046963068
page paper,0.07460729006593769
messages,0.07438360212573239
way succeed,0.07437100674635788
pearson,0.07436482587347203
try youll,0.07432939188578731
ive extremely,0.07414903821986735
examsquizzes,0.07410549425028803
updates,0.07347786814076675
saw,0.0731792657455613
experience great,0.07260701497547463
super quick,0.07201762437195401
ward,0.07187564170821249
credit nice,0.07181875177684797
coffee,0.07171291553759554
clearly explained,0.07150509869666012
knowledgeable great,0.07133802251902285
rly,0.07131020144887709
formula sheet,0.07130368233952332
stuck,0.07102636330710069
exam recommend,0.0709313852136119
business major,0.07084832124358764
comp,0.07059943416302683
reviewed,0.0703896670981489
longest,0.07031947678590199
amazing sweet,0.07018456533748041
person met,0.07011572056099179
giving feedback,0.07010337309277978
applicable real,0.06985163846491317
understand teaches,0.06984722591034243
missed,0.06974366108761905
semester recommend,0.06970720670175161
capable,0.06917198698124792
quiz,0.0690568159615126
legal,0.06880076801915404
gives real,0.06843906807047866
perfectly,0.06828927174691117
got great,0.06821410115041117
heads,0.06807672307051162
great effort,0.06777966920788081
semester group,0.06773372158633031
prof shes,0.06771829048091578
read interesting,0.06757218819274083
student feel,0.06756035360569045
ppl,0.06751411298671649
band,0.06741922984391491
knock,0.06740364311214707
person amazing,0.06730964897061373
stern,0.06718167994772668
asynchronously,0.06708468587569108
teach makes,0.0670044693737902
loved great,0.06690472756461213
need definitely,0.06661677723449223
intensive,0.06636731369388428
whats going,0.06614448400378611
red,0.06599485729336411
second exam,0.06566709394573907
provides great,0.0654406139999415
continues,0.0653776428752148
chapter book,0.06489271900613008
care wants,0.06469011544325429
calc,0.0646410816383271
toes,0.06456370110156667
actively participate,0.06435556985663562
raise,0.06431615542327446
outline,0.06420309216015771
semester got,0.06387878837879532
prob,0.06358582719755945
genuinely want,0.06324159877204186
city,0.06308704539951658
chunk,0.0630367492298323
critique,0.06278382252401479
accessible helpful,0.06220277792535806
stuff,0.062120333432283625
helpful interesting,0.061938020146291996
ask shes,0.06170651031750972
foundations,0.06166573587925815
fun shes,0.061484403908852944
page notes,0.061334973009692866
song,0.061287782361455205
semester went,0.06122436346884317
instructor great,0.06115345048180322
grader papers,0.061139743194347895
rest,0.060583153398207065
concern,0.06051459649284653
unlv,0.06049102039279611
able apply,0.060263784420974895
flexible office,0.05973588202562716
final extremely,0.05932916743347643
cares puts,0.059263378933012624
relatively easy,0.05914609233001003
session,0.05905642527705782
easy math,0.0589179416328881
knowledgeable teaches,0.05861739173737478
touched,0.05838115910076677
understand people,0.05813238215010553
christian,0.05806495999843237
points easy,0.05790027203090223
extensive,0.057232091768203236
attendance counts,0.0569927214972238
fys,0.05697141203696727
slides word,0.056934434676298225
schooling,0.05686374882386271
younger,0.05671990409608291
comm,0.056686090456862535
shes fair,0.0556803741317564
profesor,0.05567860586101909
inperson,0.05536217681533983
teammates,0.055274713893222145
example problems,0.05505299691933801
differently,0.05499974635879968
professionalism,0.05490129337839247
great human,0.05453674930754847
textbook slides,0.05426804959976396
brain,0.054085241283331614
reading gives,0.05389733747437319
actions,0.0538278340497764
sem,0.05378764262220642
fills,0.053503020762019834
logic,0.053255573165439114
stars,0.05304121832747427
maths,0.052881330319123176
thinking taking,0.052823942770894555
succeed classes,0.0524570723997272
ive felt,0.052285894635994826
report,0.05212225352904647
tho,0.0516934670664926
ive learned,0.05167713489111153
way shes,0.05121583371872888
minds,0.051206730451712396
miss classes,0.051012609784000476
hall,0.05064802333487338
follow syllabus,0.05052189015077579
math professors,0.05051897609217786
soul,0.050432643839263
want read,0.050419907257644246
peter,0.05030164797581124
interesting thought,0.05018322893011457
experience ive,0.050053333381039386
timely manner,0.04967701577255322
big project,0.049463451722161315
grading pretty,0.04943569117689523
essays easy,0.04939213239568885
funny chill,0.049172618230188384
book needed,0.04917167099631262
grader makes,0.04913821435863144
effort make,0.04912818942772782
little,0.04897773087903508
slides gives,0.04884010631776091
notes exam,0.04826456883124609
essays midterm,0.04811081320317925
passionate psychology,0.04790120307712499
recommendations,0.04786056631362606
sheets,0.04777709025013768
coursework,0.047651433557843154
fell,0.04760874779592235
available need,0.04744817138443269
youll easy,0.04689746118527619
khan,0.046519137514661156
genuinely caring,0.04605775951571522
rhetoric,0.04605600550417986
projects pretty,0.04597959248973652
credit recommend,0.045345642464547316
classes usually,0.04512721789120723
notes helpful,0.04494145691431226
people learn,0.04483975080511509
rid,0.04467529539702737
succeed willing,0.04443173343787329
entire semester,0.044190616856420506
easier learn,0.044151161452991694
lecturer,0.04391328028040524
enter,0.04335494353616109
zoom classes,0.0423685351202202
cases,0.04204283982580931
classes extremely,0.04202272412679439
went,0.04201844620062129
book notes,0.04177532664124325
stress,0.041500696050090366
understand subject,0.04090489376820758
projects make,0.040634157382035616
understanding kind,0.040112573566603485
follow study,0.04005710436350968
funny super,0.039621523829740705
access outside,0.039078941375674005
super engaging,0.03903585868996544
concepts taught,0.03869991914120132
flipped classroom,0.03841013344382254
weekends,0.03827488180126741
weighted,0.038101803848031364
passionate gives,0.037641933234937905
observations,0.03761661469654643
soft,0.03743278528110627
bare minimum,0.03739852939181228
courses ive,0.0373618987836049
mathematical,0.03735096418091962
definitely need,0.03724899989280936
videos,0.037089588099097584
ratings,0.03691351819121304
disability,0.036771465459353
understand test,0.03637636711384126
submit assignment,0.036176288734328745
prof knows,0.03616335847579304
learned new,0.03450172055859683
papers weekly,0.03450138422733728
helping succeed,0.034463605272582146
btw,0.03399869348923455
easy come,0.03394846706231537
participation mandatory,0.03381807095280013
extend,0.0334660305577647
make feel,0.03293650443240443
keeping engaged,0.03269655430293896
focuses,0.03221858785257941
learn information,0.03202135345381763
ton,0.03163493003825233
stresses,0.031414918122945355
willing struggling,0.031209866749181418
easy final,0.03112971607283022
visual,0.03069768267048325
solutions,0.0300615942927402
ive makes,0.029983862096046154
introduced,0.02976197252298295
test arent,0.02958766026420021
key points,0.029539272487807678
easy grasp,0.028449793710312556
data science,0.02830705030976742
biochem,0.027705314208351664
situations,0.027615456698156574
quiz final,0.027136483741744544
partial credit,0.026934807055321773
week discussions,0.026619845306693497
favorite ive,0.026455154826523733
caring compassionate,0.026279439997879354
make best,0.02593052409907499
math isnt,0.02588958748602619
cares easy,0.02554257118694352
understand overall,0.025343336334760554
ask lots,0.025019845049468668
fox,0.025017743879215605
cares helping,0.024916851819560163
clearly passionate,0.024818235214588254
inside,0.024469230245199182
anyways,0.02428574131260474
attention participate,0.024096237006299873
creative freedom,0.02401469376022316
womens,0.02341420070342139
genuinely enjoyed,0.022711111756144944
partial,0.02237942949364629
notes overall,0.02202229986528156
sweet genuinely,0.021793447111244403
purchase book,0.02167112133045415
prepared write,0.021414925845754502
images,0.020722122686663236
argument,0.020340485671693102
throwing,0.0203355851178653
cite,0.01966221322758507
way pass,0.01952727541521451
understanding cares,0.019227123874652054
cumulative final,0.01917894525886315
science major,0.0183227531100753
taking english,0.0182196361500322
recent,0.017765094759163744
adam,0.017189662503807525
solved,0.017087886115118696
easy straight,0.01694836634381131
cares accessible,0.016915170660709192
recommend wish,0.01686936681150077
didnt bother,0.01637158910549547
ses,0.01635700863023269
relevant interesting,0.01631316055619781
appropriate,0.01623813849985669
exam got,0.016188782167481812
easy week,0.0160166081945617
teach teach,0.016014624636499376
final study,0.015595444077966166
caring truly,0.015514406152434119
hes flexible,0.015207860780970063
easy need,0.01518527622158078
taken,0.014594300464286489
sped,0.014438632751653446
win,0.014414597616361997
grader wants,0.01432563335844646
introduce,0.013817793444724785
hes funny,0.013690936482601914
reed,0.01353396802497684
great care,0.013531752526171621
read papers,0.013091023139665146
sundays,0.013033038394963012
exactly whats,0.013031762481520633
understand learn,0.012469605254187407
hours week,0.012200265611554259
career path,0.01198894560959072
textbook read,0.011677172334244788
trouble,0.011625792417935862
feed,0.010938431510043365
andor,0.010701960189208184
engaging interesting,0.010680360832445251
reading materials,0.010493044167379825
fall semester,0.0101535650728061
mcgraw hill,0.010069542421255654
stop,0.00906027261563785
classes gives,0.00884309568040407
ask makes,0.00876706378922485
bad shes,0.00853363509983918
ive super,0.008528330077355302
credit overall,0.008023016100716322
soo,0.007887353008636853
feedback recommend,0.0077945472911204955
great long,0.007736923303456522
kind person,0.00681013912858825
learn pay,0.006327188072212954
photos,0.006111646883115853
topic makes,0.005793856965998844
interesting funny,0.005587155222517877
nit picky,0.005381762575260071
began,0.005258139197036479
subject great,0.004723294088052609
talks fast,0.004542117477745863
attempting,0.004473958403525111
interesting listen,0.004015999178870067
corrects,0.003954921304848273
amazing easy,0.003297214874850515
avoid classes,0.003056570311134055
special,0.0024763768895325142
instructor gives,0.002396511350746747
times week,0.0023859069252407214
practice study,0.0016673097382441248
familiar,0.0009504413181848337
early morning,0.0009352786444782002
produce,0.0009212370251785373
retake,0.000605861263651443
textbook pretty,0.00024742341821349604
address,-2.6446376842047974e-05
annotated,-4.4328467976566786e-05
pretty chill,-0.00020076655211667877
concordia,-0.0004138970286489479
hours shes,-0.0007270352779659452
took easy,-0.0010189198917457745
consider taking,-0.0014675016781792675
rivera,-0.0014735687332040675
test day,-0.0017082462612731954
dept,-0.0017821672051763057
think great,-0.002256770941092095
youll learn,-0.00271343049125304
manages make,-0.0027477599719537694
excitement,-0.0028027520734431504
graduate level,-0.0028613744809518433
novel,-0.0029330852482683735
notes textbook,-0.002956949360721239
said didnt,-0.0030217163703360325
best writing,-0.003278807818175325
documentation,-0.003518025957198776
awake,-0.003591641351574687
stickler,-0.0036168998629891066
topics makes,-0.003908508251688505
helpful best,-0.00392043931084773
socratic,-0.00431183026500306
grading policy,-0.00449996353050246
seat,-0.005411397952172928
lehman,-0.005827881347042519
feeling,-0.006202364463475293
cares mental,-0.006284312435910422
great loved,-0.006318784142333745
technical issues,-0.0063217179253964055
zybooks,-0.006685674971901487
personal experiences,-0.007451606528471769
wont let,-0.007595168875733532
hes passionate,-0.007677904944549702
shes great,-0.007697276848786577
helpful caring,-0.007790590435488688
notes use,-0.007954162425325982
contents,-0.00801901817069298
youll miss,-0.008522262450749737
answer email,-0.009317890336695948
learn long,-0.009752535379469776
trying explain,-0.009789893392344899
reliant,-0.0099983587452294
gives extensions,-0.010474299935279117
extra effort,-0.010507630239415392
understand hes,-0.010627179293856997
prof best,-0.010731289438082447
changed,-0.0110288790215483
project pretty,-0.011064517683018478
fun caring,-0.01120313419204523
great content,-0.01132480979052612
prepared lots,-0.011424591010444896
great best,-0.011476198081691376
got got,-0.01178523774390238
uses,-0.01192115244994197
fantastic lecturer,-0.012180798087317462
provided study,-0.012299164559740386
gives readings,-0.012746572357979716
problems test,-0.012924419026146564
hours extremely,-0.012973715062903844
app,-0.013118681554429908
expects read,-0.013271595224296584
outside make,-0.013448748349984408
consisting,-0.013531651345659736
network,-0.014168436046164452
respect,-0.015045529020066277
easy wants,-0.015462687905585113
assure,-0.015813505914458383
plus,-0.01647166786874835
learning spanish,-0.016500487004923268
replaces,-0.01652675947580265
taking test,-0.017175425813833224
taking courses,-0.017684609598156997
search,-0.01798080322205188
slides textbook,-0.0180188692136278
estate,-0.0180441156943931
talk makes,-0.018448915194506758
including,-0.018694557985276687
clear shes,-0.01883473311065567
think shes,-0.01894228660082344
took accelerated,-0.019104956218455742
graded papers,-0.019108500318374418
check,-0.019418096380808374
operations,-0.01945122686611596
sweat,-0.019749299312980483
implement,-0.019996826004724313
loved learning,-0.020013967279421493
believed,-0.02025776347051999
year college,-0.02040699917431782
half hour,-0.020424136638345934
textbook need,-0.020866907109467512
fordham,-0.021377301941560053
way semester,-0.021615657759713306
caring accessible,-0.022229838680096297
educators,-0.023127846296187877
critiques,-0.023464677000751017
lecturers,-0.02348319261107339
frequent,-0.02385180312453948
heavy makes,-0.024059681331883444
understanding personal,-0.024264237303303002
james,-0.024365787363222684
grader provides,-0.025022523905630003
kind approachable,-0.025184895525108972
counts,-0.025212682783984062
fairly quickly,-0.025312273558954525
lab great,-0.025467280047514314
took covid,-0.025780832393627717
clear hes,-0.02670511272738506
makes concepts,-0.026913653142808917
responded emails,-0.027770660537581666
grading easy,-0.027864370558848977
gives fair,-0.028092355439757574
connecting,-0.02813521061734626
minutes early,-0.028875997006891103
learning,-0.028929440697363522
week super,-0.029060766975797625
takes pride,-0.029310291310201658
poetry,-0.02967832166224165
notes ask,-0.029849106960354817
rough draft,-0.030090249282359233
suck,-0.030108759060788737
easy honestly,-0.030119787961801828
follow notes,-0.03053379751208983
took great,-0.030808150699653813
notes notes,-0.030874705798406895
reach,-0.030969011474061895
role,-0.03157429943393344
papers assigned,-0.03209375870188157
wary,-0.03375155191625349
leave,-0.03405821834077464
cares actually,-0.03422283643132737
weekly labs,-0.03446170450178204
gives alot,-0.035057626189395695
dixon,-0.03552754785193547
encountered,-0.036274501269918664
transferring,-0.03638592291452482
things didnt,-0.03643116410709857
love math,-0.03670498502130777
preferred,-0.036968361634175814
end,-0.036999129786589424
poli sci,-0.03832912292921974
hannah,-0.03841029554968139
mixes,-0.03884162038025271
mentions,-0.03890170327438008
sweet lady,-0.039106086610239024
directions clear,-0.039493708535081475
figure things,-0.03991859750584032
engaging easy,-0.04032206942241467
truly understand,-0.04042880583576931
cares cares,-0.04046080862806083
therapy,-0.040785782222669924
require studying,-0.041140885730685715
respectfully,-0.041438024006749924
favorite college,-0.041549786101058285
attendance points,-0.04155582195021085
enjoyed learned,-0.04180904391552092
things shes,-0.04213014394399269
professors college,-0.042142334920642434
pretty cool,-0.042322103177504226
hes honestly,-0.04240253338602541
photo,-0.04259190035829206
gcu,-0.04262309202934924
knowledgeable subject,-0.04307202874455718
structures,-0.04331750718951004
going need,-0.04373235949429717
classes arent,-0.043858727477863985
great knowledge,-0.04450713106490011
understanding hes,-0.044560897046821146
asking question,-0.044809093377801125
notetaking,-0.04510101909001696
notes review,-0.045119811816058945
use,-0.04527563666932487
pop quiz,-0.04553990107731636
knowledgable field,-0.04575692066231652
greek,-0.045965887686265465
computer,-0.04611725175223845
passionate field,-0.046302219177256826
black,-0.04635224491601779
docs,-0.04645749798625725
caring definitely,-0.04660797667123969
learn fun,-0.046812259214798924
little effort,-0.04701888239540198
ive come,-0.04713121309167744
particularly,-0.048135298477026675
vocal,-0.04859903834996211
required easy,-0.048604381048913785
day day,-0.04926663656022456
people,-0.0495665120122358
upper division,-0.0497390814742567
assignment dates,-0.04975184122391916
great classes,-0.050358305330764956
discussions make,-0.05038109186656661
lots reading,-0.05066797096192455
readings videos,-0.050710072650055935
field study,-0.050788302123257134
funny entertaining,-0.05136111211083127
student succeed,-0.05224858887421072
understanding truly,-0.052336284999120415
classes feel,-0.0524427390474914
set success,-0.05292722437171215
boring overall,-0.052957402096269944
discussion boards,-0.05306236109373014
week,-0.053833684359015255
amazing professors,-0.053946620324445776
real estate,-0.0540542098886505
interesting enjoyed,-0.05419175118365255
fun great,-0.05422988936900151
clearly explains,-0.05443217769287322
machine,-0.05462902152122677
journal entries,-0.05488068149572062
average low,-0.055134216286882136
formatting,-0.055465332205144914
fun listen,-0.05550049735045207
need credit,-0.05641438209544447
understand best,-0.05651184792341977
child,-0.05654789951277224
great knowledgeable,-0.0567272260174625
make missed,-0.056758394231316775
understanding student,-0.057345886562366596
succeed best,-0.05750458762512749
assignment gives,-0.05772997557790855
american history,-0.057773465779121215
math department,-0.05782370594418311
make things,-0.057878725939133825
learn super,-0.05870674100404473
watch youtube,-0.05943827512029689
maintain,-0.05960396781648493
torres,-0.05997206859205483
week assignment,-0.060111521597598236
definitely try,-0.060432875398073314
zone,-0.060600385766144564
stimulating,-0.06090374938142863
prompts,-0.06102845140248377
tells read,-0.061185858291963546
want participate,-0.061331054534352475
succeed hes,-0.06139007896943019
points gives,-0.061609168443856305
office hrs,-0.061678381891433
having teach,-0.061757310791335764
study gives,-0.0619347182567638
steps,-0.06208684658483891
hours hes,-0.06267954375474373
included,-0.06284940275760757
classes took,-0.06294417634908983
classes ive,-0.06316552217530265
follow easy,-0.063212441266917
sweet kind,-0.0633275329764021
library,-0.06394028424272964
plus final,-0.06433749357916754
smart caring,-0.06437253333122565
tired,-0.06478359239498906
meeting,-0.06500083871040717
fun gives,-0.06537193619731003
feedback discussion,-0.06537219299502506
guides study,-0.06551088238935865
nice definitely,-0.06558035565390982
message,-0.06561760794034255
freshman,-0.06578967601987093
lives outside,-0.06598506677188587
summarize,-0.06661623618108915
pages week,-0.06666036496167943
greater,-0.06671541254163021
version,-0.06706823723936746
week write,-0.06721215775934236
week read,-0.06754283771993595
make harder,-0.06811918536600169
sweet guy,-0.06815218335034993
end semester,-0.0682269782764213
sure youll,-0.06835785791227433
helpful ask,-0.06836538703908482
miles,-0.06861776853014574
wild,-0.06861945156077714
way thats,-0.06874463692528347
great stories,-0.06898953500474536
answer asked,-0.06908042924185966
easy offers,-0.06909607947524017
answer easy,-0.06927699344875621
laid easy,-0.06948417285806244
warn,-0.06984608052840456
expectations unclear,-0.07002864490640955
cares want,-0.07011950317864761
makes study,-0.07031740223108596
use excel,-0.07041394340141455
dog,-0.07055592581876949
need attend,-0.0711017395009716
focus,-0.07111718528699422
turned,-0.07113057595232442
writes notes,-0.07130947137951987
uic,-0.07144539014711329
peace,-0.07194352182892935
portion,-0.07196386176710023
easy learned,-0.07234895613091506
comfortable asking,-0.07318007513589554
admits,-0.07348020373851796
lab lab,-0.07379956456591187
make entertaining,-0.07380010663048031
wrong answers,-0.07387622774343586
articles,-0.07422161947029479
foundational,-0.0742651117051236
ive encountered,-0.07443890519026046
tophat,-0.07444506790295538
world experience,-0.07460756454838152
great answering,-0.07469644610172214
increase,-0.07512629893640346
son,-0.07554289464493312
theres group,-0.07608884915123412
morgan,-0.07615256082843015
rubrics clear,-0.07635493541136346
gets way,-0.07642669164191275
avoid avoid,-0.07677714302596873
perfect attendance,-0.07684509434361259
easy practice,-0.07733967557816374
lesson,-0.07765778435600128
benefits,-0.07770357868082482
aaron,-0.0777232594755798
counted,-0.07783475493818547
interested topic,-0.07800168508891142
nice cares,-0.07801706241372794
miss miss,-0.07809911269264345
pass pay,-0.07823943943424456
past,-0.07847494124610986
interesting cares,-0.07885312614509525
policies,-0.07909547069149912
weekly papers,-0.0791618494047687
ill,-0.07954973249884534
fun person,-0.07965911680573669
projects gives,-0.0800106682575404
poems,-0.08023953425023686
needed easy,-0.08024897028539407
decently,-0.08034497301864599
outside,-0.08055037206134322
reach email,-0.08071610058259625
exact,-0.08073662029765447
lesson plans,-0.08094343335605726
powerpoint presentation,-0.08131334387009244
best super,-0.08140446524362573
notes practice,-0.08143076154146792
available outside,-0.08150591943479407
grader fair,-0.0819331256000117
wants ask,-0.08200241913442995
outside super,-0.08208057208409568
play,-0.08250108751694714
succeed easy,-0.08289996510404915
need pay,-0.08326466723408328
understanding topic,-0.08364325140426346
texas,-0.08365466923330221
pass highly,-0.08420632466735835
apa formatting,-0.08432760950554008
amazing learn,-0.0846175029197435
hes going,-0.08500821127084789
zooms,-0.0850099946220951
style makes,-0.08504356688721512
forward easy,-0.08557916683519083
long practice,-0.0857759830422687
adults,-0.08581458655709734
outside easy,-0.08611528860581548
guy tell,-0.08631667046317719
prepared read,-0.08658080541244212
nice friendly,-0.08664997625641431
daily,-0.08667759868702597
things super,-0.0870178504333795
hes chill,-0.08702494207653319
best possible,-0.08717106953941693
funny easy,-0.08773236935724633
long come,-0.08784541635949189
person understanding,-0.08789719756464251
criteria unclear,-0.08894656157894519
memorized,-0.08932930701774454
heck,-0.08970000306365854
makes lab,-0.08985825146505298
great notes,-0.08986412818556509
favourite prof,-0.08995395160231515
taking youre,-0.08998002559316655
read gives,-0.09025812368574983
considers,-0.09042671441755262
student makes,-0.0905143588537834
quarter,-0.0909464842232268
geology,-0.09104908895811621
youve learned,-0.09122468026367603
exam group,-0.09128274974127967
outcomes,-0.09145485996088289
regret,-0.09178708642705466
immense,-0.09203167514319231
fine shes,-0.09213548266719097
lockdown browser,-0.092157878555544
definitely great,-0.09220953491650793
link,-0.0931334322488438
doing problems,-0.09361778364600427
span,-0.09365287416666536
slides study,-0.09384374577824624
book pass,-0.0940296396084541
attendance easy,-0.09412541659991978
notes based,-0.09437410967705556
mac,-0.09465210341746523
deserved,-0.09476566967735285
characters,-0.09501208661741097
years college,-0.09545813964583595
slides long,-0.09564662910589018
cool dude,-0.09580679042160077
earn extra,-0.09606223285235573
overall awesome,-0.09675045440370306
easy chill,-0.097656776597877
papers graded,-0.09774227628909048
names,-0.09797675050812404
easy simple,-0.09806179818132486
outside shes,-0.09829801091275385
great examples,-0.09884928720128507
topics teaches,-0.0989147563223434
paper,-0.09908336476738246
discussion participation,-0.09925198979209139
speak,-0.09935149060707793
new concepts,-0.09984522746451101
makes,-0.09995344791927595
granted,-0.10074893349222254
wants great,-0.10146755278243948
going life,-0.10149008119345437
retook,-0.1017411102697932
cuts,-0.10193246799387289
great wish,-0.1022818655054002
lessons,-0.10231918259114271
pass recommend,-0.10348320940997796
taken prof,-0.10354069674542993
grader need,-0.10356240088879848
proficient,-0.10409798775322364
discussions week,-0.10411171708262298
tells,-0.10416934566458028
supporting,-0.10417986386071494
learn math,-0.1042486377012846
theyre super,-0.10473531332763428
learn teach,-0.1049583385648935
voice,-0.10511484486047808
par,-0.10512639173699738
credit extra,-0.10516521459885968
summer great,-0.10525871241180165
interested learning,-0.10548445938282487
person makes,-0.10551481935172488
friends,-0.10576629676990021
great things,-0.10586036534810649
ive years,-0.10646135340195687
half semester,-0.10661461501941995
test open,-0.10676369587752474
content teaches,-0.10711187298098072
rubrics,-0.10777447638175564
youre ready,-0.10808705777174707
cared success,-0.10814249985431311
thrive,-0.10818365460917993
receive feedback,-0.10831949888917415
guiding,-0.10861993739944423
come easy,-0.10891596598183673
constructive,-0.10944979739539266
cares willing,-0.10968860124876496
george,-0.10971439842449818
great accessible,-0.10973991288725142
clear criteria,-0.11008658682574304
considered,-0.11017055122433198
page essays,-0.11104675465848905
fully,-0.11146380532788948
getting easy,-0.11146852806936325
reason got,-0.1120366752115748
make want,-0.11206321976884533
aka,-0.11210819289765094
chill easy,-0.11218324707585511
police,-0.11232076113293507
attendence,-0.11275659989722693
agreed,-0.11305553588779564
nice shes,-0.11320189510291544
test great,-0.11327888402706796
college far,-0.11333417690922358
semester definitely,-0.11344200106900716
interested subject,-0.1134735201458343
desire,-0.11357874360838921
knowledge subject,-0.11361758140522235
public speaker,-0.11374805513447009
replies,-0.11394262572606934
research papers,-0.11402332713163246
great goes,-0.11420797882448211
helpful super,-0.11424260216429619
price,-0.11473910020807225
psych major,-0.11476694128455874
knowledgeable passionate,-0.11555090808322162
caring best,-0.11575981382504838
seriously,-0.11596426484667327
replying,-0.11612735545808364
write review,-0.1165316707708543
cause,-0.11657731522753945
accurately,-0.11709107770373305
end year,-0.11725486550129496
passionate history,-0.11788885537021246
pretty boring,-0.1180327708582823
shot,-0.1180355989114671
classes didnt,-0.11897565079626733
term final,-0.11911662853479703
filler,-0.11914252381082976
outside responds,-0.11933762986351641
funny nice,-0.11937173570418175
classes learn,-0.11949644990839237
feedback essay,-0.11956799005208936
selected,-0.11966557500454622
thats,-0.1196736971480067
information study,-0.11974538785166716
burden,-0.12023596359632654
make break,-0.12069112545606153
using textbook,-0.12078652173086087
ive gives,-0.12113144206218496
great deal,-0.12169643339808568
explains gives,-0.12199174779558672
dude,-0.12226512737351378
saved,-0.12237000934046405
flexible willing,-0.12270405518014345
helps gives,-0.1228962236814199
contacted,-0.12292043465676473
requires effort,-0.12316924960536868
easy test,-0.12330050568167758
graded easy,-0.12335756928609692
great helped,-0.12403185545131734
blue,-0.12503888448088318
fun classes,-0.12557048449156316
night,-0.12559626748715674
easy meet,-0.1256531293480177
bonus points,-0.12603446372108473
project worth,-0.12611632352149538
understanding tries,-0.12613125163035319
friday,-0.12632983426782593
think best,-0.1270913508200928
create,-0.1271222695312308
straight slides,-0.12752514720944286
easy classes,-0.12797964869151043
amazing interesting,-0.12799071609159093
powerpoint presentations,-0.12843518941302418
takes,-0.12874808637737697
conduct,-0.12934149028946879
labs easy,-0.12938486365929572
mike,-0.1294687778198795
outside classes,-0.12983793322126244
horrible horrible,-0.12994125541020327
million,-0.1299503256753658
based attendance,-0.12996617028431728
entire college,-0.13007678905298048
didnt pay,-0.1302814954631151
grant,-0.1304105252696361
instructions clear,-0.1307724663274737
surveys,-0.13104876968335546
make easy,-0.13129984747254422
checked,-0.13142186203834633
nice dude,-0.13171453216956067
learn useful,-0.13171827933212824
grader understanding,-0.13175745936557728
ask clarify,-0.13175754214261265
professors department,-0.13222200633895587
easy lots,-0.13255433997014573
interesting interactive,-0.13264051106855085
actually enjoyed,-0.13308308473580222
score,-0.1332755965746571
classes long,-0.1333338208887085
whats test,-0.13362413917048868
wasnt easy,-0.1337662457173446
reading make,-0.13387140229967207
buy books,-0.13411505688653722
school,-0.13431271296054592
schools,-0.13484816621288362
easy makes,-0.1351026425325136
hes caring,-0.13539400094206117
week great,-0.13558883007286932
documentaries,-0.13567620432911043
great bit,-0.13599012341725936
way teaches,-0.13608373401605423
took honors,-0.13621401675768782
aware,-0.13623163150484052
experience,-0.13655537288293598
wake,-0.1367163059220558
learn make,-0.13720463942053635
interesting content,-0.1372404002246812
sample,-0.13775435447017761
exam days,-0.13782535656946096
easy theres,-0.13787608637770712
notes super,-0.13791354633763817
note open,-0.13791674438423496
poorly written,-0.1380240145366974
cons,-0.13802888965166202
condescending rude,-0.13803089918146022
readings papers,-0.13854101974323144
languages,-0.13856328756446307
leeway,-0.1389628775410373
older,-0.13901367929392586
percent,-0.13916684049169337
day,-0.1392407647810029
easy prepared,-0.1395024705184244
rent,-0.13974716929993578
goes pretty,-0.13978053119636644
classroom,-0.13982840075954642
weekly assignment,-0.14017401616867817
lab week,-0.14033529780982518
shakespeare,-0.14033754781601754
held,-0.1405273353654941
great overall,-0.1408385179246713
outside recommend,-0.14098543934234875
bound,-0.14110369927930363
easy wont,-0.14114208750847795
learn easy,-0.14143902342819792
participation points,-0.14164487219697003
everybody,-0.14231803708533858
fun enjoyable,-0.14248439397472437
lovely person,-0.1424845145875668
conflict,-0.14275232700351234
personal stories,-0.14287019503072793
easy extremely,-0.14319672076349862
considering,-0.1434117086648922
genuinely passionate,-0.143465459378257
information slides,-0.14407638001646259
fun projects,-0.1441840288085394
demand,-0.1442625157391537
able finish,-0.14484446566968637
basis,-0.14492967088628947
incoming,-0.14500656930333988
failed exam,-0.1456466166646257
ready read,-0.14566851959091964
learned semester,-0.1458172137593689
wanted learn,-0.14630068483786243
empathetic,-0.1463247659864376
interesting boring,-0.1464046552075227
youll fail,-0.1464593034793347
gives pop,-0.14658789320727364
people make,-0.1467445446300973
mondays,-0.14703506053742607
swear,-0.14713719652105572
sure read,-0.1474358945480273
hes talking,-0.14763248395462106
care student,-0.14771272852540804
english isnt,-0.14795800799627143
definitions,-0.14813644030212111
final week,-0.14836414754820512
helps improve,-0.14845912056477498
way explains,-0.14903063580468648
succeed need,-0.14941395250157083
rude condescending,-0.14997047738432295
signs,-0.1500602382419636
prerequisite,-0.15019761321565744
thinker,-0.15024018285752588
explain clearly,-0.15032466435626643
offers great,-0.1508441532330523
understand doing,-0.1510068840514884
happen,-0.15102197650128554
kahoot,-0.15128058582784656
didnt post,-0.1513192044522164
transitioned,-0.15142611492968888
took notes,-0.1515980356312967
responses,-0.15165735422991727
likes talk,-0.1516892762033386
graded midterm,-0.15209779369718848
completed,-0.15210132356015216
returns,-0.15256385935567304
test review,-0.15260246505865643
memorizing,-0.1529611985260222
couple days,-0.1530144079333201
easy graded,-0.1532004095435542
guy,-0.15333910886643615
communicated,-0.15337651005889658
adequately,-0.153383763386905
difficulties,-0.15374387317885643
exam make,-0.15379743752541392
interesting actually,-0.1540377777238033
reading chapter,-0.15412422062314793
outgoing,-0.1541988210408162
straight powerpoints,-0.15421350327228234
approachable easy,-0.15424321043350425
learn different,-0.15472717597602237
attention notes,-0.1547487278762985
want talk,-0.15498099259917866
got exam,-0.15511791952856854
interesting fun,-0.15535899340767328
emails overall,-0.1554381598320066
responding emails,-0.15609321290495018
feedback need,-0.15655504794564526
gives reading,-0.15661988466673196
rude unprofessional,-0.15693623793011113
making understand,-0.15695604253131684
nice approachable,-0.1570231580900255
honorlock,-0.15734032457404812
fine easy,-0.15744693757510705
interaction,-0.15757696495379614
papers overall,-0.15759292743316763
book gives,-0.15770048449864701
imo,-0.1579569370438454
comes late,-0.1582384584449098
final midterm,-0.1583473100192379
willing need,-0.15836771721034276
climate,-0.15849551161187597
word word,-0.15869281412288624
test make,-0.15879039102215736
rule,-0.15944249938282354
collaboration,-0.15946759084506199
attention hes,-0.1599556867737243
plan,-0.15998912815979205
sure people,-0.16048136811051375
motivation,-0.16088275838869964
long project,-0.1614958055355051
prepared study,-0.16212397178741572
provided great,-0.16215903234772966
gives easy,-0.1625402372486024
parts,-0.1626268288286471
tended,-0.16282546981906568
database,-0.16285744978248773
subject gives,-0.16293192694710765
cares subject,-0.16329665434016957
easy isnt,-0.16337847317076762
video,-0.1636090682890059
adding,-0.16369492950329517
easily approachable,-0.16396747307366064
canvas page,-0.16419789105888782
teach subject,-0.1647021391454668
slideshow,-0.16504956114264957
wants hear,-0.16571431950414717
printed,-0.1658715895194734
right,-0.16631767937335618
recently,-0.16653194921887787
kidding,-0.16672271560074725
previous reviews,-0.16703365711199436
context,-0.16705800593777909
concepts clearly,-0.1672809136103474
partners,-0.167346002771763
listener,-0.16736574764605902
conducts,-0.16741698464774848
makes feel,-0.1674358983401272
file,-0.16749474632177325
learn succeed,-0.16766787644702613
instructions assignment,-0.168221701882559
hella,-0.1682945795991377
long group,-0.16829724283538083
teach math,-0.16839886876331456
forcing,-0.16928070858820024
quick easy,-0.16949198384982905
hes engaging,-0.1698601678786355
mindset,-0.16989168321613937
present,-0.17014323262290698
pass final,-0.17029813382836068
ive great,-0.1705666031276707
read chapter,-0.1707065488871235
speaks fast,-0.17082322195046615
generally easy,-0.170927047898092
great understand,-0.1709834345506915
clear study,-0.17101113964533357
easy content,-0.17102474668186915
communicator,-0.17106861054456776
grader gives,-0.1714334271408566
assigns papers,-0.17177050097357752
week makes,-0.17192200613248756
premed,-0.1725259078547107
detailed notes,-0.1725717312932282
highschool,-0.17265889356455416
projects super,-0.17268129211634098
websites,-0.17294494326310775
chosen,-0.17295060875507223
caring shes,-0.17305696588986627
topics covered,-0.17321103287285874
provides detailed,-0.17325852960584856
great group,-0.17356432200439179
things ask,-0.17391933530356515
ending,-0.17398505127104666
probably wont,-0.17400152689980705
evans,-0.17487600032198286
problems board,-0.17493231087481392
reccomend,-0.17517586745958993
taken life,-0.17546151906366966
designed,-0.1756934014179955
chapters week,-0.17576165693105117
animals,-0.17613872275226705
essays write,-0.17616701602613064
nice boring,-0.17647762974987222
clinicals,-0.17649092793384824
taking easy,-0.17659902143645628
die,-0.17687995128304318
obviously,-0.17703549007693717
understanding miss,-0.17751198810511323
court,-0.1778438539822137
readings youll,-0.1781367202886287
attend pay,-0.1786558411341404
helpful easy,-0.17892086166148807
convinced,-0.17923610393739947
colleges,-0.17929686491862976
maria,-0.17983201191125944
outside school,-0.17986353198340238
great energy,-0.1804647289349061
notes provides,-0.18066037389222442
emails days,-0.18092770326294325
going week,-0.18093633424283684
youre wrong,-0.18103113931136486
likely,-0.18161214059220027
solve problems,-0.18183381342212793
missing,-0.18190003214121078
cares super,-0.182037325132092
shes clear,-0.18234404430094397
whats important,-0.18234579859910238
fits,-0.1823855222496583
plans,-0.18241619214432947
liking,-0.18246326579696787
improve skills,-0.18269266455663694
papers super,-0.18269290114049155
follow understand,-0.18290086721607876
hand,-0.18317413615387038
grammar,-0.1832010259254188
lots readings,-0.18381105669548842
easy want,-0.184001794240747
ann,-0.18400948182018925
stephanie,-0.18418898725860167
nurses,-0.1845858654709037
helpful labs,-0.18460036765515403
hes probably,-0.1848573166028562
software,-0.1849591381764141
level courses,-0.1854840160707148
interesting hes,-0.18555526492819355
understanding shes,-0.18558721135154205
zoom meeting,-0.18587918256520808
feedback fair,-0.18634023548329243
textbook long,-0.18670019358902895
generation,-0.18698195458688696
right way,-0.18727975823908652
question asked,-0.1878867971818129
math took,-0.18805073592545463
independently,-0.1881806495110038
unmanageable,-0.18835757582164983
playing,-0.1886006153581892
easy fun,-0.18889080819541648
productive,-0.18903272968738222
cal,-0.18919681840858693
second language,-0.1893761230978512
reading easy,-0.18945073586410038
manage,-0.18976815156466795
graded tough,-0.19043529072053653
got didnt,-0.19068842328164012
meet week,-0.19121856918675723
contemporary,-0.19150937706156188
trying learn,-0.1916425427130479
larger,-0.19173561875532075
learn interesting,-0.19211941410337297
say hes,-0.19235128992008962
readings easy,-0.19277850762155163
reflected,-0.19287187436002837
pointed,-0.19303446188125045
raise hand,-0.19337000907995391
catching,-0.19357009807166198
funny stories,-0.19371962888585428
approached,-0.1938409318562141
make,-0.19387235563956867
theory,-0.19422242991433414
guy pretty,-0.1942386065925663
health issues,-0.19457232495780546
chapter easy,-0.19464167493497442
funny tries,-0.1951355255026885
professors hes,-0.19556384566213644
family,-0.19566117518640125
ensure success,-0.1956808176929857
nurse,-0.1956940405328891
interesting great,-0.19573122466819454
easy way,-0.19583224697292761
explaining concepts,-0.1964963770296377
nice funny,-0.1965006678523164
critical,-0.1966660228665435
window,-0.19729741394755726
absolutely worst,-0.19781346137635014
blunt,-0.19792015135753804
gened,-0.19798024527780939
best interesting,-0.19805406659338398
tutorials,-0.19809061537437067
strategy,-0.19840887880935595
website,-0.198719988417744
sfu,-0.1991950819934486
final draft,-0.19928989582164489
esl,-0.1994908066639505
dense,-0.19966147011296373
anxious,-0.19980113741892153
weekly essays,-0.19991110400257373
credits,-0.2000074647113339
inclass activities,-0.20099698668540483
watch videos,-0.20101509486458582
twice,-0.20116187649742284
grader recommend,-0.2014615757679
learn want,-0.20175813346731666
teachings,-0.20178365402227322
easy learn,-0.20179311855971466
great amazing,-0.20194894740290129
feedback provided,-0.20238292318251616
easy requires,-0.2025060812618479
genuine person,-0.20253934843700594
logical,-0.20288546412179223
live,-0.20296181704479493
size,-0.20318546284668063
life easy,-0.20321221499599493
background,-0.2034069081242746
feedback cares,-0.2035377986266233
great way,-0.2036175808009481
better professors,-0.20375705702513525
fight,-0.2041827646728546
mainly based,-0.20444112901016556
assignment graded,-0.20453104466584557
matched,-0.20508039255186158
problems,-0.20538404275017197
attending classes,-0.20623142178116277
participate easy,-0.20627697548537033
compared,-0.20674890339987329
accent understand,-0.20707612964554337
going pass,-0.20721028997991395
open ended,-0.20722787233174844
generally,-0.20735234965444266
invest,-0.2075164346151583
things confusing,-0.2075508339423509
thats pretty,-0.20825424123816416
graded final,-0.20857802326810393
write papers,-0.2085947910984214
easy quiz,-0.2086267477763716
times understand,-0.20931526625472727
watching videos,-0.2094055026291002
plants,-0.20953146548320728
web,-0.21006523492936174
suggestion,-0.21063479355723794
lab easy,-0.21072201077320396
mason,-0.2112159574277655
best helpful,-0.2112485895501367
graded extremely,-0.2113880349181298
shes lenient,-0.2118015810823566
instead giving,-0.21191479247764577
explains makes,-0.21196727623340458
lots interesting,-0.21198240795576476
answers wrong,-0.21211064053557263
quiz day,-0.21232848424246922
makes simple,-0.21235397031319875
groupwork,-0.21307555075246662
terms,-0.2131034138303864
unbelievable,-0.21330394888000695
addressed,-0.21347748717467016
slight,-0.21362137431268208
clear guidelines,-0.21384675475370482
reputation,-0.21413825525989538
tell shes,-0.21428200767857855
fun exciting,-0.21518362615799794
social issues,-0.215338273656174
load,-0.2162950218447118
themes,-0.21661912226805094
book helpful,-0.21674237674340527
understand long,-0.2167433592076354
study exam,-0.21701400709140162
focusing,-0.21704845503418183
want study,-0.21722974977861426
blackboard,-0.21803668206516266
things different,-0.21814405163934175
great clearly,-0.21817291491812973
indigenous,-0.21836179518338955
retained,-0.21839491989981033
helpful definitely,-0.21846159002564633
brush,-0.21878488696730755
draw,-0.21915598953832383
smart knows,-0.21978161619602163
pass makes,-0.22015470460019512
quizzestests,-0.2211853949950029
need pass,-0.2216996795882325
important thing,-0.22172937388898017
instructed,-0.22198971788819066
sure study,-0.2220512242934559
approachable understanding,-0.22206179731527226
nova,-0.2221674101550422
sure readings,-0.22218130191628452
fair gives,-0.22229692539716106
tough marker,-0.22305327574804457
hours complete,-0.22316227948517053
grader definitely,-0.22320705762119486
depth,-0.22334074114202443
tries best,-0.22344414010759017
interesting prof,-0.22363067872088604
grader make,-0.2238344474920573
chapman,-0.22392115017905095
intended,-0.2239995483232779
rest semester,-0.2246568351488672
study hours,-0.2249669416971548
peterson,-0.22511411444154814
hefty,-0.22609425919078993
pass need,-0.22609562730945154
gets confused,-0.22622024844143995
long papers,-0.22636984349300518
took credit,-0.2265949493992944
bare,-0.22670617652234137
write page,-0.22686874121009362
textbook actually,-0.2274678505133633
definitely easy,-0.22792267571978594
study great,-0.22797048004037093
map,-0.22801962717808347
favorite subject,-0.22836572559197668
semesterlong,-0.22840510128937408
easy remember,-0.22896410342669438
fun fun,-0.22950757144816544
cup,-0.22996309196032233
great dude,-0.2300927117923389
great great,-0.23079908925439835
classes definitely,-0.23083968920983552
dates,-0.23085161687295203
correcting,-0.23148172832541564
feedback ask,-0.2315696546495765
interesting discussion,-0.2315736042088688
undergraduate,-0.2318620583343413
took college,-0.2323971467022739
contained,-0.23257267277059285
inclass discussions,-0.23299349106412576
easy open,-0.2332447466257189
interesting overall,-0.23352076952349557
content super,-0.2335664505467794
awesome person,-0.23359960643837507
final overall,-0.2336738949928363
test didnt,-0.23407244156479828
shes approachable,-0.23445802226563464
creative writing,-0.2351276267785314
important stuff,-0.23522734292319425
took pandemic,-0.23557564118313273
submission,-0.23587562768927836
effectively,-0.23643200898117153
java,-0.23661545639052184
masters,-0.23680306708695148
didnt tell,-0.23699356633082574
extra points,-0.23734251928432454
person ive,-0.23761220912835188
gives vague,-0.23782765717828763
films,-0.23810466447615516
info,-0.23814798371834411
late assignment,-0.23827464883004354
west,-0.23868631264614998
information textbook,-0.23906601002852518
wednesday,-0.23939459844428213
week reading,-0.23983114586499701
woke,-0.23996147834306553
thought great,-0.24011958118421015
interesting recommend,-0.24032220111641228
definitely helped,-0.24045079788075385
easy manageable,-0.24052476181664736
interesting stories,-0.2409576015020341
textbook pass,-0.2410384709472635
deserve,-0.2412498186716079
citations,-0.2415502952960401
emergency,-0.24196810328811358
pretty lenient,-0.2423841276666109
fix,-0.242491916366275
blatantly,-0.24255768470203842
final end,-0.2426921434479758
classes boring,-0.2433489464978728
relative,-0.2437348098236166
prepared,-0.24387892085284066
reader,-0.24394574325650079
midterm easy,-0.2442838975795247
theres discussion,-0.244332788766794
savvy,-0.24456946915102634
viewpoints,-0.24459393513435324
notes study,-0.24480726911171474
book week,-0.2448536561705643
read book,-0.24514202536455687
points deducted,-0.24527041253699383
feedback rough,-0.2457518233740381
grader nice,-0.24581188044454613
make study,-0.2462331924622843
accessible outside,-0.24624082125987493
exam average,-0.24654947647848452
final assignment,-0.24688180434883425
previous,-0.2469602638278879
concrete,-0.24706555682904047
blanks,-0.24760458073815464
end day,-0.24779952727293575
feel bad,-0.2479699597503959
gives ton,-0.24819874845594686
fairly straightforward,-0.24823438082653235
reply email,-0.24841836133454653
taking fall,-0.24857246265301547
awhile,-0.24892091786264253
answering question,-0.2496640457030605
watch movies,-0.24982815285266496
best answer,-0.2498885104186653
says need,-0.2498968721821566
gonna,-0.24998978247799888
easy helpful,-0.2499978500221854
taken college,-0.2503391098381242
family emergency,-0.2503392610399002
answers right,-0.2510517944768908
classes interesting,-0.25125941170504895
retain,-0.2516978976243463
group presentations,-0.25177277289232
helpful feedback,-0.2518549863618627
straight book,-0.25216745177762556
videos week,-0.2524884212438055
better,-0.25297003801434403
entire based,-0.2530708710071354
recommend youre,-0.25325507214787396
hour long,-0.25416239232588345
shes bad,-0.2548918831625205
straightforward easy,-0.2558029587478511
exam question,-0.2560774575423673
cares making,-0.2561018375164648
classes wont,-0.2563501934385161
easy caring,-0.25638950057190846
reads powerpoints,-0.2566228311981022
willing make,-0.2570606574527153
grading make,-0.25732598584254196
level classes,-0.25734206158719
social justice,-0.2578059742962623
directly powerpoint,-0.2581689128026075
eyes,-0.2591881973317089
participate pass,-0.2595356665477999
cinema,-0.25979308621714486
dealing,-0.26055108650396797
novels,-0.26091213048915085
accessible willing,-0.2612208052559656
free response,-0.2619336390522788
teach shes,-0.26225320043812017
absolutely fantastic,-0.2627731587834428
native,-0.262800231326999
got points,-0.2628237765320976
regard,-0.26291902354256513
discussions easy,-0.26307585279244444
calendar,-0.26309449254324146
years ago,-0.2634611837949074
passionate subject,-0.26350007652938107
hidden,-0.2635192838423
ends early,-0.2635540523054859
feedback makes,-0.2637939094282321
hes strict,-0.2642542614167092
girl,-0.2643586416986875
ask hell,-0.26472892702664996
chapters read,-0.2648569333617241
large portion,-0.2652368201434651
easy willing,-0.26586240155699553
practices,-0.26645347742318504
youre paying,-0.2664701724860964
stem,-0.26707753202586193
shell tell,-0.26754022899266827
knew,-0.2680450477438466
audio,-0.2683319092983409
group assignment,-0.2685912895459484
general chemistry,-0.2692791429317093
write reviews,-0.26937810009454666
papers based,-0.2695579262767931
tuesdays,-0.26979071355113937
grad,-0.2707304390500323
youll love,-0.27119121353286435
shes organized,-0.27121557122827233
soon,-0.2713400357264824
openended,-0.2713508217777064
advantage extra,-0.27144096052615546
willing spend,-0.2717565872961985
fly,-0.2724056899324117
affected,-0.27283644577541266
great communicator,-0.2731181236175227
rude ask,-0.27346564955012026
interesting reading,-0.273628423361449
situation,-0.2736728111829364
student learning,-0.2737035220854782
penalize,-0.27379908823724447
caring kind,-0.2746183754984879
classes actually,-0.27468302229583064
gives random,-0.2746907216906874
definitely helps,-0.2751493018574051
objectives,-0.2755602695239033
content clear,-0.2756747910769422
reading essays,-0.27567757514206603
citation,-0.27660691812226224
msu,-0.27669477692882327
incredibly rude,-0.27678619289920736
stick,-0.2768205176738949
readings gives,-0.2771332392734861
heavily based,-0.2772327682160145
need watch,-0.27735773930395935
level math,-0.27742852834645937
rewrite,-0.2777300671631013
important topics,-0.27779629935120703
tell cared,-0.2794167153206486
practice similar,-0.27950013172602367
group projects,-0.2800237886883419
group discussions,-0.2804602504920248
easy didnt,-0.2806251579042786
funny guy,-0.2808351867268384
problems gives,-0.2811127049368408
consists,-0.28116393649262533
using,-0.2817399943119193
group members,-0.2829560944371509
funny person,-0.2832384100506407
credit super,-0.2834185245725522
tbh,-0.28384266866501745
far away,-0.2840860106143005
lab section,-0.28422532428170183
sure understanding,-0.28429010018069445
textbook used,-0.2843494324234533
dealt,-0.2845476157015823
tiring,-0.28461177423588396
approach,-0.2848639126874721
replying emails,-0.28516617477399053
things taught,-0.2854104227089454
grader clear,-0.286161390117725
easy based,-0.28653549565631836
speaker,-0.2867146830872541
nicest person,-0.2868615802472122
pass extra,-0.28697928000612344
solving,-0.2870002120601011
following,-0.2871739633156603
strongly suggest,-0.28738855328437785
pass make,-0.2875130605169271
worth points,-0.2879574962287552
stellar,-0.2881192241935939
brightspace,-0.2886304737887711
understand make,-0.28871506788897605
unfamiliar,-0.2888669585227989
helpful explains,-0.2892515291765316
outside classroom,-0.2896640059043635
taking gives,-0.2909500227760772
person easy,-0.29131116046403366
knowledge field,-0.2914162466925545
notes gives,-0.2915572519826663
write paper,-0.29180653954578595
universities,-0.29181373350556256
communications,-0.29206772067441394
week open,-0.29210990151764904
sure come,-0.2921721578915375
hilarious caring,-0.29264877053108634
mla,-0.2927055662868686
study materials,-0.29367939738147103
prof amazing,-0.29376024065189804
wont respond,-0.29385640347249337
teach learn,-0.29401488658408226
watching youtube,-0.2944069266136606
classmate,-0.2946365520692108
struggle math,-0.2948136643460326
book make,-0.29545647728464824
easy consuming,-0.2955615885383501
understanding concepts,-0.2956004717122848
semester super,-0.29577794465604207
backwards,-0.29678515666399347
notes great,-0.29695002114625074
say thing,-0.29701290569110533
examples gives,-0.29728652359397695
thursday,-0.2976183991100109
final drops,-0.2978581747275759
rip,-0.29790204464780107
decided,-0.29882933315507576
great caring,-0.29910590299784656
clear instruction,-0.29932036918021226
reflection paper,-0.29962639145798686
easy bit,-0.29978923064602414
bullet points,-0.30017073317363946
grader willing,-0.3002556076493358
separate,-0.30051057414839133
cut,-0.3008884111899126
trivial,-0.3013985194688378
enroll,-0.30197087456271593
weekly group,-0.30199578589638254
final worth,-0.3020769224071042
docked points,-0.3021667589336128
mandatory,-0.3023320988833901
great engaging,-0.3024423745664026
recommend make,-0.302692171378994
suggested,-0.302769177164698
getting,-0.30277165772539816
described,-0.302901902722702
need participate,-0.30373813918048953
end easy,-0.3039530783459372
prof extremely,-0.3041380261559149
chill funny,-0.30434586213216974
opportunities easy,-0.30440311264286396
sure ask,-0.30445357147881275
interesting enjoyable,-0.30446279222379685
eat,-0.3045807681774592
ran,-0.30497070859989084
scheduling,-0.3050342996199724
loves participation,-0.30531131828823826
hes nice,-0.305412036382642
staff,-0.30566686613330024
reads word,-0.3059428990118817
graded things,-0.3061582893527696
involvement,-0.3061898822798843
lists,-0.306272063669391
replaced,-0.30664402125403517
make understandable,-0.30668336024030246
going,-0.3072086852847565
solely based,-0.30759792897755717
learned enjoyed,-0.30764828020802504
years,-0.3079981971032449
mandatory participation,-0.3081382547175676
religious,-0.3083415647360314
add,-0.3086886765324141
cares loves,-0.3099687240283471
unclear wants,-0.3100317672408849
excited learn,-0.310123117802851
study final,-0.3101479405467025
policy,-0.31018612294467646
going make,-0.3105476441430267
minutes long,-0.3106745802939902
final semester,-0.3108875193817673
person teach,-0.3109398132633707
outside great,-0.3112376215215593
makes things,-0.31128136479116414
semester amazing,-0.31166430439171905
feedback grading,-0.31205332054236745
passionate knowledgeable,-0.3121286292520867
writing fun,-0.3125306446030527
smarter,-0.31266509601667897
managed make,-0.3129229077501314
packets,-0.313912368470394
seeking,-0.31436918636210226
prefer,-0.31514089172029514
making mistakes,-0.3153776014933657
knowledgeable willing,-0.31563552402222567
reaching,-0.3161043513812073
facilitating,-0.3163079344479149
wished,-0.3164399129175462
fun lots,-0.3165401165896229
ive life,-0.31682139883431676
scope,-0.31697279313044435
readings super,-0.3172851763525087
let tell,-0.3173514323843416
papers youll,-0.3176421171677214
jump,-0.31776966737942874
best way,-0.31785155755985417
midterm,-0.318168831077661
understand need,-0.31826863809120565
intelligence,-0.31844645975448077
carried,-0.3186917897592743
definitely best,-0.319288468777743
taking summer,-0.3196546318655152
expectation,-0.3196688966916666
longer,-0.31994304112661176
feedback given,-0.3202609114967098
able complete,-0.3205407597706769
person truly,-0.3207023403814294
interesting easy,-0.32093940010453453
acknowledge,-0.32095789364872174
avoid plague,-0.3211747512188953
thinking,-0.322062387155268
solve,-0.322482303211689
right answers,-0.3235708738349937
passionate subjects,-0.3236187628519606
afford,-0.32372445549932993
email responses,-0.3237694192580371
formal,-0.3240127077832634
ted,-0.3241834392736767
passfail,-0.32487604260583625
hes definitely,-0.3249178431491645
easy best,-0.326018767798324
need learn,-0.32606024572894515
passes,-0.32645176382168173
junior,-0.32657215505763604
fun overall,-0.3267063533918426
shes looking,-0.32708589912059466
need effort,-0.3280085369462461
adequate,-0.32819899164652844
sending,-0.32829733560217533
projects graded,-0.3283528379560293
dead,-0.3292852478680249
recommend especially,-0.3295754131782235
participate ask,-0.3296408398157785
lead,-0.3297509668058406
door,-0.3298611860502844
bring,-0.3302542810069996
bunch,-0.33064124844670567
intro,-0.3311662268260813
labs super,-0.33195136341291065
study recommend,-0.33311316493394744
rec,-0.3332199775857333
proctored,-0.3333569012104586
moves fast,-0.334268421905483
knew going,-0.334281274921367
semester gave,-0.33474570039261026
having,-0.3354494334372809
teach reads,-0.33585696370319157
youll definitely,-0.33593378092163656
workload heavy,-0.33600778465691233
particular,-0.33604902001058096
quotes,-0.3365211500867878
caring great,-0.3371207301666971
let make,-0.33793269359781003
shes definitely,-0.33801921859155215
didnt cover,-0.3383575486129639
mile make,-0.33865929781677095
gives extremely,-0.33876195395612213
high,-0.3390868771755543
statements,-0.34066205689587453
reynolds,-0.3408718576204657
ground,-0.341138520679706
need complete,-0.3411486432558904
great learn,-0.34169014893118566
easy fall,-0.3418169715872289
passionate hes,-0.34200018687208367
writing papers,-0.3422395730876436
youre taking,-0.34281102883200293
recommend wants,-0.3430632178485778
items,-0.3439239166677128
quietly,-0.3441393889596938
posts videos,-0.34463301390305867
semester started,-0.34532471021801564
weight,-0.34541713194073376
exam day,-0.34542603147418693
succeed great,-0.3455511845490979
access,-0.34598871657024666
learn,-0.34662599741416067
answer ask,-0.3468517091875034
fun guy,-0.34729635718980933
required,-0.3479399733084958
pass fail,-0.3483530039368644
csun,-0.34846311883786424
similar problems,-0.34886551139622857
rest life,-0.3489440446296039
final pretty,-0.3502898165375875
big projects,-0.3503245636189582
practice exam,-0.35042325334099705
overall best,-0.3507269687514662
adams,-0.3510879876376088
ups,-0.35129772594155834
mouth,-0.3514170891214422
moved,-0.35174727401848277
hes cool,-0.35179980644122283
mans,-0.35218380595030346
pdfs,-0.35263486246515996
isnt super,-0.3527181178889564
understand clear,-0.3531470656824406
shouldnt,-0.35327170459276624
train,-0.35349561327614015
got response,-0.3553187502853136
attendance extra,-0.35571687787264283
great read,-0.355745971112679
understanding situations,-0.3559730531869
far cares,-0.3564492883202136
times need,-0.3566554678097147
navigate,-0.35684044638059376
diagrams,-0.3570103366245859
accessible office,-0.35701932932459185
transferred,-0.35704852858590724
abilities,-0.35751627475728975
susan,-0.3576539887273838
kevin,-0.3581690719906916
true false,-0.35888972321232043
shes kind,-0.3593881107546636
fun recommend,-0.3596014492086613
respondus,-0.3602556553961402
shes going,-0.36052258258256425
classs,-0.3605248546346122
recommend getting,-0.36072241994965915
easy manage,-0.36081222495104703
sure pay,-0.3619513191280991
recall,-0.362059556369115
meet outside,-0.36230067570693253
screw,-0.3629722316870658
calculators,-0.3632871821989045
explicitly,-0.36402667917441983
graphic,-0.3644397778920269
kind knowledgeable,-0.3657922433102248
weekly easy,-0.3659567538909395
everytime,-0.36597265132753415
abnormal,-0.36721122812100426
calculator,-0.3673821420549879
hours hours,-0.36770517460311053
majoring,-0.36803602356610743
typed,-0.3684324529707509
final projects,-0.3685328307262197
cares participation,-0.3688130206081243
prof make,-0.36910294064289517
papers clear,-0.3694240172746536
got easy,-0.36972770106871644
subject easy,-0.3706652606592014
unsure,-0.37073747573208227
question makes,-0.3716997586461373
understand going,-0.37179268715734215
turns,-0.3724408026753364
sweet makes,-0.3727911416266375
foster,-0.3730656713165678
wasnt fan,-0.3733085276165951
prioritize,-0.3734279990295849
gotten,-0.37344103629557945
hunt,-0.37462910026978374
sad,-0.3748357197819732
beginning semester,-0.37500720133821813
representative,-0.37501850901966816
brand new,-0.37509519016320647
great taking,-0.3751656088195108
formats,-0.37543789851878406
understand grading,-0.37625499346240127
des,-0.37640341654830795
bad hes,-0.3765711382288658
retain information,-0.37692761251709217
sophomore,-0.3770023877977114
mass,-0.37703121408225787
shell make,-0.3775179037763697
ive truly,-0.37817125168436944
private,-0.3782146514282755
pick,-0.378288204026647
download,-0.3787480860058397
members,-0.37928870624449273
bro,-0.3793735270373493
evaluations,-0.3808801969964426
distracted,-0.38132238906585436
major,-0.3815167388373153
hes bad,-0.38152628038214276
credit pretty,-0.38179931503157655
simple straightforward,-0.3826292537490211
cram,-0.38275756230741914
exam final,-0.38305995577503743
talk,-0.38308134974872743
original,-0.38358627022640845
far easy,-0.38370140244987855
canvas,-0.38461571940309797
phillips,-0.3849831049947716
nice genuinely,-0.3854865402615757
kids,-0.38594019734414
happening,-0.3862303852086281
worst classes,-0.38641005744193363
right answer,-0.3866903723128581
shes bit,-0.3869572724586772
stem major,-0.3873136696018223
digest,-0.38934242000029595
hours need,-0.38937509932795195
currently,-0.3894061369758051
easy tough,-0.38941445769100086
prior,-0.38943724727654727
textbook problems,-0.389853969809795
finals,-0.39013025182940986
doubt,-0.3904589561656683
facts,-0.39049645132941235
english major,-0.39091212820187554
summer session,-0.3919409457223408
procedure,-0.3923367176214578
week plus,-0.39241682695064467
quiz exam,-0.39248929941512495
group group,-0.3927691017007441
available office,-0.39296798077953377
caring understanding,-0.39297614133749625
caring person,-0.3935620102385793
test extremely,-0.39376018713203076
criteria gives,-0.39378035804001243
delivery,-0.393888241772782
outcome,-0.39403327692795626
grading feedback,-0.3940521836505832
harsh grader,-0.39463364054517164
loaded,-0.395606944528803
controversial,-0.39619026614964997
learns,-0.39620182641853574
essay topics,-0.3962575049248998
best great,-0.39653225491984706
things arent,-0.39692094334677086
super strict,-0.3974307528076926
format,-0.3981981029696372
start semester,-0.3982260419989383
opposed,-0.39837873680351676
generous extra,-0.3983876600542557
reads power,-0.3986703845986924
test got,-0.3990173601447144
possibly worst,-0.3995355226555897
nice knows,-0.39969886447593017
interacted,-0.3997858018402936
significantly,-0.3999853053848041
long makes,-0.40018834599061326
communication skills,-0.40060290618996663
freshmen,-0.4007537383040276
reviews helpful,-0.400907271410452
blow,-0.40111348101616706
rarely gives,-0.40200882822699197
great advice,-0.4026722948183391
classes far,-0.4026742719110662
arent,-0.4032178393066538
book teach,-0.4036432612955376
astronomy,-0.40371957542775877
ive shes,-0.4037687288526547
behavior,-0.4040186185824789
cultural,-0.4043896854966495
best luck,-0.4049245697028899
great math,-0.4054621221196032
notes make,-0.40570744456214636
notes posted,-0.40597079646755563
person genuinely,-0.40610159520368455
aspect,-0.40632960500472237
likes,-0.40636017642110606
best learn,-0.4066898874135812
shes knowledgeable,-0.4071942415423226
caring willing,-0.4073572706893734
hes hes,-0.40741158009134343
graded week,-0.4076064130914859
integrity,-0.40779074554686384
hes rude,-0.4078368497215559
passionate math,-0.4090739045988295
apa,-0.409165671209593
easy pass,-0.40948043278931845
videos watch,-0.40955398229511414
book use,-0.40987007027246763
lab manual,-0.4102117116726411
verbal,-0.4103461451363691
concepts makes,-0.4123304009237827
keys,-0.4123914933136978
furthermore,-0.4124962588235702
guides exam,-0.4132489133544574
info need,-0.4136671185992496
loose,-0.41390134570003345
project great,-0.41394470090332586
reached,-0.4144472836470835
super fast,-0.41492223303026066
emailed times,-0.4151997592215202
expects write,-0.415450385728004
assessment,-0.4166933534182985
vary,-0.4168370293982028
cares shes,-0.41728391641106916
military,-0.41789510921926143
spring semester,-0.41832295595148916
rmp,-0.41849807477123224
easy tell,-0.41851258920859236
boards week,-0.4187139839425029
collaborative,-0.4188945979345054
trig,-0.4192256018553204
solving problems,-0.419369781034401
years old,-0.4194653455939054
heavy workload,-0.4195039257630327
signing,-0.42033883102166214
pretty nice,-0.4209628926386149
fast,-0.4211770431242825
need make,-0.42145971440936036
assessments,-0.4223368816541202
chemistry lab,-0.4232242602468751
best lecturer,-0.4234125552941806
feedback final,-0.42359598231763196
effect,-0.42366960525021746
overall easy,-0.42453269464360155
wish taken,-0.4246234901430247
helpful hes,-0.42474252090066855
mixed,-0.4254112264540277
ready spend,-0.4257712568729849
teaches gives,-0.42602958242614886
information clear,-0.42616442562679824
materials,-0.4280680489510517
rights,-0.42846798372537137
clear feedback,-0.42987682323882836
clear understand,-0.43015450134620914
havent taken,-0.43017065951409583
absolutely ridiculous,-0.4310078235357962
chaotic,-0.4315722448906777
try understand,-0.4318907904908485
edit,-0.4321596410572647
seeing,-0.4329333935028266
gives essays,-0.4329702255243474
vague instructions,-0.4329906343312272
schedule,-0.4341457400800179
powerpoint slides,-0.4342674315098001
attention easy,-0.4343533990472636
week didnt,-0.43457265275960777
cameras,-0.4350660314385965
test similar,-0.4351231822130103
activities fun,-0.43516480081054565
attend office,-0.43540053161414777
administration,-0.4356616514537943
calls people,-0.4358818514223121
understanding recommend,-0.43626517710590423
meets,-0.43630086389212314
relax,-0.4374374938608436
teach textbook,-0.43762395380328817
responsibilities,-0.4381726158264821
recommend having,-0.43818842560286475
let use,-0.43818934333522275
classes make,-0.4382674948051227
skipped,-0.4383098855141779
asked question,-0.43883614914428243
caring inspirational,-0.4394367239808281
clarification,-0.43954058787495637
pass exam,-0.44027896430627234
extremely slow,-0.4410055104457236
feedback tough,-0.4410719581527697
submitted,-0.4411626006770572
topic,-0.44209761118441054
guy definitely,-0.44223554413546334
monday,-0.442280457882666
disorganization,-0.4422967694408472
easy usually,-0.4423276610874042
stressing,-0.44293158178003483
grading super,-0.44353281781851644
feelings,-0.4436411366221912
facilitate,-0.44406399616901426
fear,-0.4443772059823233
picky grader,-0.44453731220874876
suggest taking,-0.4449689494558015
continued,-0.44518496129502416
interesting didnt,-0.4454994799524021
credit hour,-0.44582319229453216
grader feedback,-0.44622715408319824
covering,-0.44624003326480527
twice week,-0.4464687734217745
unexpected,-0.4484046169227016
wed,-0.4488164011395559
worst far,-0.4489932932401163
participation makes,-0.44908663375132535
hope,-0.44924185995223964
sweet nice,-0.4493032567461093
plays,-0.45030786762332314
different topics,-0.4509647856877679
took hours,-0.4511549276656772
understand easy,-0.45231442429290314
disliked,-0.45341669599925066
alternative,-0.45348245831276246
extent,-0.453582368475946
sound,-0.45483403699760133
went fast,-0.4552530560079613
think easy,-0.4559270082693264
row,-0.4564081720074533
outside makes,-0.4566305550188728
states,-0.4566688896696426
diff,-0.45670406130731755
hes trying,-0.4569607671182259
yap,-0.45703850063962737
slides didnt,-0.45729584531125095
semester understanding,-0.4573167238203448
ive seen,-0.457607057776925
understand goes,-0.458519857383879
nclex,-0.45856105756386445
led,-0.4589515421542889
partner,-0.4594045382493375
faces,-0.45947979688885293
essays graded,-0.45964954478894227
open discussions,-0.46162183812905644
calculate,-0.46173304797427944
grading isnt,-0.4629000123497835
gives weekly,-0.4634770740982804
medical,-0.4639055962988979
length,-0.4644167315292142
apparent,-0.4644376480721993
sat,-0.4649463976632819
firstyear,-0.4650955958995543
timed,-0.4653683375514483
points test,-0.46563431673971883
long readings,-0.4662261750240438
sections,-0.46686221248998183
day easy,-0.46720882818258663
takes hours,-0.46728534836512925
responds emails,-0.46751846031341365
assume,-0.46781253862177324
understand classes,-0.4681139243067264
semester took,-0.4688754881275629
understand shes,-0.4714145948044504
classic,-0.4717130543025786
grading takes,-0.4717836386503198
collect,-0.4721587635694364
absolutely awful,-0.4735125916676136
intellectual,-0.4740553195716706
make available,-0.4743668369518128
jobs,-0.4749855000774368
taken twice,-0.47538235491928643
judgement,-0.4754200699806051
entering,-0.4764906941647763
terminology,-0.47700841882996564
test long,-0.4770446734254701
leading,-0.47710995344560847
kind sweet,-0.47737367063822256
tried best,-0.4776789685964564
fine long,-0.4782999935108769
liberal,-0.4793977063045453
easy pretty,-0.4794572091815483
harder understand,-0.48068652820757823
huge,-0.48069428158534855
teach gives,-0.4811059737816166
readings long,-0.4811977010845586
instantly,-0.48140433660704557
penalized,-0.48247641982752226
changed major,-0.4825259382266782
half credit,-0.4831590523356218
environmental,-0.4833358015212723
person helpful,-0.4835088303213415
group activities,-0.48358416793433295
taking want,-0.48398339257773915
significant,-0.48410398561806034
learn actually,-0.48470153742267863
relationships,-0.48472769074013633
short stories,-0.48474375920770235
criticism,-0.4852122034822838
great man,-0.48687539420559894
registered,-0.4882025292722067
grading inconsistent,-0.4883020699305374
tech savvy,-0.4889147234556019
technology,-0.48920874969457195
specific wants,-0.48973717483530776
outside office,-0.489805965694018
save gpa,-0.48984674445083803
answer makes,-0.48986326030539046
easy fail,-0.4900790415155533
especially,-0.49027008858108917
overall fun,-0.4903195388123352
apply knowledge,-0.49078984934436776
pass shes,-0.4909694923974588
sooo,-0.4911122239744607
air,-0.491294832907169
methods,-0.491669416182845
writings,-0.4928183130812343
scored,-0.4929754205441969
feminist,-0.49298227761699415
feedback long,-0.49334649176751566
english language,-0.49360916010366845
shannon,-0.49390457921172554
writes,-0.49427284950563133
ungraded,-0.49432770061345715
itd,-0.4944898973711049
personal,-0.4947838249438916
case study,-0.4952097375894512
hurt,-0.4957275529732072
youre,-0.496477647082575
university,-0.49666946453582833
english,-0.4968886240890516
strong suit,-0.4973257280645876
semester final,-0.4977395780918256
recommend taking,-0.49813492795455006
hes worst,-0.49817655778518033
trust,-0.49818039646143925
requirement,-0.4982542052488594
ultimately,-0.49829544856670543
project super,-0.4992423257639494
cares way,-0.49954693211900303
reflective,-0.49963515427885075
instructions confusing,-0.5006369430963157
tell wrong,-0.5007608600849788
exception,-0.5008593325652803
easy lab,-0.5018955078252296
actually need,-0.5019245030615866
clear direction,-0.5023631820676381
took chem,-0.5027758427368954
priority,-0.5028083917349528
pictures,-0.5037341885964512
save headache,-0.5040796447236416
topic interesting,-0.5041698334663087
thats thing,-0.5041756628665585
sure got,-0.5043467107453958
replaces lowest,-0.5043643303105919
old school,-0.5043985300347619
reading notes,-0.5052103042499164
best definitely,-0.5054531766427826
focused,-0.5055324061330844
trip,-0.505800714484339
ended having,-0.5067080314325157
tas helpful,-0.50672025608554
lab quiz,-0.507212050566351
butler,-0.5085420557716623
keeping,-0.5099843094312544
understand reading,-0.5103488852694419
tiny,-0.5105682474676537
textbook weekly,-0.510770984804958
content taught,-0.510875936386546
reading week,-0.5118584745489756
lengthy,-0.5119090391126532
gave week,-0.5119337758046595
feedback tell,-0.5126150925557758
teach understand,-0.5126731631236208
study midterm,-0.5127344100798719
learning content,-0.5128180095926493
face,-0.5128545116501777
understand way,-0.5130951920690693
relating,-0.5134472258086116
ive college,-0.5145535304095074
ive gotten,-0.5146345240521492
reccommend,-0.5146466097014559
plague,-0.5146870032948785
tea,-0.51490551938139
explain problems,-0.5150772097284402
avoid prof,-0.5151535034339908
easy sure,-0.5155979195235132
receiving,-0.515794357307275
easy projects,-0.5161035848352327
far college,-0.5162437048807885
pride,-0.5163721689883818
couldve,-0.5168039977537289
date,-0.5169851186978269
determined,-0.5172817639513414
bad overall,-0.517626926822216
precalc,-0.5176669336291415
test heavy,-0.5183344420613143
youve taken,-0.51860222772072
leads,-0.5191089475732328
feel youre,-0.5194882403051294
finishes,-0.5204450848882127
week graded,-0.520640420597546
minded,-0.5214845422523371
thats easy,-0.5218664048757379
nice caring,-0.5220397242858169
art,-0.52333402648946
worst math,-0.5241103663794688
understanding topics,-0.5246649915124041
academia,-0.5255544911047635
final cumulative,-0.5256096292070911
proposal,-0.5262781431494084
sympathetic,-0.5270778335282686
send,-0.5272424611907617
feedback great,-0.5272560345841424
company,-0.527319788220699
ready lots,-0.5284347301784865
attend participate,-0.528629153878061
semester end,-0.5290497043582499
close,-0.5291206845079157
paragraphs,-0.5292631225313283
everyday,-0.5294490961230686
theme,-0.5303548828333112
study bit,-0.5306828519120741
want say,-0.5315587758024292
make life,-0.5320954265760889
calculations,-0.5324422220224195
sub,-0.532704952869384
tuesday,-0.5328376342573659
make mistake,-0.5333633080693376
perfection,-0.5334404123004323
powerpoints,-0.5335787603507156
aleks,-0.533684601879505
amazing understanding,-0.5341228609736766
grammatical,-0.5346259240065532
fourth,-0.5352125734834197
average test,-0.5356000392045253
laptop,-0.535626110458953
topic easy,-0.535705309273229
thing,-0.5365465665580965
social media,-0.5366465652010906
enrolling,-0.5367016985566999
week make,-0.5371891551805158
manner,-0.5375847149149326
week gives,-0.5384772114474444
shes saying,-0.5388088546215121
workload,-0.5391695388852883
perfect score,-0.539540614052682
person super,-0.5397302080212212
powerpoint,-0.5403532974243613
grader great,-0.5407242653354348
game,-0.5407652396800019
slow grader,-0.5414981887391157
choosing,-0.5417397611006939
beginners,-0.5420287042646473
day exam,-0.5428233681457337
think hes,-0.5435606750859604
procedures,-0.5437135780504674
textbook youll,-0.5441249441952966
code,-0.5441460789622954
answer key,-0.5446937968546718
moment,-0.5451864315891494
prof hes,-0.5460196118801298
kind caring,-0.5465253258804275
bad prof,-0.5469631259936301
trouble understanding,-0.5471919042326884
tough,-0.5472345988801027
confusion,-0.5474247077634956
appear,-0.5478625505918804
understand explain,-0.5479321235902853
person nice,-0.5484170472053613
day final,-0.5485442063401367
inperson classes,-0.5485641327030402
left confused,-0.5499824405255831
midterms,-0.5503781528474831
yeah,-0.5508366859247981
likes make,-0.5511302363680793
strict grading,-0.5516265723095052
information learn,-0.5525272378385716
linguistics,-0.552670482172726
makes sense,-0.5537376618146407
classes super,-0.5540087775209659
consistently,-0.5541149203102875
update,-0.5543934014407813
project fun,-0.5544498772839637
buy book,-0.554752036064617
consider,-0.5562626145964841
strength,-0.5563080077150777
guy funny,-0.5569806770187998
took semester,-0.5570833483744316
didnt teach,-0.5571857792825932
normally,-0.5573039619818394
lenient deadlines,-0.5574617116519286
presence,-0.5577623335779742
nearly,-0.5578675603259036
wont pass,-0.5578990880234147
connection,-0.5587022331067186
proofs,-0.5589764499459083
till,-0.5600957958063149
qualities,-0.5607740087951643
fail test,-0.5610565500912426
succeed shes,-0.5616424979884742
automatic,-0.5616641182055296
nice willing,-0.5619762286546752
handed,-0.5621474346449626
feedback gave,-0.5632188848646961
looking forward,-0.5635162234368539
substantial,-0.5638324025120439
sides,-0.5655367904407419
helpful clear,-0.5668462186755178
ended,-0.5683553314989264
corny,-0.568526219848394
nice grading,-0.5686496950507249
going learn,-0.5695018654087911
week lab,-0.5696656175625908
making fun,-0.57088126130121
determine,-0.5714381517163276
assignment,-0.5714601225617064
fun informative,-0.5717906025005907
analyzing,-0.5720528332960103
points things,-0.5720923574308987
fond,-0.5732914078917845
graphs,-0.5733003158725677
scheduled,-0.5734347847277577
puts,-0.5734632590769105
worst life,-0.5735945036638944
halfway,-0.5736066726163681
semester makes,-0.5739371122537367
understanding flexible,-0.5750824959708729
things makes,-0.5751555451467929
overbearing,-0.5760548727665478
interrupt,-0.5768380584471257
easy essays,-0.5769380019587761
looks,-0.577796482857691
shes worst,-0.5786302392418907
confusing understand,-0.5787567959432642
clear answer,-0.578857279658514
grader comes,-0.5788691671975276
multiple times,-0.5793945223710398
pretty tough,-0.579733871972755
showed,-0.5801023791781259
feedback,-0.5815983298896064
tool,-0.5817899581677195
ass,-0.5837409811654504
switched,-0.5838649955126283
gives papers,-0.5841782142816004
chore,-0.5848092790325454
use cheat,-0.5850824715350882
rude times,-0.5870503763732731
easy think,-0.5871879044820433
rachel,-0.5872019428101498
hours study,-0.5880821802811281
hed,-0.5888496407188919
theology,-0.5896335582141716
great learning,-0.5905884605380934
car,-0.5908977296299345
based opinion,-0.5910140450491691
point view,-0.591475271471386
book youll,-0.5916324419375179
gets,-0.591955125866878
recommend prof,-0.5922603123473215
worth effort,-0.5928585493778012
khan academy,-0.5931086841287814
papers writing,-0.5933708110442552
additionally,-0.5934181112386891
feedback actually,-0.5934236854185262
ive heard,-0.5941398201585876
literally reads,-0.5945700208638107
practice problems,-0.5950434918906221
boring make,-0.5964236240088978
benefit doubt,-0.5964964416425754
places,-0.5969881651322602
regarding,-0.597072792442675
guides helpful,-0.5973400470839978
came,-0.5975344573633966
multiple occasions,-0.5975495372010156
intro level,-0.5979660560655804
honestly worst,-0.5980965932655016
makes confusing,-0.5982953788198967
easy actually,-0.5984598753865965
gradebook,-0.5992965686622382
feel uncomfortable,-0.5995137103212989
clear cares,-0.5998126158752205
ago,-0.5999059464567007
conducted,-0.6004284776845359
literally worst,-0.6005266574257371
studied,-0.6016473252761496
killer,-0.6028746015761156
essay week,-0.6029957199008357
speaking skills,-0.6034270803022073
didnt follow,-0.6034713070169502
sit,-0.6036708668677218
required readings,-0.6043125183581712
make clear,-0.6052116066506867
read entire,-0.6052570972096353
argue,-0.6061967283777318
verbally,-0.6062023980263909
drawn,-0.6070812272564531
make engaging,-0.6083265209901804
harsh grading,-0.6083578095998738
recommend instructor,-0.6089420787765952
changing,-0.6090238118896028
naturally,-0.6091310611913666
needed pass,-0.609311445521058
graduation,-0.6104707500454002
passionate topics,-0.6119649352182785
form,-0.6120537611817138
youd,-0.6127410030290925
write long,-0.6131172338472957
technical,-0.6136859055069355
makes extremely,-0.613707062090784
honestly great,-0.6138278929339382
notes pretty,-0.6148807518680628
correspond,-0.615293632356452
extremely rude,-0.6156089389972821
come office,-0.6164990838273129
economic,-0.6168630446779158
log,-0.6170646334690489
communicate,-0.6172114875979656
understand read,-0.6177374810224664
boring easy,-0.618120011748078
shes sweet,-0.6182327398405464
test taker,-0.6182639480441748
math problems,-0.6182672317736262
respond email,-0.6184207800107627
papers pretty,-0.6185012214248862
proceeds,-0.6185627945471308
rate,-0.618594988610411
hold,-0.620123282417567
personally,-0.6201868118174527
grader easy,-0.6210406703865005
decide,-0.6216506436902292
filled,-0.6221030234006054
broad,-0.6223561988754172
crazy,-0.622631320879783
exam,-0.6227665480782638
objective,-0.6229471614867368
performing,-0.6235864707654545
great personality,-0.6236375927344711
pays attention,-0.6236432060381409
descriptions,-0.6236479561580301
guys,-0.623694561007128
matter study,-0.6241137697652946
funny wants,-0.6245480480464733
taker,-0.6253681483476985
improvements,-0.6258045628550944
passing,-0.6276701116201622
core,-0.6281861622728122
strict attendance,-0.6282489030614173
mentally,-0.628390321130768
people arent,-0.6288681621585347
reconsider,-0.6291508222893117
wordforword,-0.6291766360304463
essays make,-0.6296230581935816
scheme,-0.6297292794073593
notes board,-0.629972061600167
semester need,-0.62998224052337
pay,-0.6305700378944279
bias,-0.6319766706861923
stating,-0.6321627308272013
hell tell,-0.6336845593781733
content,-0.6341064184320544
funny passionate,-0.6345202583594756
kick,-0.6346960765356366
learn textbook,-0.6351203355889811
spend hours,-0.6359847617617903
think better,-0.6364852195342579
damn,-0.6369413668256743
anecdotes,-0.6381855498702106
thoughts,-0.6382562718339314
arise,-0.6385590132016332
laughing,-0.6388494313565503
starts,-0.6392913625354456
expected,-0.6395519320939324
definition,-0.6397159262832622
asks question,-0.6409097536187719
need study,-0.6431892647392081
acting,-0.6441511092880392
craig,-0.6442207170398273
gives projects,-0.6447535137359018
little extra,-0.6449202336990912
participation based,-0.6449804581497043
coding,-0.6451795516125405
papers discussions,-0.6454057872412583
explain things,-0.6456183873346383
terrible experience,-0.6456515822068178
pertain,-0.646130628314858
definitely wont,-0.6461328388986807
dedicate,-0.6464267148611502
post notes,-0.6465111404364652
study book,-0.6482955536307448
attendance policy,-0.6483791552661352
interpretation,-0.6485359986211695
ecology,-0.6509844930774784
pre,-0.651239727510269
pls,-0.6515603902741217
reads textbook,-0.6520448517035079
reach outside,-0.6520646434112534
believes,-0.6522805231291644
things test,-0.6525620742854976
obvious,-0.6532523873890217
tight,-0.65387461792292
times semester,-0.6542299521577438
appointment,-0.6542798608645609
takes days,-0.6546490051226157
feedback clear,-0.6549109550518388
terrible explaining,-0.6559116026017169
gives group,-0.6564209692120316
unless youre,-0.6576319773083736
lab reports,-0.6584851699179777
barely understand,-0.6592643160117443
ive cares,-0.6600221659134208
lecturing,-0.6613929195526087
review final,-0.6613999531588476
favorite taken,-0.6619912900804232
hoped,-0.6636171960284344
memorization,-0.6637294662448592
easy attendance,-0.6641986708938049
statics,-0.6645457516728988
potentially,-0.6646505849868003
text book,-0.6657353823317793
easy shes,-0.6657693615341334
writing intensive,-0.6670346856579428
worst college,-0.6674901742761216
order succeed,-0.6675452425759183
pandemic,-0.6675786943050769
hes saying,-0.6681192124558009
easy overall,-0.6683435816631146
reading reading,-0.668387393198724
application,-0.6695052346059907
tough grading,-0.6698260440318984
great experience,-0.6698928108825234
percentage,-0.6708364230665903
hrs,-0.6719234532582782
great lecturer,-0.6719812302519036
kill,-0.6721215023179091
giving,-0.6756361113678346
easily worst,-0.675679385441151
unknown,-0.6759848684899009
slides helpful,-0.67680415237436
barely passed,-0.6770680947831947
lots lots,-0.6770966648179749
need come,-0.6772247322708688
graduate student,-0.6772690285775127
understand says,-0.6778241415704067
notice,-0.6780191363334481
genuinely interested,-0.6784591956966975
gives midterm,-0.6791007781131636
called,-0.679512077329068
multiplechoice,-0.680217187815549
ceramics,-0.6806125160490448
save stress,-0.6811380939922294
hes friendly,-0.6816284759783009
setting,-0.6817670339367575
exam worth,-0.6829231586259936
guy cares,-0.6834881001411027
bases,-0.6841966449134778
concerned,-0.685667044421959
dependent,-0.6862192178478568
textbook understand,-0.6863212741192429
gives busy,-0.6865378987638214
quiz answers,-0.686565400758109
treat,-0.6869763788277634
easy engaging,-0.6871733466572165
posted,-0.687424073173609
self study,-0.6876177165356682
hes easy,-0.688063141810043
long reading,-0.6887963635014843
person passionate,-0.6889019754247026
slides make,-0.6890466373282186
proper,-0.6894036331453041
stay engaged,-0.6896529830901535
reasoning,-0.6896767753284841
clicker,-0.6898758813613354
lastly,-0.6902132373896015
sure best,-0.6915691229688534
page final,-0.6930502919773907
theyre pretty,-0.6934822525165033
hardest taken,-0.693889125957756
elaborate,-0.6941285843995149
amazing great,-0.6941790894385144
hours studying,-0.6945364204555935
organizing,-0.6946102234814235
speed,-0.6946574243825946
closer,-0.6968549925343694
soooo,-0.6975645228296443
patient understanding,-0.6976932823554648
emotional,-0.6980831130035916
slowly,-0.698097368234065
deducts points,-0.6981878835085145
lisa,-0.6981998792878528
didnt provide,-0.6982693451882996
release,-0.6985525751064541
took away,-0.6986941581384587
ask answer,-0.6987165170815939
minor,-0.6989259601858798
use technology,-0.7005199567091016
expected read,-0.7016505467397453
listen reviews,-0.7017895680719723
youre stuck,-0.7019859607920261
copying,-0.702476827110464
weigh,-0.7033725378167155
clear understanding,-0.7037327849495215
passionate philosophy,-0.7042716048003892
read power,-0.7048546252519737
probably worst,-0.7053454879810351
room error,-0.7056015071772456
going makes,-0.7066620298040245
terrible prof,-0.7066892826456286
actually learning,-0.706868348768072
seemingly,-0.7081665606834768
student success,-0.7082615369675308
timely fashion,-0.7090394872638425
horrible experience,-0.7090401208856173
people participate,-0.7099513072245519
absence,-0.7105179559435161
known,-0.7109861177322943
overload,-0.7111190804116255
overly,-0.7119624093678806
emergencies,-0.7121506192062856
feel stupid,-0.7124793196726291
expects teach,-0.7130867535543263
language barrier,-0.7131043395309811
correctly,-0.7131221392458686
engagement,-0.7131934528983211
idea teach,-0.713402783795436
concerning,-0.7140551538840567
ppt,-0.7142704324560406
clear fair,-0.7145188715662671
funny great,-0.7151307575955977
control,-0.7155836950547191
hour,-0.7155995834515345
period,-0.7165120018496358
boring hes,-0.7166632405586291
way study,-0.7171162430745663
need great,-0.7172036377818267
happens,-0.7172059968213806
understand makes,-0.7175999785484047
professors easy,-0.7180409391723859
want actually,-0.7182334287000985
blank,-0.7187650398240159
easy worth,-0.719685110157162
formulas,-0.7204821620111967
partially,-0.7204931656404112
understanding content,-0.7211095180604564
answer right,-0.7214373349277547
versus,-0.7217223045287824
drive,-0.7219590070432045
feedback isnt,-0.7221599593503399
site,-0.722885718082108
summer classes,-0.723157896379711
taking,-0.7235218705760821
long essays,-0.7238627079204543
cares little,-0.7240562371907068
articles read,-0.7245290732175772
passionate art,-0.7257655182384063
think,-0.7261013403586619
test average,-0.7274435854179415
regret taking,-0.7276065024685845
boring monotone,-0.7280985972019607
easy easy,-0.7286087004043005
files,-0.7287318986807165
luck getting,-0.7296295129902289
basically read,-0.7297244954273635
power,-0.7306430079792606
announcement,-0.7307297137991775
gives assignment,-0.7309687354907775
best wants,-0.7313216680701227
extremely unclear,-0.7320821593844501
stops,-0.732626667809594
documents,-0.7326866464982772
great responding,-0.7332796162723041
great want,-0.7338272685016511
definitely makes,-0.7340203415506684
periods,-0.7351617431186112
grading makes,-0.735523164146722
talks way,-0.7360822834038244
beg,-0.7366983723336714
stood,-0.7375332061183532
webcam,-0.7377856187447367
kind great,-0.7380459454177843
bored,-0.7383298361087302
explain content,-0.7387516588240647
projects papers,-0.7404950511415468
til,-0.740626455340395
rude care,-0.7410119402929667
funny interesting,-0.7417176391139918
locked,-0.7418357261477249
account,-0.7421078920314487
strong,-0.742439081015848
tell need,-0.7429997266123193
defined,-0.7436779761019824
end quarter,-0.7444514808760423
allowed teach,-0.744599457088034
ready learn,-0.7450792287492781
calling,-0.7454011552661213
pgs,-0.7454123546080945
non,-0.7454146573124113
discouraged,-0.7461220721950544
nice accessible,-0.7465221970079746
took attendance,-0.7474871274133326
cares understands,-0.7479622557776257
notes makes,-0.748186883881704
reads slides,-0.7482667488777855
moves quickly,-0.7486313774549338
roll,-0.7495243134585629
updated,-0.7503866967603009
didnt respond,-0.7505024992072424
contact outside,-0.751032774535898
student,-0.751103465098936
mgmt,-0.752023520099959
discussed,-0.7523752327699118
loves talk,-0.7527498440467337
quiz lab,-0.7528363738333446
page research,-0.7530016663976
single week,-0.7541378280598465
hands worst,-0.7551122390461098
preparation,-0.7552465070668974
waiting,-0.7573272748747846
hes terrible,-0.7578116526427298
enrolled,-0.757978133089127
super heavy,-0.7581854970586135
learned easy,-0.7584246442978734
wonderful person,-0.7589435259860057
textbook,-0.7593319724378411
wait,-0.759692080167306
caring sweet,-0.7601265214663542
quiet,-0.7605647539625846
lawyer,-0.7611934429169712
answer test,-0.7612166255206896
relate,-0.7615846529991935
personality,-0.7626891015843732
expressed,-0.7630509967672272
apart,-0.7630919791115731
chapters,-0.7630934330210294
try avoid,-0.7636684599251087
far hardest,-0.7641697976502059
unclear instructions,-0.7650175361667066
required read,-0.7653111686585992
book,-0.7656687504937619
soft spoken,-0.7661087371769115
didnt care,-0.7668136019198588
phys,-0.7679832678830678
average exam,-0.7680086377040012
refer,-0.7685461266586143
emails takes,-0.7696351310643595
youre expected,-0.7703152544137895
teach entire,-0.7704428289320528
study textbook,-0.7707313681831554
project week,-0.7707846579002724
reads directly,-0.7733804550110952
interesting learn,-0.7734056029054479
clear instructions,-0.7740432646508536
youtube videos,-0.774175264192551
worth,-0.7758474516968715
theres week,-0.776118852546852
weve,-0.776400977548917
scale,-0.7771614564586097
feel didnt,-0.7798256927858069
unless absolutely,-0.7806087223528148
history major,-0.7810988469886886
read pages,-0.781703433535469
added,-0.7818106402668688
anyones,-0.7824744823213942
clear directions,-0.7825804054789876
shes nice,-0.7836868917789975
super super,-0.7844349068882795
hes sweet,-0.78493146592
didnt enjoy,-0.7861413196497009
attended,-0.7865405715734494
midterm exam,-0.7869037930071212
repeated,-0.7871494962721364
monotone voice,-0.787245177435215
cross,-0.7881037361795901
watching,-0.7882658922989324
readings week,-0.7895253984176556
easy boring,-0.7898225072205465
degree,-0.7904170216670557
taste,-0.7904891113955419
classes semester,-0.7907253576603218
stay focused,-0.7907673750369117
practicals,-0.7910455509333734
tech,-0.7911761689752146
losing,-0.7914994128417043
questioning,-0.792126452252706
gender,-0.7940902386828357
days respond,-0.7941373407423798
tank,-0.7942923299302217
double,-0.7976354826093617
specifically,-0.7981023584217859
reading quiz,-0.7981471866558497
disabilities,-0.7984570878375321
review sheets,-0.7989750241394412
easy miss,-0.8008827905746405
make fun,-0.8024620160430687
tuition,-0.8025270693673431
abroad,-0.8029495290377043
power point,-0.8031249227743856
caring nice,-0.8038733676821911
designer,-0.8039871538603756
slideshows,-0.804099932633295
excused,-0.8050228790023116
hit,-0.8055769107917126
unfair grader,-0.805581574470654
nights,-0.805817539197687
care pass,-0.8059670518035801
forum posts,-0.8060336030222921
understand follow,-0.8068676940144789
shed,-0.807036728077657
related,-0.8072006315279927
spring break,-0.8081904488496903
retaking,-0.808294856889053
smart guy,-0.8083796085465982
continuously,-0.8084138155084047
short period,-0.8085948039348779
book study,-0.8087612641833969
able pass,-0.8093482301271107
unclear directions,-0.8104742031537983
grading papers,-0.8109228161467885
graduate,-0.8109497913402602
demeanor,-0.8115303109573828
character,-0.8116568673734116
positive feedback,-0.812093095686319
taking points,-0.8121581432953545
sided,-0.8125251662683876
stands,-0.8127764695642423
single day,-0.8132301733304603
woman,-0.8137681972374358
directly textbook,-0.8150948885732793
things hes,-0.815782613501196
list,-0.816311802145782
youll end,-0.8167618198260512
certain things,-0.8168677729667359
points small,-0.8170768093048287
easy enjoyable,-0.8171460919531771
test week,-0.8173428159770244
fairly easy,-0.8175426884786493
wish took,-0.8183911554944125
worst took,-0.8190751585742717
basic,-0.819896022355446
took calc,-0.8202078692369396
addition,-0.8216060663346076
thatll,-0.8218032961859659
worth final,-0.8218400380337336
rules,-0.8220151676272165
simple concepts,-0.8220664517735126
consuming,-0.8225207724361052
equation,-0.8228561883459418
fit,-0.8235559199860691
actually helps,-0.823926018860691
better prof,-0.8251098657783431
explain topics,-0.8257286830541698
answer clearly,-0.8262678063570336
pretty fair,-0.8267244959195416
criteria,-0.8267429390463295
quote,-0.8271616650789911
later,-0.8273674290645981
extremely confusing,-0.8285333987044121
phones,-0.8304383794442078
great test,-0.8317008290207522
crap,-0.8321482094378656
werent,-0.8331359705256988
guy teach,-0.8335094730932779
impossible understand,-0.8335554252657149
nasty,-0.83575655873272
requested,-0.8362685399060105
week weekly,-0.8366304638928114
asian,-0.8367425576240214
understand whats,-0.8369216310418884
listed,-0.8369561081643264
took elective,-0.837042985700664
minutes late,-0.8374844305757335
whim,-0.8382789017814049
kind funny,-0.8384900805468286
party,-0.8386443438787522
based final,-0.8388626008106627
avoid cost,-0.8388791607373252
requiring,-0.8389273169304321
tendency,-0.8392430433082174
care gpa,-0.8395408785440498
correct answers,-0.8396060762507117
assigns way,-0.8397123979257589
unusual,-0.8398981764143433
sounds,-0.8401243845321341
action,-0.8428756600189057
extremely specific,-0.843226703250023
hire,-0.8439621689161443
readings discussion,-0.8444466083307782
practice gives,-0.8447155958088066
basic concepts,-0.8454812012934948
tons reading,-0.8460247339930526
goes tangents,-0.8463025345879847
wanted,-0.8469270928924189
bad attitude,-0.8472375434582686
type,-0.8474022763818907
writing center,-0.8474861215892502
broken,-0.8475266205909249
expectations,-0.847527765131344
super unorganized,-0.847809902403899
absolute worst,-0.8480729314677323
bullet,-0.8480799574309986
reading discussions,-0.8480894460469296
weekly reflections,-0.8486520297189808
lesson plan,-0.8490716619387442
notes follow,-0.8497174039714857
want write,-0.8499410236123286
easy hes,-0.8505312771416356
gives week,-0.8517652269489824
thankfully,-0.8522635299597452
expects learn,-0.8526482112764157
looking easy,-0.8529356361647962
way taught,-0.8529814483858948
return,-0.8530550164315542
taken years,-0.8533784221205143
shocked,-0.8537449171999286
small things,-0.8547626168427322
responsibility,-0.8553635483622659
hours long,-0.85598296274025
extremely condescending,-0.8563826465045876
returned,-0.8567971263628585
write essay,-0.8568393437995815
extremely unorganized,-0.8588253091152884
final test,-0.8588599816568814
easy youll,-0.8589428705205756
need teach,-0.8589833605296205
picky grading,-0.8591214988432724
openly,-0.8596211197720651
easy super,-0.8597171505432093
let early,-0.8601579188877753
credit,-0.8606121761681375
outside sources,-0.8610339409392888
sign,-0.8617391098960815
extremely heavy,-0.8626926436879219
overall think,-0.8627682089835029
doing things,-0.8631338318647633
beginning end,-0.8633075284309476
event,-0.8636661309187967
effort easy,-0.8657960712405307
learn single,-0.8663940324002167
important concepts,-0.8666776726901685
mundane,-0.8672661798254576
tells study,-0.8672842610505657
understand taught,-0.8673182468302266
weighed,-0.868078973607833
affects,-0.8698459340073101
clear wanted,-0.8699326497747957
room,-0.8713821947356993
asks,-0.8732967382981233
means,-0.8734365549189932
aint,-0.8735818405950451
final make,-0.8744818762989012
feel dumb,-0.8745632609040375
pretty sure,-0.8745707675851528
anymore,-0.8758229314873957
literal,-0.8760437935357948
straight powerpoint,-0.8764235996058046
delayed,-0.876935425857634
cancel,-0.877017321434183
mood,-0.8777908204140417
accommodations,-0.8784577382158963
memory,-0.8787915888445242
forget,-0.8789514826148396
expecting,-0.8791925657858605
late grading,-0.8811812054505334
super rude,-0.8819655706137325
slides read,-0.882208852970179
constant,-0.8837252427394215
interactions,-0.8840481948797014
wants papers,-0.8841919084752576
minimal,-0.8845054181753916
havent,-0.8859059561282415
easy elective,-0.8865158309354281
sort,-0.8867910278287356
sick,-0.8869650140179774
doing best,-0.887666921154456
forgot,-0.889502322454606
physically,-0.8900365045360892
avg,-0.8913385034037944
according,-0.8920311915704745
hour minutes,-0.8925067112478754
quite boring,-0.8940584399651258
illness,-0.8940725623359284
roughly,-0.894768619725552
makes understand,-0.8949147601745613
kind man,-0.8950306380026131
resulted,-0.895044117123626
min,-0.8952261964958802
reread,-0.8952647181626586
lines,-0.8955982874777122
suggest,-0.8958195809162627
little instruction,-0.8973907166828513
life outside,-0.8975790688772702
sweet person,-0.8983366018156689
pure,-0.8985528966681665
study pay,-0.8988963860717006
order,-0.8990813516500814
mic,-0.8994644167444042
complex,-0.9011756657333543
want,-0.901539998631467
cool person,-0.9024350915660128
necessarily,-0.9026498050285089
platform,-0.9038911924554076
heavy gives,-0.904146459419382
understand saying,-0.9048335006403763
plant,-0.9050546533957408
offensive,-0.9066595244466356
oftentimes,-0.9070342623510204
shes strict,-0.9086246560549388
include,-0.908712317078222
comprehend,-0.9097270940414464
replace,-0.9097687800053059
took fall,-0.910411271993574
reasons,-0.9104732146077569
assistant,-0.9123488056860624
shes best,-0.9133403239534623
satisfy,-0.9133538796010325
grasp,-0.9133566364560277
grad student,-0.913473736138024
throw,-0.9135257715231376
worst instructor,-0.9143862131340851
inconsistent grading,-0.9146394518093017
regards,-0.915504794600856
select,-0.9158373297239008
consistency,-0.9158610266828513
contain,-0.9159398726354501
care success,-0.9160057223819248
taking prof,-0.9162584536526845
great information,-0.9163622408341673
circumstance,-0.9163935153789663
totally different,-0.9168281968416805
hes incredibly,-0.9172222337131918
answer,-0.9185767969578694
impossible reach,-0.9201056494263655
better learning,-0.9220050469618583
talk office,-0.9221123660563993
audience,-0.9226093537570469
exist,-0.9226812003238093
ethical,-0.9229441754396899
fan,-0.9230192393133048
begin,-0.9230358091832335
lectured,-0.9234861397241961
emails sent,-0.9235847550098988
flies,-0.9237998661816732
ebook,-0.9241261941340103
way long,-0.9243865885311869
rant,-0.9245298159889388
sentences,-0.9247875077055681
laughed,-0.9261310597585202
read reviews,-0.9273780495796697
comment,-0.9273985973499689
god,-0.9278766956297252
loads,-0.928415603602094
dollars,-0.928828872432669
lying,-0.9292467406826328
awkward,-0.9294210424084096
ready teach,-0.9309993551618106
helpful way,-0.9313684987858776
changes dates,-0.932385798441301
understanding subject,-0.9324281027529896
shown,-0.9329657287448201
try ask,-0.9330622109173682
dreaded,-0.9354647756767437
willing office,-0.935554474815908
youre basically,-0.9365356998491303
spelling,-0.9366940553791593
sits,-0.9386637062814356
extremely harsh,-0.9392650858247067
say learned,-0.9402729938657135
script,-0.9433262964502377
make interesting,-0.9434388010149299
handing,-0.9441321991584546
hadnt,-0.9443626651573376
second week,-0.944844498032488
credit gives,-0.9449267629557057
imagine,-0.9472125857277481
emailing,-0.9479203620584506
shut,-0.9483105870133959
sources,-0.9484045118077257
deduct,-0.9485956589633726
lots busy,-0.9490270341747787
sun,-0.9493615250816153
funny kind,-0.9498851563922339
recommend,-0.9500274344731696
recommend gives,-0.9504887972478774
canceled,-0.9509501057197144
fluent,-0.9515058475324143
recommend definitely,-0.951785758774873
conveying,-0.9526296960697994
probably better,-0.9528616913532072
leniency,-0.9545992670371292
took different,-0.9583159204201186
rough,-0.9583301321147446
think twice,-0.9589822921054929
worksheet,-0.961067618109538
senior,-0.9616562503733069
tell,-0.9631195088062502
specifics,-0.9636713729697034
read powerpoints,-0.9646031316106553
elses,-0.9663206040240829
sweet man,-0.9670154810706211
abstract,-0.9675758586858989
absolutely,-0.9686741042940679
division,-0.9703344775643993
near impossible,-0.971187487440431
worst teachers,-0.9711993994768793
deduct points,-0.97154616463781
credit make,-0.9720519643614504
complete waste,-0.9721086751286471
attempt,-0.973137101716494
requirements,-0.9734894134011416
making,-0.9756090950115803
poor communication,-0.9758074147696596
dock points,-0.9769893128956075
half dropped,-0.9769935686072507
runs,-0.9772903743800713
directions,-0.9776422960831364
fellow,-0.9779723156918934
unbelievably,-0.978869674208559
generic,-0.9796788839135939
meant,-0.9813829577085861
day semester,-0.9815782064292699
college career,-0.9820174140086526
figuring,-0.982074049743363
based personal,-0.9825701171673324
amazing willing,-0.9828956966414721
unless want,-0.9833109962186616
absolutely terrible,-0.9834261310069086
things learned,-0.9839097580770538
teach content,-0.9845258917140923
near,-0.9853587609847468
assistance,-0.9855980128052618
fun interesting,-0.9877171855062379
whats,-0.988276005590384
chose,-0.9892173131408657
second chances,-0.9915637814723364
accurate,-0.991952048094022
happened,-0.9926645313180862
easy stuff,-0.9927569812027289
best friend,-0.9932195705526042
content pretty,-0.9932215462874284
linkedin,-0.9938818269326231
obsessed,-0.9946247855601161
lazy,-0.9956009932471825
teaches fast,-0.9957913173335424
laptops,-0.995850559810926
makes learn,-0.9963663841115779
suffered,-0.9970990120942034
save life,-0.9987923364486792
count,-0.999016131674908
academy,-0.9990437860597174
took weeks,-0.9991519972077256
absolutely horrible,-0.999167047683584
provide study,-0.9998157558333066
white,-1.00023430889288
average midterm,-1.000414578177488
textbook teach,-1.0014232235456044
source,-1.001611258289273
prepare,-1.001804095755829
communicating,-1.0020355571807733
hates,-1.0053285371253746
edge,-1.0060273758113347
entry level,-1.0061693086375436
deducted,-1.0077736200664174
correctness,-1.0095767346939923
assigned,-1.0096657786130723
gives quiz,-1.010590641517418
thanksgiving,-1.0112444221670827
promised,-1.0114726368667608
actually taught,-1.0117370566435635
bore,-1.0119743830277115
butt,-1.0130049286839167
academic,-1.0132777955318477
experts,-1.013745919180598
details,-1.0138416075274888
hardest classes,-1.0140120901751717
camera,-1.0153386538984743
weak,-1.0159056274148932
trying best,-1.0166855528817027
accent,-1.0171690670895133
gives long,-1.0172589556667013
takes away,-1.0179352910304453
adhd,-1.0193574859286336
elementary school,-1.0197269590121212
understand times,-1.0200223144496776
follow,-1.0209396652169538
great professors,-1.021529588904956
person definitely,-1.0223688869114433
lower,-1.0228923330264228
crash,-1.0245910773756675
tas,-1.0263610274165447
political views,-1.0278779048949764
impossible follow,-1.0279728277409723
shes rude,-1.0283388474432977
test,-1.0284969446128145
point,-1.0285112383141108
definitely knows,-1.0289844543196385
final review,-1.0316726657258657
purpose,-1.0319826331503144
wasnt,-1.032069385762364
begins,-1.032362843092698
explaining,-1.032646886824425
requires,-1.0336782259388304
ended dropping,-1.0337910206225163
cares great,-1.0339394223876235
written,-1.0347668458357038
covered,-1.0349260719794515
straight textbook,-1.035726695479158
method,-1.0359197586040265
way way,-1.036524746404634
way wants,-1.0367748301755095
felt didnt,-1.0367775014293015
classes youll,-1.037313147042387
signed,-1.0374872947979425
distracting,-1.0386918894406716
argumentative,-1.0387691714139724
email,-1.0392509520444577
nit,-1.040125908380052
makes way,-1.0403431076614027
crammed,-1.040801137908255
phone,-1.0410131673169019
advanced,-1.0414021318804783
teach expects,-1.0422460506816786
learn read,-1.042752737521612
study group,-1.0431783651868405
way structured,-1.0434784996710162
struggle,-1.0435355445314554
beginner,-1.043591619967847
description,-1.0446816334051714
example,-1.0448241674594871
boring long,-1.0454942637763214
words,-1.0460083257557304
boring lecturer,-1.0465029625688325
willing extra,-1.0467925507656437
bible,-1.0479787731220305
communication,-1.04905839104071
heavy accent,-1.0496008845000873
sloppy,-1.050103367416456
goes slides,-1.0502255112592112
wondering,-1.0504201020925938
emotions,-1.0514610626463168
entered,-1.0523696879446716
advise taking,-1.052480298309371
fast pace,-1.0531498854117987
meaning,-1.0534166364911766
decipher,-1.053493964239672
prefers,-1.0539310399918005
trying understand,-1.0542978043263809
doing,-1.0545909023886064
frequently,-1.0549465917008818
prereq,-1.0555390543070244
boring shes,-1.0562858473436647
idea doing,-1.056320575870622
understand wants,-1.0566001404165113
insists,-1.0568126703501906
letter,-1.0570148793688527
touch,-1.0570665827109347
youre looking,-1.05718183271645
title,-1.0573239594123476
prof easy,-1.0597259760940625
paint,-1.0608131371190352
quizzed,-1.063287913570474
moments,-1.0638695620103311
youre math,-1.064935583793191
foot,-1.064969863288707
somebody,-1.0651944016993153
educating,-1.0655529340455872
impression,-1.0657124133330382
final great,-1.0664466867689169
coordinator,-1.0678546243095282
best subject,-1.0682038439270558
definitely favorite,-1.0694100965694269
study groups,-1.0698916825396152
gets angry,-1.069944145193962
unfair grading,-1.0717992154711873
actually helped,-1.0723051879203145
scatterbrained,-1.0727364133343311
tangent,-1.0728449541035476
google,-1.0730329634302593
receive,-1.0735540815083804
desired,-1.0745418435628582
repeats,-1.0746667800882723
center,-1.078842082724279
feel learned,-1.0788812774895902
grader ive,-1.0788945985993437
lock,-1.0791816663904985
depend,-1.0792306769761773
person hes,-1.080545715394714
fast paced,-1.0810825172696874
tested,-1.0813233544149357
shows late,-1.081849426881455
semester graded,-1.0821009666098362
tutoring,-1.0822807608746767
comparison,-1.0829621570461385
pop,-1.0838205700582075
want succeed,-1.089751059630915
chooses,-1.090831193573707
nonsense,-1.0915350762094844
way gives,-1.0923948820870142
stopped going,-1.0926901211018483
weeks,-1.0927562490269163
lies,-1.0928624338358714
rushing,-1.0940187798857155
amazing make,-1.0966915894515867
sure write,-1.0968675969386779
grammatical errors,-1.0987396500210829
expectations high,-1.0993649811972912
dumb,-1.1000766846850571
offended,-1.1009052343877856
peers,-1.1012340486174534
weekly journals,-1.1020169177544483
grading unclear,-1.1022645447603325
mask,-1.1023602194121953
multiple,-1.1028382762199485
frankly,-1.1060079467110344
pages long,-1.1061418398231142
verbatim,-1.106153418333337
read mind,-1.107420574655716
barley,-1.108955711834717
halfway semester,-1.1097563121180387
helpful overall,-1.1100117373004514
displeasure,-1.1106485357905287
grading harsh,-1.1115810336161618
habit,-1.1121506146412892
unrealistic expectations,-1.1122285784061663
information,-1.1129300224891885
wont able,-1.1134935468242257
removed,-1.11369122688415
reason passed,-1.1143822113133877
sassy,-1.1158410965942727
wouldve,-1.1163087768161257
combined,-1.117353138862801
math lab,-1.1178654476487033
reading book,-1.1190895814402584
dean,-1.1195911063408248
outside resources,-1.1199805595064458
sweet woman,-1.1201273967465004
gets topic,-1.120444255621775
wait semester,-1.1204971577140772
extremely fast,-1.1225512595314795
organize,-1.1241138708315548
causes,-1.1245188472160532
prepared learn,-1.1249445823963988
speak english,-1.1266255467080295
offer,-1.1281549239411055
gets annoyed,-1.128178414617456
things,-1.128225001426215
nice sweet,-1.1282810714914262
nearly impossible,-1.1286918494544487
substance,-1.1306090406623646
extremely grader,-1.1317374202587442
changes,-1.132738780870938
based reading,-1.133672249688569
entry,-1.1341184446149402
extremely vague,-1.1347755945591813
unclear expectations,-1.1360160086692128
purposely,-1.1363288307250219
content interesting,-1.1365297003807802
majors,-1.1395621133263292
ready study,-1.1400477019096413
days later,-1.1405194963099414
easy straightforward,-1.1413235990337631
repeating,-1.1414896578262275
messes,-1.142064873937103
spend,-1.1430018457089774
messed,-1.1431310891493038
try best,-1.1449547761242256
choose,-1.1454314179134977
page,-1.1456353331047506
didnt answer,-1.146380345517295
dreaded going,-1.1474408144996031
elective,-1.1481506263470773
extremely disorganized,-1.1489832734805094
semester ended,-1.1502305077093706
wall,-1.1511987283140617
picking,-1.151658155103082
feedback graded,-1.1519859173263423
thank god,-1.1530916434940086
guidelines,-1.154534241922512
wants write,-1.1559179460499576
points assignment,-1.1561887260741925
copy,-1.156586058820016
extreme,-1.1586724472054502
laughs,-1.159515699588881
warned,-1.1600747664012618
conflicts,-1.161674515105549
redundant,-1.162053779574381
reported,-1.1623890653286808
docks,-1.16316806266076
women,-1.1656476118519512
deliver,-1.1659413270213201
actual content,-1.1659843889887405
bet,-1.1668237214831467
occasions,-1.166923182802033
regretted,-1.1670301613587277
believe,-1.1672250637736674
gone,-1.168050459443982
week classes,-1.1682168003954772
peoples,-1.1686063280830774
way easy,-1.169740339899961
little things,-1.169804143913888
read notes,-1.1706178080033474
briefly,-1.170714768366849
stay far,-1.1714101542516495
post,-1.1732846578625076
youll probably,-1.1740716217991216
entirely,-1.1741302674024876
suited,-1.1753843673976065
matter,-1.1773382554401337
middle,-1.178194462292571
compassion,-1.1785031440808342
consist,-1.1787536437616657
browser,-1.1788149312361995
listening,-1.1806890499765315
organization,-1.1818802015123306
started,-1.1830688212635088
worst taken,-1.1839601243154627
misses,-1.1845815825491222
reads straight,-1.1851533875135876
expect,-1.18704486600825
hopes,-1.1884715745420174
hate,-1.188499213651093
sure turn,-1.188986179762762
personal life,-1.1897817066175969
saving grace,-1.1912470619319606
sitting,-1.191377058819399
single thing,-1.1914195602705333
comments,-1.1914568414535303
announcements,-1.1933073330878328
hair,-1.1934695883694708
satisfied,-1.1968225614018366
blind,-1.196845939894774
question,-1.1977366083639174
hours straight,-1.197917032826061
shes terrible,-1.199871942350268
great people,-1.2000576440242445
youll need,-1.200666538321899
helpful learning,-1.203869066657568
pros,-1.2055894909582159
respond emails,-1.2059541798325444
explain concepts,-1.2074888087768927
relation,-1.2082556172605987
correct,-1.2091741512544845
placed,-1.2108988008715094
absent,-1.2113431773611028
numerous,-1.2118607766317566
expects way,-1.21256674752788
gets upset,-1.213311942777691
wont answer,-1.2158466656799887
negative feedback,-1.2175332527307154
option,-1.2179846872577405
use canvas,-1.2196282283598012
points,-1.2206173917766434
purely,-1.222077175358075
sufficient,-1.2225080537573862
weeks semester,-1.2225972459420988
upload,-1.2230707568992119
incredibly,-1.2237667603642084
allowed use,-1.2251316825504917
prove,-1.2260162204615637
makes buy,-1.2272478378280596
men,-1.2290144476665288
reading papers,-1.2293349740415662
explanations,-1.229441727230839
cover,-1.2298671094808866
hired,-1.2302304550696148
nonstop,-1.2320185528405703
crying,-1.232058675863694
error,-1.2334533840668527
make great,-1.2335849181759488
taught,-1.2352964308425067
atrocious,-1.2368134073022405
consideration,-1.2372006306206451
internet,-1.2394989825027
tough understand,-1.2398658019086006
definitely cares,-1.2400556340681128
great guy,-1.240212033214439
careful,-1.242060869199572
guy terrible,-1.2424573943966826
loud,-1.2424878709406664
throws,-1.242805811773102
proceeded,-1.2434170843593724
looking,-1.2444099303115244
middle school,-1.2452447564547215
options,-1.2464303555696394
saving,-1.246668620907889
line,-1.2467742470972751
clarity,-1.247558529829794
avoid taking,-1.247960580357382
makes impossible,-1.248739097084714
little thing,-1.2495181189881792
marking,-1.2496392617404708
disappointment,-1.251711496255996
tears,-1.2517908539227955
hundreds,-1.254401986764942
heavily,-1.2547705956033899
typos,-1.258248761329763
inability,-1.2584570957075976
expensive,-1.2610515770183015
finding,-1.2611112045184418
completely different,-1.2614714605152633
read slides,-1.2621614647229464
short answers,-1.2624048161957413
reply emails,-1.2625434681777938
realize,-1.262566057948201
weirdly,-1.2655003853218987
given,-1.2657503843416629
better taking,-1.2675596503187039
virtually,-1.2687471928952307
allotted,-1.2694931250964494
judgmental,-1.2699839946748428
learn reading,-1.2709945224605244
reality,-1.2717028009696736
took points,-1.2719723238578065
change,-1.2721385159244156
repeat,-1.2735331428479428
unpredictable,-1.2735370305658547
corrected,-1.2743403287040846
survive,-1.2750183903235301
expects understand,-1.2761545210614005
hes smart,-1.276705324524966
say,-1.2767594401524132
reading powerpoints,-1.2775280100574946
countless,-1.2794861523799348
week finals,-1.2800818587610034
harder needs,-1.281110301430777
mention,-1.2813491511199695
entirety,-1.281790341412248
heard,-1.284077893897998
properly,-1.2875526749201183
nice extremely,-1.2890090393955926
extremely challenging,-1.2894231592519132
fall asleep,-1.2902776939632714
shes doing,-1.2908968035497514
finals week,-1.2910457742207935
evaluation,-1.2912842245518232
sure hes,-1.293803605374914
youre screwed,-1.293926100995194
bad bad,-1.294326063212097
apparently,-1.2943953266858672
test averages,-1.2952467481388654
high school,-1.2968022730691378
learner,-1.2969233863543224
opinionated,-1.2994246481786802
practically,-1.2997764268564698
technique,-1.3000238587643485
wanna,-1.3008100186946832
teach read,-1.302289372608141
minute late,-1.3035904262355495
sadly,-1.3038774668574118
rush,-1.304701709926346
provide clear,-1.3063342121913812
massive,-1.30960908954912
curve,-1.3101506077204503
miss youll,-1.311230323442435
beliefs,-1.3118698986977462
repeatedly,-1.3120709666135426
conflicting,-1.312467056968364
acceptable,-1.3138258382076462
accept,-1.3141463186157363
requests,-1.3144843215374
theoretical,-1.3153068428957049
calls,-1.3165605486918148
cancels,-1.3166002017494727
points taken,-1.3184363651046327
jumps,-1.319797285525034
directly slides,-1.3200544944788482
waits,-1.3215466734311723
sense,-1.3243183895514534
knowledgeable field,-1.32575650755124
reading textbook,-1.325809297798398
paying,-1.3258625174949512
yelling,-1.3266657173083347
demands,-1.3278630026032479
book open,-1.3290027355772018
basically taught,-1.3304181609883696
gave little,-1.3335396472920769
quantity,-1.3335851733532433
politically,-1.334380064938662
best experience,-1.3344560844533597
deal,-1.335201874438936
comes,-1.3360139083606006
guessing,-1.3386769904856473
position,-1.3414935608529084
exceptions,-1.3415083515714672
copies,-1.3415426099663104
assuming,-1.3422232635363027
literally,-1.3428485459711201
hes doing,-1.344211393217644
remotely,-1.3442858356810263
act,-1.345605293465559
hopefully,-1.3468597936132733
cried,-1.3478015121881877
accent makes,-1.347920065963909
solely,-1.34812425713988
pasted,-1.3498284688224025
slow,-1.3502450613572239
member,-1.3524410747417668
withdrew,-1.3524782204137469
refers,-1.3533231719798884
knowing,-1.3542747084648181
extremely long,-1.355640411134854
doing great,-1.357464021242538
moves,-1.3579904319190277
easy subject,-1.359115351774676
testing,-1.360498367537657
paycheck,-1.3607965887721416
posting,-1.3638831590219447
links,-1.3641275344644774
belittle,-1.3642372781738727
paper week,-1.3658610597726208
easy make,-1.36943703876155
graders,-1.369985874307546
switch,-1.3712551813195388
inaccurate,-1.3736350411488416
run away,-1.374857993186208
anxiety,-1.3753740608219123
spending,-1.376080128735279
thrown,-1.376828778957733
look,-1.3800169344996271
falls,-1.3815740226097475
leave confused,-1.384212313266598
head,-1.3854321960458642
introductory,-1.3856099486749274
poor job,-1.385716061073622
incredibly boring,-1.389142839438823
dock,-1.3900041611825193
use blackboard,-1.3926094501627753
sake,-1.396466370785104
hear talk,-1.3984411403959556
reads powerpoint,-1.3987269080304876
worst experience,-1.3990589515364953
week semester,-1.3991913402644034
acted,-1.3999885188380485
wont understand,-1.4015347960527291
gives bad,-1.4017000207001102
excuses,-1.4027728763266694
irritating,-1.402811158073649
desk,-1.4032568961642744
false,-1.4063070346545101
questioned,-1.4078659517425873
agree,-1.4081071169960453
nope,-1.409546874222589
interesting topic,-1.411295362920649
tried,-1.4126400106104666
community college,-1.4127966544395465
clearly knowledgeable,-1.4132307063623615
lots papers,-1.414997132473234
offtopic,-1.417268899398679
randomly,-1.4182277606972093
strictly,-1.4182607968751706
allow,-1.418682653375458
offer extra,-1.4197645566444936
sleep,-1.4199259510647932
brutal,-1.4204564781988755
heavy,-1.4235328595542893
passive aggressive,-1.423763682449803
value,-1.4279702812249462
garbage,-1.4293879006234815
despite,-1.4322306649319776
badly,-1.434108568655475
strong accent,-1.4347379822201582
threw,-1.4350374769599155
minimum,-1.4365710387797173
feel,-1.4374289576490324
embarrassed,-1.4378341796097753
opinions,-1.4389854635466905
terribly,-1.4390834205239325
fool,-1.439985500972826
reflect,-1.4421216299563302
boring classes,-1.4424840853728176
unclear grading,-1.444242761589333
docked,-1.448550206671331
emailed,-1.4487731080837023
managing,-1.4502183300653209
clear answers,-1.453806597552578
waited,-1.459087650104717
response,-1.4593565504277093
severely,-1.4605599375597067
putting,-1.4621974490571052
looking learn,-1.4650317930908856
finds,-1.4653368979900834
embarrass,-1.4713057466314545
bothered,-1.4742299350813493
incapable,-1.4752999885826137
hear,-1.4760061101500976
wont tell,-1.47618622404653
guy hes,-1.4763899967173497
round,-1.4776214287257434
weeks later,-1.478250130744007
mid,-1.4784069004477987
unacceptable,-1.4784095595812659
children,-1.4788545099670967
went office,-1.4790915428769686
standards,-1.480819813539733
exam heavy,-1.484161983172432
mad,-1.4843003010858211
want pass,-1.484996606498549
handwritten,-1.4866276571380312
study guide,-1.4868427253402852
dislike,-1.4895602162830395
wasting,-1.4903935024620945
memorize,-1.491634966650696
actually want,-1.492124515494012
essentially,-1.4944336900591841
biggest,-1.4948315833918724
actually teach,-1.4949745943240667
criticizes,-1.4966698793621878
late,-1.4975755992873758
hit miss,-1.498651614986664
gen,-1.5006561499114606
expected learn,-1.5010280337294066
busy,-1.5013484263059669
great explaining,-1.5028076710032783
pages,-1.5031869187976332
sure knows,-1.5037865994078652
causing,-1.5051538479013225
way harder,-1.50715334934066
hostile,-1.508350416584748
guidance,-1.5084319507984143
thought easy,-1.5098591475877488
straight student,-1.5104792522913557
spoke,-1.5107781446134338
proof,-1.5115648312305867
flaws,-1.5120825406012743
circles,-1.5129871580007037
amazing person,-1.5195323792351076
make easier,-1.5198519041737704
wordy,-1.5201761023669538
mercy,-1.5210680538691213
small details,-1.5225136892237079
favorites,-1.5263160256633173
learn thing,-1.528594937133539
worthless,-1.5289788316024824
criticize,-1.5305021079151766
understand,-1.5306070484534122
irritated,-1.5311914159486932
impossible pass,-1.5320620043316264
slide,-1.5350088456744109
automatically,-1.5351807149649728
wonder,-1.5364584987858114
reply,-1.5368395875607659
mandatory attendance,-1.537959849544461
old,-1.540162873232885
endless,-1.540239225008822
taking unless,-1.540849389287668
racism,-1.5418555963594773
essays week,-1.5439823433611413
zeros,-1.544215665079603
stubborn,-1.5448143155189926
slightest,-1.5464689304366102
blamed,-1.546661313942111
way seriously,-1.5468003140389193
board,-1.547512925808672
steer,-1.5486615023259716
marker,-1.5506870841787752
drag,-1.551207377782052
unfortunate,-1.5520120104478978
strange,-1.5523406292542985
slides,-1.5527499714572202
living,-1.5545072239848101
makes write,-1.5575463832215564
political,-1.5606005344587166
clear wants,-1.5634527807767755
taking different,-1.5664111448307612
little explanation,-1.5687355663068512
publicly,-1.570500606338335
trick,-1.571451093572884
toughest,-1.572581125274062
sentence,-1.5737766657450567
plagiarism,-1.5740276034377843
bad experience,-1.5769625044649136
incomplete,-1.5770475604980019
person shes,-1.5771241810692258
sucked,-1.5825053705241496
agenda,-1.5841575087816746
shouldve,-1.5851067307813285
answer emails,-1.585138240997031
contradicting,-1.5871005582243494
closed,-1.587396307250721
cold,-1.5882007652390404
gets frustrated,-1.5900204099956508
structure,-1.5915560386222019
stay awake,-1.5920594174026967
avoid costs,-1.5921718058625267
super long,-1.5925412382391713
low,-1.594036625820059
word,-1.5951886018191486
plain,-1.5955481983959148
understand accent,-1.5958206349860116
stated,-1.5977388482459443
insensitive,-1.5979286523230452
youre willing,-1.5983540921736294
hospital,-1.6013472138591625
simply,-1.6018409993494482
resulting,-1.6021068371557856
forces,-1.6044887369880312
guy best,-1.6053058542917515
funny times,-1.6061147086106362
thank later,-1.6082288751454303
gives minutes,-1.6131910522135586
read straight,-1.6142986504333807
toughest grader,-1.6144686214890323
busywork,-1.6145508603669483
lady,-1.617874383114901
extremely understand,-1.6178980460450327
paid,-1.619405839755005
sent,-1.6224380925848794
angry,-1.6243123278054108
seconds,-1.6270956627839737
assumed,-1.6274561729894017
risk,-1.6280686650349392
fooled,-1.6297769935272526
decides,-1.6310157967069554
recommend unless,-1.631318825987773
tedious,-1.6331116897059896
wording,-1.6336136537385322
pain,-1.6340510915824848
ignore,-1.6342345641065703
intentionally,-1.6353526895756676
days,-1.6354414594695326
cheating,-1.637443191216701
far worst,-1.6387363697180972
majority,-1.6396564803716676
nice lady,-1.6420592963024174
away,-1.6508505363279442
certain,-1.6537673832610553
inconvenient,-1.6567147771243254
recommend avoiding,-1.6569290474336313
unapproachable,-1.6589598362561393
elementary,-1.660866486190061
pages reading,-1.6611749047330602
hoping,-1.663761365834001
seen,-1.6651104284351315
degrading,-1.665247072532266
potential,-1.6660586878609922
discussion posts,-1.668201040988998
sarcastic,-1.6701334393026779
dark,-1.672608603502168
repetitive,-1.6750443915292192
empathy,-1.6758226997542358
tends,-1.6758993764678334
ahold,-1.6778315970086712
mins,-1.6793680766496055
supposed easy,-1.6797697404502854
self taught,-1.6806583176785908
clueless,-1.681248223974848
favor,-1.682668030530709
took forever,-1.6853065074670288
mental,-1.6877509614785857
read powerpoint,-1.690557761394977
tons,-1.6920342050642
claim,-1.692354574354386
best bet,-1.6946435008642537
contact,-1.7003628068496766
basically teach,-1.7010975269830757
complains,-1.7043437804877275
hardest ive,-1.7098811574274762
pulls,-1.7125196806472365
painfully,-1.7136727130708396
quit,-1.7177773035599546
want easy,-1.7182589712689098
marks,-1.718857212230534
excuse,-1.7192950758120935
caused,-1.7200331838544325
admitted,-1.7202182789524025
handwriting,-1.7206762377270859
advise,-1.7215192062524625
fact,-1.7220331967638132
suddenly,-1.7245798395835292
stopped,-1.7313542890673101
miss assignment,-1.73671231095397
half,-1.7378731761896278
ruin,-1.7386962928114738
belittled,-1.7389584457781193
mentioned,-1.7401361987697606
correlate,-1.742291459456717
avoid possible,-1.746453523553748
barrier,-1.74710234875627
relied,-1.7478556168319765
makes read,-1.7485397180672546
tone,-1.750407080849945
suffer,-1.7510974757435376
sure learned,-1.751198986247784
figure,-1.7522165280833861
struggled,-1.7533283689652737
deducts,-1.7590985393069385
meaningless,-1.7596909341007063
frustration,-1.762630169002643
surface,-1.762921856363879
pretentious,-1.7641223440789195
vibe,-1.7652534017415258
papers week,-1.766464512974461
felt,-1.767599002445635
exhausting,-1.770664327226774
rubric,-1.7729933386612269
sure shes,-1.7746989988844888
bland,-1.7773258650452544
rigid,-1.7829611284700901
matter try,-1.783355893869461
annoyed,-1.7905120028211017
avoiding,-1.7907062260194775
gives way,-1.7909842868943289
preaches,-1.792083425086526
barely teaches,-1.793478023861992
basically,-1.7954431775223088
assigning,-1.7968747887667886
speaks,-1.8008222025238239
chegg,-1.8011065859246083
relies,-1.8017703164605492
extremely boring,-1.8080083273903065
nice man,-1.8082588840222933
months,-1.811388290324951
belittling,-1.8134182856983678
nice woman,-1.8155948369228678
style,-1.8166567677517433
suppose,-1.817486652613815
shame,-1.8188023383780776
remarks,-1.821355511040092
sanity,-1.8234606881762376
copied,-1.8237655706630336
best advice,-1.8242517062819241
leaving,-1.8269259266582334
learned little,-1.8338025817745358
nonexistent,-1.8350221436276777
inflexible,-1.8350557916252335
dropped,-1.836232440522074
easy expect,-1.8378503617122142
screen,-1.8444478729819194
trying,-1.8509606685649804
ends,-1.854643628230628
wont,-1.8561002989954787
leaves,-1.857648646131851
mark,-1.8576816566133685
refuse,-1.8589958382669305
actual,-1.861519247793322
amounts,-1.8618400830574757
stand,-1.8638687196253878
reading powerpoint,-1.868144336081398
odd,-1.869970792467881
unstructured,-1.8703289718191978
views,-1.8704342591812408
guideline,-1.8718706117465802
opposite,-1.8720695634590554
insanely,-1.8743810404349701
tough grader,-1.878531799718704
nice guy,-1.8805789297741595
forever,-1.8819391208847258
fulltime,-1.8900273420689209
disaster,-1.892514714405385
ironic,-1.896087159390444
isnt,-1.8986840213968625
worst prof,-1.9030980734613612
treats,-1.9045378846386751
smallest,-1.9055193221321785
biased,-1.9079366382659304
didnt explain,-1.910282825371515
hated,-1.915167488144619
person,-1.9152494867634289
took days,-1.9157106255782503
dread,-1.918268705389426
guess,-1.9186239941140837
failure,-1.9252436809998692
talked,-1.9261369744416001
reading text,-1.9302921570051947
arbitrarily,-1.934447563201474
reason,-1.935287699744557
incomprehensible,-1.9352903928556537
syllabus,-1.9363659546835512
instruction,-1.936974785053834
little information,-1.9379100927299446
borderline,-1.938102864961827
specify,-1.941109298149691
contradict,-1.9417874986931694
direction,-1.9431916103537514
released,-1.9446355352753777
content great,-1.9499706669143733
tutors,-1.9521757121872672
gives little,-1.9525135130658975
phd,-1.956063497670595
exactly wants,-1.9588546575824142
study guides,-1.960097698414627
unfairly,-1.9601071011834605
maybe,-1.9609018128469837
goes quickly,-1.9639275179119833
takes long,-1.9685758655846317
yell,-1.968671479322528
correlation,-1.9700846102462926
excessive,-1.9718393595583077
opinion,-1.972579370891326
month,-1.9751507572730136
unpleasant,-1.9756875604828978
doctors,-1.9778623874241612
subpar,-1.9870681003687611
trash,-1.9879122160094154
rushed,-1.988324364539344
ramble,-1.9896923071309762
align,-1.989793670271732
fail,-1.9911983889661584
mumbles,-1.9916903017238623
equations,-2.000148545884565
person best,-2.0038325652591373
strict,-2.0042667540521055
torture,-2.0050480125435186
people ask,-2.005858422586664
stupid,-2.0159291788081726
death,-2.016275475255582
hours,-2.0237527432292013
stressful,-2.0258292956557145
wasnt able,-2.026865683485271
circumstances,-2.0319549759840085
instructions,-2.0344622490640334
graded,-2.037533399440307
selfstudy,-2.0384264113328223
super tough,-2.038541485359147
appears,-2.0423331950165404
said,-2.053139454799482
takes weeks,-2.05978038072567
money,-2.0600944380349397
belittles,-2.067037684225098
long boring,-2.067923666362842
nitpicky,-2.0714558853395366
left,-2.076084386742659
hardest,-2.0768611296694437
best explaining,-2.0805075816464393
emails,-2.081874200694662
incorrectly,-2.08190245239591
ask question,-2.083162298041476
think learned,-2.0856734016405083
sorry,-2.085773188022329
specific,-2.0879349431383822
nitpicks,-2.0920512463231837
struggles,-2.0940880749608493
inaccessible,-2.097116953458954
pray,-2.1030983056902945
alright,-2.103160659201381
make sense,-2.114154681085334
convey,-2.1145087221319727
convoluted,-2.114715460372667
marked,-2.1156661829258154
limited,-2.120952454816909
accused,-2.1233363029184353
picks,-2.127443962426554
rants,-2.1312015821278116
prior knowledge,-2.132526335470043
yells,-2.1342828728418035
pretty bad,-2.134987528984231
unbearable,-2.1354836752305326
bad,-2.1366935568808056
inexperienced,-2.140671656281189
silence,-2.1407600108670364
different prof,-2.146281557865124
blames,-2.1476521421750085
steer clear,-2.1496771997898403
stressed,-2.151560352431886
unavailable,-2.151885096887286
researcher,-2.15207300632138
demeaning,-2.1579179520167
worded,-2.1605298998106557
choose different,-2.169749398236245
ignored,-2.1709502568614343
cost,-2.1711040762400104
goodluck,-2.1726589876241187
asking,-2.1751947607862685
provide,-2.1782341944317287
makes mistakes,-2.1855167736658387
grader,-2.189486081004315
little guidance,-2.2003511367883006
gets mad,-2.2026678540203197
takes points,-2.2074799616326355
claimed,-2.2084334507602916
annoying,-2.2091374105601957
scattered,-2.2171446861908004
wants fail,-2.218219366544759
warning,-2.219275295566121
questionable,-2.225959950875657
mistake,-2.2270312318715364
different,-2.2357913837000973
moody,-2.2413026302902086
yelled,-2.2459366401815366
frustrated,-2.247706155747958
average,-2.2528503539245195
treated,-2.2581937371426903
withdraw,-2.2582631651209595
havent learned,-2.2585435978035657
talking,-2.264208194317284
discouraging,-2.2664396084735117
heres,-2.2687276691673453
needs,-2.2688646816615954
lost,-2.274967907150056
spends,-2.275213361611367
defensive,-2.278131792242293
harder needed,-2.279629983869313
pas,-2.2901647257267377
loses,-2.2958115723077457
contradictory,-2.296665448444662
fired,-2.297597218792579
dropping,-2.300913417903335
way,-2.311443222791504
beware,-2.3121874724289873
assigns,-2.316690798623405
reading slides,-2.3170121779004265
racist,-2.3217019426399594
monotonous,-2.3229024648873273
isnt clear,-2.324716980132656
bad person,-2.3329438731307874
goes fast,-2.3399030668166754
joke,-2.3406955358328956
telling,-2.3415887821953243
arent clear,-2.346368905231063
tangents,-2.3498491276128064
okay,-2.3522413800313267
intentions,-2.3525109592901066
chair,-2.365041297504807
forced,-2.3685070395793177
incompetent,-2.3686788090557487
dismissive,-2.3719947154199144
didnt,-2.372312665221109
confuses,-2.372462220601303
explain,-2.3741209089039934
youre better,-2.3745948492272198
learned absolutely,-2.382617597554999
unrelated,-2.3879549988123294
asked,-2.388985380012472
dreadful,-2.413657819474127
nice great,-2.414148020939098
wasnt great,-2.414255929569999
level,-2.4153942721420147
wasnt clear,-2.416456535104536
unreasonably,-2.417523560585671
rely,-2.4188968247288303
misleading,-2.428393849491863
snarky,-2.4328611009551104
harder,-2.4374678359131097
luckily,-2.4424385936023225
goes topic,-2.4438599805279972
skips,-2.4488583106125477
wasnt best,-2.45996852843816
horribly,-2.4616052957947803
unforgiving,-2.4632503708943734
screwed,-2.463378471221904
grading,-2.4684920870117275
run,-2.475521920565964
outdated,-2.490305425769216
extremely tough,-2.49679830045617
horrendous,-2.4988349643658534
care,-2.518767083225497
saying,-2.522051667445655
petty,-2.525006632088109
interesting subject,-2.5279436385895355
weird,-2.5322169487765622
uncomfortable,-2.5353158677929395
upset,-2.541405503667857
makes harder,-2.551199214416467
expect learn,-2.5583273637856965
picky,-2.5618533833173043
wasnt helpful,-2.565126942808312
clue,-2.5676861108610654
dull,-2.572651462458027
took long,-2.5741593871076516
spent,-2.575138605125384
complicated,-2.592305051404592
single,-2.599245310127596
prepared teach,-2.599432584807428
impatient,-2.6026773393256764
headache,-2.6055598933789987
rudest,-2.60717850734721
completely,-2.6082949931778425
minute,-2.6117832438527926
nice person,-2.6217179503114956
translate,-2.6288485436634477
uncaring,-2.6345741158693916
lose,-2.641548123129853
super boring,-2.643860509493577
incorrect,-2.6497479705568123
lacking,-2.649880012745001
mistakes,-2.6503009784429765
subjective,-2.6527865603800636
selftaught,-2.656080816404192
isnt best,-2.674214793094401
self,-2.676174819973989
painful,-2.6831540988792706
passive,-2.688297112504464
minutes,-2.694210544382066
mean,-2.6957273471426593
ineffective,-2.7157161986930185
confuse,-2.720580986777753
positive reviews,-2.722135536419859
wouldnt recommend,-2.7264267400064126
harsh,-2.7485487928163432
lacked,-2.7701747009473396
worst professors,-2.7750044997179115
wastes,-2.775612806830717
meh,-2.7770522595151235
asleep,-2.7822009904875045
obscure,-2.7831766158559037
unresponsive,-2.7839111480745062
dry,-2.784635037020885
rambling,-2.785207692282719
fake,-2.8105752743682206
bother,-2.826385893435452
bad explaining,-2.8285754767162743
wont learn,-2.841055117451709
absurd,-2.8434781525417634
forgets,-2.8477125519958113
aggressive,-2.85222645859874
costs,-2.855155099140446
entire,-2.8558689845087604
mess,-2.8585274917351047
failing,-2.8642249312712424
arent helpful,-2.866085220468876
ignores,-2.883211686354032
tutor,-2.883842159857155
explanation,-2.886867029606434
inappropriate,-2.8965080598497956
messy,-2.9039968521931327
ambiguous,-2.906630978504898
sucks,-2.9189724375502517
miserable,-2.954407124003617
inconsiderate,-2.9697646109440825
cancelled,-2.974941839340176
respond,-2.9812009397763135
speeds,-2.9818043416478224
feels,-2.984419450789287
errors,-2.9872641353921994
received,-2.990878040789262
uninteresting,-3.0026441629817255
disappointing,-3.009005682348299
unable,-3.011978273091291
instead,-3.0291951898087692
takes forever,-3.0362032052430994
contradicts,-3.0463839349539987
rushes,-3.111918206135027
ruined,-3.1227332469771296
extremely,-3.1265534909835395
says,-3.1279580307088772
great person,-3.13012965366686
idea,-3.136928485944586
failed,-3.1376057179112844
unfair,-3.1414817479136383
wrong,-3.152597806343235
guy great,-3.1577356895820983
arbitrary,-3.2150268524760763
talks,-3.231538195598172
wasted,-3.26998794190916
unreasonable,-3.2720598762563213
worst ive,-3.3080536038972856
unnecessary,-3.3567384268110083
youtube,-3.3768458191715323
passiveaggressive,-3.3797525005753393
confused,-3.407958957067752
little feedback,-3.4464677581818606
averages,-3.4556148190169935
random,-3.460342604637091
drop,-3.5084745332616447
ego,-3.5163035005627927
person great,-3.522890602439422
sympathy,-3.535554231410238
told,-3.538541385896878
constantly,-3.5414544217555135
supposed,-3.5502561287945045
disappointed,-3.583984533128299
attitude,-3.5882837167035584
hardly,-3.6130335946215983
unfortunately,-3.620939725141259
place,-3.6263139872273844
insane,-3.6268808063717417
rarely,-3.6435359471598807
isnt helpful,-3.6624427894076637
assumes,-3.6656999378269726
way fast,-3.6723534308490238
unwilling,-3.702540661963865
match,-3.7123059919060934
gpa,-3.7134643093808344
unprepared,-3.7857639604158906
isnt great,-3.8708660359190254
nightmare,-3.8762727055152566
fails,-3.9201812853569504
impossible,-3.99404322302257
refused,-4.013968798580791
save,-4.039817928466366
unnecessarily,-4.044346540893238
didnt learn,-4.072680152109326
ridiculously,-4.0863448879914115
monotone,-4.098681862846484
arrogant,-4.226027787745031
wouldnt,-4.259659200018612
thinks,-4.268885388826353
unless,-4.276428049879362
inconsistent,-4.2876392133185455
frustrating,-4.367294095064935
claims,-4.416586963743871
disrespectful,-4.433920882917068
zero,-4.474198808593259
whatsoever,-4.475332733765866
harshly,-4.495056197856477
unrealistic,-4.4969136754504815
refuses,-4.550646724622028
rambles,-4.59695795295852
expects,-4.681535748641469
irrelevant,-4.690942739364468
poorly,-4.711043014243039
pointless,-4.792363101095608
lack,-4.815123223943628
unhelpful,-4.956226441709416
acts,-4.969318224314024
stay away,-5.056797790217215
waste,-5.086478918357956
mediocre,-5.1057270826277685
worse,-5.161762879904855
boring,-5.260287968021976
barely,-5.284731882211811
lacks,-5.413570808437461
confusing,-5.573550718402107
useless,-5.758609551720577
reads,-5.798292747541109
luck,-5.93460472468668
unclear,-6.045923972357413
poor,-6.213559555640584
unprofessional,-6.296360212734314
ridiculous,-6.429262986568469
vague,-6.633998091227323
disorganized,-6.672305399415009
teach,-6.827887362396672
unorganized,-7.03584571189336
condescending,-7.110881592507586
awful,-7.4541667032966235
horrible,-7.4840667749703504
terrible,-7.770538823569138
rude,-9.059614127312459
avoid,-9.656651222496947
worst,-12.182114638691164
