word,log_prob_ratio
best professors,5.3347085751647025
wont regret,4.52336295231616
amazing cares,4.443015538621308
far best,4.42257606705874
great cares,4.264826409383431
hands best,4.157150657125312
gem,4.142205963770046
absolutely loved,4.138255528625642
easily best,4.020419756753178
truly cares,3.994052725023118
goat,3.97778681641711
absolutely amazing,3.9631282404776975
best teachers,3.9494233104179663
best ive,3.9220313704827436
genuinely cares,3.877828514924233
cares gives,3.871826965219709
best profs,3.843683997095379
super fun,3.81686906435619
real gem,3.807336669272372
amazing caring,3.76238133192817
truly wants,3.761420783838835
overall amazing,3.7441287499427442
super understanding,3.732185314826184
literally best,3.724143122485872
gives amazing,3.6963415572289264
best english,3.6838572045606455
amazing super,3.6678523492580926
loved taking,3.641226586813751
great highly,3.6342607708406174
caring wants,3.6277265183071226
amazing truly,3.614520860786934
awesome,3.602553093478755
great sense,3.556160843858912
amazing prof,3.551773645427989
amazing,3.5238480871846587
amazing took,3.496896992650427
phenomenal,3.492463535040475
makes enjoyable,3.4833023549587736
gives great,3.479533585986399
amazing instructor,3.4783770657158577
understanding willing,3.477244358496474
cares success,3.4764797568306376
super caring,3.4680642559030197
amazing makes,3.4364569755721686
amazing feedback,3.4357110531495643
amazing definitely,3.4305132843023873
cares wants,3.4304786446354205
cares wellbeing,3.4191021374210937
best taken,3.4012500882063676
great easy,3.401063718700078
great great,3.3967157156969776
great enjoyed,3.3889248612734573
best cares,3.383560664641305
sure understood,3.380435029126467
hes amazing,3.3791008028036327
wish classes,3.3682421282534456
makes engaging,3.3502251936018492
best instructors,3.3496943555514083
great feedback,3.33697145070179
fantastic,3.3210153643539178
favorite professors,3.320060749008954
great wants,3.3142315453521256
great interesting,3.3132326825254292
best classes,3.3120712645231194
amazing best,3.2986252344995783
loved,3.297770833414565
amazing clear,3.2971118539185245
awesome cares,3.2967615581124026
best math,3.293118254842298
totally recommend,3.2768646227572447
cares makes,3.2609498623371564
youll great,3.2582107227731285
amazing recommend,3.221605764514024
forward going,3.2125213542024067
easy highly,3.20795931817484
makes sure,3.2016794442237115
wants succeed,3.2000312709743763
great willing,3.1940828590689616
super funny,3.1868188229375747
amazing highly,3.184744100912134
funniest,3.1804107581373415
works make,3.1761869795219795
kindest,3.1657861274871166
great truly,3.164029450125419
gave great,3.1563058348041313
caring easy,3.1549858843889
truly amazing,3.145707036428618
loved having,3.132677211555393
gives excellent,3.132387138719551
cares understanding,3.129668272677323
looked forward,3.1190642982806818
absolute gem,3.10791948050818
cares willing,3.107769198533191
caring helpful,3.105170976470305
amazing easy,3.099053987186055
amazing passionate,3.0958321632465786
keeps engaged,3.088125125142165
super kind,3.0827451634626115
fun learned,3.079508456641255
enjoyed taking,3.075702584289699
amazing understanding,3.0709803695110143
true gem,3.0496452381309513
great fun,3.0483021254331693
great makes,3.047132272214764
genuinely wants,3.0460065186567284
hes awesome,3.04593360979335
excellent feedback,3.0403149249166166
sweetest,3.033323756208639
probably best,3.0322416653343023
engaging fun,3.020075884458617
overall great,3.0043850283305114
best caring,2.9948454475836854
coolest,2.993024011914404
amazing loved,2.9862730231138332
extremely helpful,2.9847815825128805
caring funny,2.978856813339922
long pay,2.978375047469518
great learned,2.978227089315256
glad took,2.9767666198041507
thoroughly enjoyed,2.9721864758191536
amazing funny,2.9688981068534304
extremely fair,2.9677068710567713
highly recommended,2.9663733352967725
super chill,2.965099104375396
amazing job,2.9553302126130028
solid choice,2.955302465439292
amazing amazing,2.9514988649971308
legend,2.9509884845105834
makes interesting,2.947739342476326
extremely caring,2.9406299239408167
amazing shes,2.9358269117155995
shes amazing,2.9323769115042264
great genuinely,2.9302178155165013
learned ton,2.925156744481731
excellent,2.919336589013681
amazing genuinely,2.9165202103949177
awesome super,2.9141059763076473
caring gives,2.909014093616639
great make,2.9041829044118916
amazing great,2.9016086939197105
great helps,2.8973797067053226
funny caring,2.8953494589638744
loved prof,2.89380922013639
great clear,2.88500903482195
super helpful,2.876329880449809
great lots,2.869278083031343
kind cares,2.8681281204445934
truly best,2.865372802163508
hilarious makes,2.864532799833791
amazing learned,2.864513480762657
amazing kind,2.8641267357982
absolutely best,2.860772234727497
enjoyed going,2.8604095932218616
great definitely,2.8576667728626504
super cool,2.8568589601639793
interesting highly,2.8539660084950462
nicest professors,2.852626416546279
great knowledgeable,2.850401396313382
excellent instructor,2.8491800461425587
long listen,2.8465622157039316
amazing love,2.842967556219657
actually fun,2.842156080929607
awesome prof,2.8415741208994447
amazing experience,2.8389365292275155
love man,2.8383078179115238
understanding cares,2.8357765891654996
great amazing,2.8293465406938036
super interesting,2.8288149166526715
incredibly helpful,2.828236885307925
sweet cares,2.8281698552917156
gives tools,2.8270904600525935
funny makes,2.8245263002639653
amazing fun,2.823740200484531
amazing wish,2.821845060634258
cares deeply,2.814850185768714
great passionate,2.809970506092494
love prof,2.8075908601498494
great fair,2.8021272992671165
awesome took,2.801586937152189
fun engaging,2.794979530281207
terrific,2.791724989791396
amazing gives,2.7899457419380855
wish taught,2.7870183590404167
honestly best,2.783533890279296
nervous taking,2.783460968107933
caring makes,2.781990346708854
sweet understanding,2.7815286102414944
great took,2.7787720794042166
amazing interesting,2.7783384149446597
shes awesome,2.777579985207412
super approachable,2.7773165814780736
wonderful,2.7763636537130028
understanding wants,2.7761511424882244
sure understand,2.7747844504229286
amazing knows,2.7708440311893447
great gives,2.770428730706019
succeed gives,2.768803684068052
makes fun,2.7670136002909462
best far,2.766862553851439
great choice,2.764144582472369
awesome definitely,2.7637085509050205
hands favorite,2.760461927309416
sensei,2.7603596398118615
great caring,2.75956022230425
great loved,2.7582605751805502
fun easy,2.7577646345839106
provoking,2.757630359260082
fun cares,2.756917533039429
great super,2.756837536021756
fun highly,2.7490478649489347
sets success,2.7482469801252734
seriously best,2.7481331104364557
wants pass,2.745229570806236
funny cares,2.7440679899143294
interesting definitely,2.743958527398542
long communicate,2.74187399787051
cares student,2.739846070204436
understanding long,2.733610968381413
enjoyed,2.7280386763825453
dope,2.72726330368428
understanding definitely,2.7267668815155144
best physics,2.722693651562224
caring professors,2.721893160198057
loved learned,2.721411728154477
helped understand,2.721370079131793
gives plenty,2.720892119384537
great best,2.7197334262864192
caring genuinely,2.7192690026753628
amazing lecturer,2.712760035390522
super friendly,2.7121772799132913
amazing knowledgeable,2.711740155145103
stressfree,2.710806861619046
awesome hes,2.710028390702611
long participate,2.702555030060834
understanding caring,2.6968571460162156
wants best,2.69675741190162
thought provoking,2.6954181821261134
amazing human,2.6933387840563974
sure succeed,2.6928957189851985
thoughtful,2.691764290607942
takes make,2.689618864484757
love classes,2.6876205528908645
learned definitely,2.6870548071669074
caring understanding,2.685999854540311
cares tries,2.6823598388566587
excellent job,2.6803885153769063
enjoyed having,2.6781632163524645
cares helps,2.6771693241299914
willing effort,2.6731341226558527
long effort,2.6730101453550077
funny understanding,2.672291109362913
great knows,2.6721376101192806
easy great,2.666408655335786
kind understanding,2.664594612846882
understanding great,2.664228216301998
little boring,2.6598057799770523
easy possible,2.658482100829433
cares definitely,2.6575714509596526
cares goes,2.6575030034414606
makes entertaining,2.657294798735675
best make,2.655986345801592
truly gem,2.654247075117331
enjoyed classes,2.65357440785713
best prof,2.651447708964108
fresh air,2.651402661805209
great discussions,2.6494289218890614
awesome gives,2.646371254186713
keeps interesting,2.645729423878917
great understanding,2.6454907057112234
relaxed,2.6449141835472645
cares easy,2.644670489110357
awesome easy,2.644558477643363
best accounting,2.6430198612252145
cares understand,2.6327666306257385
breath fresh,2.631713366570663
great study,2.6303811545865905
truly great,2.626024673423405
happy answer,2.623807476320099
helpful cares,2.62336227959298
truly enjoyed,2.619548809114727
love love,2.618437673083756
tells exactly,2.6171709454258174
super organized,2.615052560388767
actually cares,2.611981758775949
great prof,2.6114314280206576
awesome instructor,2.6089587631652194
professors cares,2.6071440895827536
far favorite,2.605523138463793
provides great,2.6031691234500407
interesting easy,2.6030691031655504
adore,2.6018712778725046
best college,2.5887348267105015
knowledgeable cares,2.5878672143314816
changed life,2.5873527034898807
contagious,2.5867778445106246
instructor cares,2.5864739067531897
amazing explains,2.585890013846347
easy pay,2.5856981730853157
cares highly,2.5852142203008395
sweet helpful,2.584559149048605
cares succeed,2.5809633254178372
helps learn,2.5798467780936285
amazing wants,2.57898031985844
amazing tell,2.577933220910504
incredibly caring,2.5777936946945967
simply best,2.5727790413865304
enjoyable easy,2.570830801414246
sure understands,2.5699830766844496
wish teach,2.568167336581796
awesome caring,2.565355150443194
great funny,2.5645409701147397
great explains,2.5643656733989957
cares education,2.5630422037863774
kindest professors,2.562770605657448
attention youll,2.561600657832109
awesome shes,2.5597208148752344
caring respectful,2.548594421786948
happy took,2.5457179377182637
amazing actually,2.5446605771738895
amazing enjoyed,2.544516709838371
cares doing,2.5431782101808373
overall enjoyed,2.5417145884319705
plenty opportunities,2.5415814813622504
kept engaged,2.5411993198182454
refreshing,2.5363117822370214
amazing hes,2.5354006831539344
amazing helpful,2.5348047411469388
best history,2.534367369689324
easy understand,2.5317619441302455
cares recommend,2.5311122383930726
great instructor,2.527048169798725
amazing ive,2.5257535966144804
amazing engaging,2.524243250650459
love best,2.5240059916905455
interesting learned,2.5217544082106347
helps understand,2.520375549213883
interesting fun,2.5188203456966978
succeed definitely,2.515913562450832
clear interesting,2.5157867705782646
plenty complete,2.5146430595324425
extremely accessible,2.512535743607353
hilarious,2.511308810737515
great extremely,2.50984318355178
truly caring,2.508625115094839
overall highly,2.505781825518852
ensures,2.5036970244715313
amazing extremely,2.5026287956256343
loved easy,2.5021297206896502
great love,2.5018717854860313
favorite teachers,2.500215818693146
responded quickly,2.499297258194069
interesting great,2.4952486596331642
opened eyes,2.494890322205821
lots opportunities,2.494393418413944
understanding easy,2.493665967879636
patient,2.486937517438479
wonderful instructor,2.4855955799265192
best best,2.485263049997249
willing gives,2.485244042898154
straightforward long,2.484328188169652
awesome great,2.4842405891147425
shes hilarious,2.4840165404118473
makes easier,2.4835299567350617
best highly,2.4823156583792105
explains thoroughly,2.482155454085113
classes great,2.4818548595516887
provides excellent,2.480039812942831
incredible,2.4794535938962348
caring willing,2.4791560617129456
cares learning,2.478818943489056
chillest,2.47698163796362
effort learn,2.476740797929118
great semester,2.475516648467897
incredibly understanding,2.4742522184996716
super great,2.4721192882403056
love shes,2.471806864403609
great available,2.4713492474087086
love way,2.4685171946675677
effort fine,2.465825512066891
easy interesting,2.4657376730545764
available extra,2.4629310688731536
forward week,2.461470150296412
helpful accessible,2.455811078177966
great recommend,2.4556525531798936
overall solid,2.4537486902265293
cares teaches,2.4519167696707065
enjoyed definitely,2.450377985105609
highly reccomend,2.4502245025502294
learning fun,2.448637270785552
fun gives,2.4484041271661496
great tell,2.447497908200006
awesome makes,2.446343252018284
ready participate,2.443969921251206
truly loves,2.440935070954712
caring cares,2.440027193520452
bit fast,2.4392632943568984
exactly need,2.4377594835828145
favorite semester,2.4362474405313588
best understanding,2.435590722879054
awesome understanding,2.43453729419603
awesome feedback,2.432961472075311
approachable willing,2.431973059603582
willing long,2.431831356140803
simply amazing,2.4315075239716624
enjoyed style,2.430883241736174
easy talk,2.4295070930015026
responds quickly,2.42903344893109
professors caring,2.4283723073952626
pretty great,2.4265787546256536
prof great,2.4259411481205486
kind genuinely,2.4254685555488127
tell truly,2.4238024583592086
funny gives,2.4232749217283693
cares best,2.4222710640686334
great overall,2.42085004702534
definitely wants,2.4205659946304454
fun interesting,2.419261191761141
recommend interested,2.418656986064825
awesome highly,2.418563169960006
fun enjoyable,2.4167417717062545
best met,2.415800452168673
extremely engaging,2.4153078119931575
favorite classes,2.4151942332059253
interesting hes,2.414329853470214
super flexible,2.4133826112788537
learned great,2.4113700636449984
need succeed,2.410774846536059
fantastic instructor,2.410447576486826
cares available,2.4102656561490665
genuinely cared,2.409830591998455
cares helpful,2.4094968850946845
super awesome,2.409105875970946
extremely understanding,2.408739311121739
genuinely best,2.4086082950668146
succeed easy,2.40839773688044
understands life,2.4081995675665873
fun learn,2.4069987230336256
caring accessible,2.4062379339924824
angel,2.4056280491645
extremely interesting,2.405171123818306
love guy,2.4051389918972728
super laid,2.4051137633757964
comfortable environment,2.404521512340839
wont disappointed,2.4043149462948232
passionate caring,2.404236297609586
awesome guy,2.403121460238932
understanding highly,2.4030584109464215
provided great,2.4023295213473723
genuinely enjoyed,2.400693165881549
pushes best,2.399170098563097
amazing teaches,2.3990951426760905
makes manageable,2.3976799867398206
superb,2.396489598562157
loved super,2.3960764987599195
tell genuinely,2.3949783738536237
best easy,2.3904651413710063
nicest caring,2.389718073377363
gave amazing,2.38944739765061
inspiring,2.387021302750858
interesting cares,2.3853839055853623
shows cares,2.385127399568466
cares classes,2.38483494122805
loving,2.3846139659329086
great advice,2.3833171265308923
succeed great,2.383221170295551
fun attend,2.382189362032957
cares provides,2.377805711383287
outside cares,2.3775512719974206
amazing long,2.3771133561301188
favorite prof,2.375917332093321
great informative,2.3745322645925224
succeed highly,2.373818491700689
succeed willing,2.3717249948137944
super lenient,2.3700028707680314
caring kind,2.3690156910181237
enjoyed learned,2.36846955403335
enjoyed recommend,2.3680840776738794
great helpful,2.3676643953886067
loved going,2.366917908183776
thoughtprovoking,2.3668545096281797
great provides,2.36592734867917
quickly gives,2.364404328414068
best semester,2.3639127327650904
discussions fun,2.3630496263272054
easy explains,2.3613237558818234
easy follow,2.3612697229099595
loved definitely,2.3606363516693847
knowledgeable helpful,2.3583363847866785
willing answer,2.3560873759616925
appreciates,2.3549098347199156
genuinely caring,2.3522110366440643
helps make,2.350575718603883
absolute best,2.3498474447963815
amazing goes,2.349789125432862
great discussion,2.349573693688942
funny engaging,2.347967701065828
insightful,2.3475352319891254
truly cared,2.34537560559264
enjoyed prof,2.3428813794466965
interesting funny,2.341943350483488
clear easy,2.339043892129416
cares shows,2.338145714568215
fantastic job,2.3380580499878505
engaging funny,2.3363175797811557
profe,2.335726362881573
caring knowledgeable,2.3318081070725523
easy cares,2.331190876623035
wants successful,2.330277141334612
gives awesome,2.3300740440791916
need willing,2.329954714861236
helpful willing,2.3298942503028286
fun interactive,2.3298490653843302
eyeopening,2.326916064562676
bit reading,2.3255769479231567
participate youll,2.3245694529566077
interesting passionate,2.3243423973321384
interesting discussions,2.322595327676689
absolute favorite,2.3197849982981325
loved style,2.3193171417633653
fun enjoyed,2.3186677884990683
relatable,2.318468976978016
pretty fun,2.3169447588718572
adorable,2.316080479560533
definitely chance,2.3160239090902053
genuine caring,2.315255544743021
patient understanding,2.314955673182034
def recommend,2.314742509010083
fun activities,2.3143580926483462
sweetest person,2.3134063795316298
caring fun,2.312050664906531
ensure understand,2.310851104691432
understanding fun,2.3107492902449778
patient willing,2.310166673352109
chill understanding,2.310096949043384
wonderful caring,2.31005387004223
makes understandable,2.3081124726026285
super accommodating,2.307024369300999
love style,2.30646332792449
knowledgeable gives,2.3052251710099814
easy fun,2.3047494954261634
sweetest professors,2.3046862605178315
learned lots,2.3041038703155436
hes hilarious,2.3033983813724124
fair clear,2.30329660187237
overall awesome,2.3020367979129155
cares,2.3012873291631486
sweetest caring,2.301149000431435
rewarding,2.299492510836023
uses real,2.298868908298491
amazing professors,2.298621289431928
fascinating,2.2968324833578837
teaches clearly,2.2964952696312952
super passionate,2.295280618427764
life examples,2.2950949569883257
cares succeeding,2.2940711432283383
easy participate,2.293662027368457
effort youll,2.293145741912861
definitely classes,2.290882363962739
enlightening,2.2894848360942337
super sweet,2.2894038392495197
nicest ive,2.2886114672311173
clear organized,2.288283803347243
hes willing,2.2880283089504996
tell cares,2.284548172146728
amazing math,2.2840615887362805
easy going,2.2827151899793225
willing understand,2.280875932533613
gives ample,2.2798641877229695
best love,2.2797117891154244
fair grader,2.2781329131566155
willing talk,2.2777889310963744
absolutely wonderful,2.2775144859635983
willing definitely,2.2773181237812263
helps prepare,2.2772587503280928
doubt best,2.276949876167171
loves job,2.276703441280132
hes fun,2.2731214120838246
taught classes,2.272562282794139
understanding genuinely,2.272127046588592
shes wonderful,2.2714185667451865
great hes,2.271402694108824
helps succeed,2.271194057896116
amazing explaining,2.269912271113382
delight,2.2678204805520537
fantastic cares,2.2660801663442918
classes engaging,2.265139091317023
awesome fun,2.265068649396211
lots fun,2.264873394964493
kind patient,2.2631209226336786
amazing helped,2.2626915039608093
classes amazing,2.262237022981841
wish professors,2.262172902732349
fun super,2.261954517805801
best truly,2.2619441852213225
explains clearly,2.261473516780404
plenty extra,2.2611208784653947
learned alot,2.2588598854504447
great resource,2.257788900024103
forward attending,2.2567584395613824
funny smart,2.2558471909633084
loved way,2.255349130953668
cares pass,2.2547453846664887
takes explain,2.2544420416499165
thoughtful feedback,2.254126460145793
easily pass,2.2525942272691566
loved great,2.2525378479189087
deeply cares,2.2516778002397313
caring supportive,2.2512393445987637
passionate cares,2.2502779485035287
helps way,2.2500284082943818
sweet willing,2.2485439103215956
highly highly,2.2484951423151482
reading interesting,2.2465265597416817
feedback willing,2.2454596183158646
funny helpful,2.24440743263758
fair understanding,2.2442034934789827
easy definitely,2.2440258170407343
infectious,2.243655973894805
sweetheart,2.242826814356512
inspires,2.2424850324457193
helped improve,2.242411626230055
sweet caring,2.241740584317686
lots examples,2.2415764856029767
heartbeat,2.2414052644412354
great making,2.2406133845916454
super accessible,2.239754194164645
greatest professors,2.2395420595194313
pretty straight,2.239300052289355
need highly,2.236880157726585
willing needed,2.234865954826841
loves teaches,2.2346253247841457
favorite math,2.23437111086365
inspirational,2.232992215298631
understanding patient,2.2318577495280767
genuinely interesting,2.231688517310131
great mentor,2.231432997140857
fun great,2.231285046893662
encourages participation,2.2292485302954557
enjoyable fun,2.229098940475305
highly recommend,2.2242323755410167
understanding truly,2.223370510276446
feedback helped,2.2231989197902724
easygoing,2.2229473945554137
definitely recommend,2.222599262387904
best took,2.2222090472866842
available answer,2.221244289320202
great teaches,2.220715958781831
enjoyable interesting,2.2198043268994336
best spanish,2.219236505336182
look forward,2.2188718228927335
caring,2.218676775648996
energetic,2.2181066104816853
sweet funny,2.2174614570528597
hours great,2.2173370020070458
long willing,2.2172633018914336
great job,2.215808686992994
credit definitely,2.2152750265372223
caring make,2.2147881259603324
provides opportunities,2.2139991067254936
positive attitude,2.213976893029633
painless,2.213459284574107
understanding funny,2.213335766750548
helps need,2.213102612969637
amazing sweet,2.212136273086532
cares passionate,2.210320147005671
gives detailed,2.2103140760789355
knowledgeable caring,2.209504495330746
complete youll,2.2094715879660622
amazing classes,2.209187272532313
attention pass,2.2053861295187307
long attend,2.2051493533415556
study youll,2.2047958266422594
extra mile,2.2046834110553046
favorite profs,2.204354977174747
awesome funny,2.2038511047647322
tools need,2.2037353732320586
long try,2.203021559286137
absolutely hilarious,2.2028669244421444
great accessible,2.201753861513126
shes funny,2.201244664400173
theyre easy,2.199126292003095
learned enjoyed,2.1990958473025373
caring ive,2.1981815020004696
solid prof,2.197367580110889
delightful,2.196011282150888
engaging cares,2.1948714149964648
willing stay,2.1945338958288954
helpful great,2.1944865112898757
truly passionate,2.1935814819049018
entertained,2.193185817770594
amazing nice,2.1926237396779342
motivates,2.192465196230417
relevant interesting,2.1913003559720323
incorporates,2.1898697020585427
interesting engaging,2.1897074314666902
laid easy,2.1892423654545414
study fine,2.1880473549896102
best lecturers,2.1879861310772792
fabulous,2.186690783935017
responds quick,2.185067474087054
makes bearable,2.184625632322515
entertaining easy,2.183960678616769
overall wonderful,2.1825648872619325
cares helping,2.1823250923476962
great helped,2.180166752426862
feedback helps,2.1794719679066024
extremely knowledgable,2.178448779135019
patient kind,2.178268297281763
makes funny,2.177940581091036
incredibly passionate,2.1776336407416306
overall loved,2.177629291301125
honestly amazing,2.177473128950769
absolutely love,2.176997440596896
funny sweet,2.1767894299357646
best hands,2.176529120095898
entertaining,2.1762194447195853
provides clear,2.1743007329005675
available willing,2.173935255745926
bit challenging,2.172591545029576
read participate,2.171476080321087
friendly approachable,2.1711060095184678
notes fine,2.1705750720368115
recommend needs,2.1688512424401942
willing explain,2.168567593159345
informative interesting,2.168184975430977
cares takes,2.167464380229461
informative easy,2.164371016852547
connects,2.1639708010503824
goes extra,2.163411659774665
offers opportunities,2.1603190843206974
classes fun,2.160234145549584
learned highly,2.1593162244577613
offers plenty,2.1585070913011055
extremely fun,2.157652796675647
passionate teaches,2.1568073500971483
topics easy,2.1566829731594357
helped make,2.156405540501014
provides plenty,2.155692121464144
enjoyable,2.1550414738846015
best super,2.1533914060481116
easy long,2.1526907301524147
replies quickly,2.152658490150209
hes understanding,2.1525445369936733
kind helpful,2.152169898708152
theyre interesting,2.1474660033502992
easy communicate,2.14334970926315
amazing guy,2.1428280684622667
fun listen,2.1426897859973177
best wish,2.142277057507192
makes comfortable,2.1422053022942436
hesitate ask,2.1420432820554822
patiently,2.1415771311850715
wish teachers,2.1373376208693013
simple understand,2.1371500462324615
participation key,2.137093194763006
exceptional,2.136692027088241
great,2.13357150967017
caring knows,2.1325898488953285
makes easy,2.132176933908659
notes pay,2.1302671266245436
plenty resources,2.128172977676952
surprises,2.128124313487227
caring best,2.125881683580669
outgoing,2.1246154820919507
favorite far,2.1237668023186824
professors genuinely,2.1236844289874615
great attendance,2.1231947174123214
semester amazing,2.1231397290767724
funny knows,2.1225499116656383
pleasure taking,2.1223919287439212
funny overall,2.121349078748116
super earth,2.1200568432030114
understand willing,2.1176883302718306
shes caring,2.1172341958095586
great tries,2.117203966372699
loved classes,2.1163604423009446
gives opportunities,2.1155083070167677
keeps things,2.1151274752205644
lots extra,2.1150577526475995
easy listen,2.112952220843125
succeed long,2.1128129829414704
thoroughly explains,2.1110711651211425
willing way,2.109586319812623
participate easy,2.1085052014310808
great stories,2.1076326594604744
projects fun,2.106761231205379
nice interesting,2.1051588090318667
ive cares,2.104876219080621
professors truly,2.104607386460609
amazing need,2.1038883516116886
outstanding,2.1036466410923342
tell loves,2.1030782809850628
helps improve,2.1025730703394174
definitely learned,2.1008366129722216
sense humor,2.099214994270689
long youll,2.0971678423421096
humor makes,2.093070475518754
amazing person,2.0928620210484983
provides lots,2.0923886814562493
encourages,2.091426561616906
long youre,2.0914066964828244
fall love,2.090907501008296
wants understand,2.0904349133996476
nicest,2.0901244097563536
grateful,2.0888293757278493
funny relatable,2.0886227668612847
cares learn,2.0870927397885506
responds fast,2.0870154378678567
fun write,2.086698229197763
offers great,2.086545656090129
workload manageable,2.086273387930424
cares make,2.0849602673094303
clear cares,2.083801891490511
shes willing,2.08217724231832
helpful caring,2.0808997848947577
engaging interesting,2.0802745031283134
facilitates,2.0801682957779573
funny definitely,2.0782814481373606
lighthearted,2.0776778268476033
gives need,2.0771118645571978
beautiful,2.074628067877443
fun definitely,2.0734269698935215
shes patient,2.073097899833048
caring loves,2.0720058904247427
passionate makes,2.070662177483614
great examples,2.0701985714860847
prof amazing,2.069170309989877
easy love,2.0687339020710347
life advice,2.0686636742632434
extremely organized,2.0681783283961686
cares great,2.0671710261349414
flexible dates,2.067077212571956
great ready,2.067022436494499
far caring,2.0665268377077517
wellorganized,2.065789797591769
super knowledgeable,2.0639866931183573
supportive,2.0636686846643997
willing outside,2.062191778249284
caring approachable,2.062021033581358
makes available,2.0619642849286333
positive energy,2.0617899470947236
inside outside,2.0609765290165942
dull moment,2.0603260347131602
great engaging,2.0598288722068236
fair marker,2.0586305027295158
kept interesting,2.0582492404268873
funny knowledgeable,2.0580784315077985
chill easy,2.0574092745717003
blessed,2.0568868362552717
easily favorite,2.0559490315250546
funny keeps,2.05387256132329
helps,2.053364553343229
loves participation,2.052731479606276
think critically,2.0526926214688537
cares loves,2.051302752144931
willing meet,2.050961234120358
labs fun,2.05094115481406
caring patient,2.049991568161877
clear engaging,2.049601716979465
helpful available,2.0484361162149494
willing ask,2.04837918866307
pass problem,2.0477792930427814
teaches cares,2.0470507747211393
great shes,2.0461914074209666
fair easy,2.0454370103723605
easy fair,2.0447891498576567
definitely best,2.0444811764010833
step way,2.0442534143566764
actually looked,2.0432847495699864
excellent cares,2.0416917880145284
cares works,2.0415732228709356
best life,2.0390798778639887
amazing way,2.038881309761642
excellent prof,2.03843650193323
fun,2.038434101007315
pretty straightforward,2.038407207523086
little tricky,2.038164722614191
wants learn,2.0379567819325377
honestly favorite,2.037521193600899
easy gives,2.0369415457100573
kind caring,2.036742771189342
hes caring,2.0349316630426397
bit tricky,2.034881545306389
downside,2.0343732062179765
summer great,2.033858941173065
clear straightforward,2.032463311988854
interesting attendance,2.0319568415226055
available needed,2.0308702637534974
fun group,2.0304232124572454
feedback cares,2.030143750756892
appreciated,2.0300204138636495
cares genuinely,2.029298939133378
straightforward,2.028570676871502
long follow,2.027127165853777
cares accessible,2.0245084873032706
helpful wants,2.0232641960934075
hes fair,2.0226456406645905
laidback,2.0222174004190006
cares passing,2.022150646287166
attention ask,2.021425588066693
pleasure,2.0213716280500407
helped learn,2.020771115188161
great long,2.0205499955233073
amazing make,2.0199080082003515
attention study,2.017390495357441
welcomes,2.015327550494117
cares super,2.015149693129615
patient caring,2.0150041095093094
actually enjoyed,2.014888704908575
great kind,2.012548376354241
effort great,2.012384760215472
makes better,2.011741510073655
great taught,2.009871777849556
genuinely loves,2.009690745394403
manageable,2.0096175554516504
exactly test,2.0094704820250584
favorite,2.008842714021677
offers lots,2.008641029650155
dad jokes,2.008494161054525
gives chances,2.0082085046461806
organized clear,2.008150175477031
attend pay,2.007836794290826
best kind,2.0062779992842046
gave plenty,2.0056168324848205
best science,2.0039084526874973
great pretty,2.0026536225636278
guy interesting,2.000343481527949
cares explains,2.0000760684486263
easy informative,2.0000578397190303
best instructor,1.9997791464451282
attention fine,1.998937642959289
helped,1.998873127127073
fun talk,1.9986599223124948
incredibly knowledgeable,1.9986220355312323
interesting tell,1.9968755656382307
eye opening,1.9962676610629764
job making,1.9960629207705107
succeed best,1.9959669296499012
interesting group,1.9954465881768204
understanding best,1.9950234629800576
hours helped,1.9935132141899121
cute,1.9928101377088794
great loves,1.9927899628992112
easy notes,1.9927786153237559
easy ask,1.9927026409376811
piece cake,1.9926323417715306
kind funny,1.9921143669302506
amazing willing,1.9920634850666588
super responsive,1.991859879952056
understanding gives,1.9910793981892052
taking chance,1.9906736641624843
straight forward,1.9903333485198322
great lab,1.988744815653357
inspired,1.9886131483221803
laid,1.9880722409050868
interesting helpful,1.9852698001943168
best chemistry,1.9840164487444643
interesting gives,1.9832863615480374
funny easy,1.983226494823338
super fair,1.9814258180179642
wonderful cares,1.9807903801987656
problem getting,1.9794781174317695
best fun,1.9790517976215618
gladly,1.9782357984081127
gives best,1.9766121610106886
sure need,1.9761459236081507
caring understands,1.97533146930021
super engaging,1.9737437807441793
understanding kind,1.9732111443664646
understanding fair,1.9728017487932288
memorable,1.9713773472192209
long ask,1.9703677959248527
classes enjoyable,1.9698992653781193
takes answer,1.9695829954427584
funny great,1.9689038806327392
organized easy,1.9664087436796436
easy readings,1.9654355630935516
lots feedback,1.965222640215627
encouraging,1.9646098367700056
learn highly,1.9645531767635305
great need,1.9644779369387457
succeed,1.963894787953838
say best,1.9635731125117442
long notes,1.9629717215534246
ton extra,1.9626790299606167
passionate wants,1.9622777079487221
tell passionate,1.961877890822107
straightforward easy,1.9607816555605293
super straightforward,1.9576999589353914
easy succeed,1.956105216887389
safe environment,1.9560877663242504
discussions great,1.955584320682453
chill laid,1.9551218973732691
low stress,1.9550778628265881
enjoyed learning,1.9544771486999757
accessible need,1.9530065676216886
reallife,1.9524071440927209
fun shes,1.9515140318811444
multiple opportunities,1.9506663947407148
fun makes,1.95050596444778
feedback truly,1.9497022573899923
great little,1.949173788946922
willing need,1.9489252830488937
respects,1.948873597332991
willing,1.9478512867087678
super easy,1.9467612326677202
hes great,1.9461839379565564
wanted succeed,1.9460444949384534
quickly emails,1.9434607544422846
gives opportunity,1.9433880770505851
worried taking,1.9427262258259734
easiest classes,1.9412988458916374
world examples,1.9404312648186188
fun entertaining,1.9399594144591727
participate fine,1.9397971069342397
little dry,1.9397459183505532
great weekly,1.9371212951891135
great experience,1.9369922523978467
youll want,1.9355607602390865
love,1.9354263461283745
caring truly,1.9352244032116523
real life,1.9347762605969674
caring passionate,1.9347296232513358
chance classes,1.9334745640567412
cares long,1.9328494310675222
great takes,1.9318931990549455
prepares,1.9301069399556194
notes youll,1.9291415155480856
sure participate,1.928112449002521
easy study,1.927984096832228
makes learning,1.9269530556823735
understanding makes,1.9258562334449802
everyday life,1.9249167510049094
clear understandable,1.9241312435112103
tough fair,1.9218519591110823
interesting lots,1.9205617683048786
extremely kind,1.9204437330158353
knowledgeable great,1.9196975711296531
outside willing,1.9194770509028274
best lab,1.9187675458843998
pretty solid,1.9184247409121227
understanding accommodating,1.9182269107748677
helpful understanding,1.918043673662762
overall definitely,1.9170156635070814
sure learn,1.9168922964335113
helpful kind,1.9167084573553534
ive genuinely,1.9158424202015905
interesting relevant,1.915151611016645
succeed learn,1.9137176507684455
attention participate,1.91123151578158
lays,1.9101135473258388
flexible understanding,1.9098549361800128
probably easiest,1.9084821643050915
helped grow,1.9075193230718348
caring instructor,1.9074934737140197
sure student,1.9063362499508258
wealth knowledge,1.906061841653818
willing feedback,1.905737347078178
chill,1.9055294219705337
credit highly,1.905057256868968
willing make,1.9041896779854746
interesting pretty,1.9039900514262271
helped better,1.903265418062059
cares truly,1.9030735689272475
long stay,1.9027451988702104
things great,1.9023912644811585
problem passing,1.9020152310319762
guides exactly,1.9019075150711924
great energy,1.9010159588945204
witty,1.8996468450013886
super enjoyable,1.8977576083549472
caring definitely,1.89772443096669
sweet wants,1.8971305656918034
math easy,1.8968441999854821
engages,1.8966110038581387
comfort zone,1.8940813660496776
chance definitely,1.8930441364213344
great style,1.8919624825342147
interesting loved,1.8895556822665949
caring tell,1.889385678224384
gave opportunities,1.8892410630233982
wants enjoy,1.8887977592690337
complex topics,1.8883014008199943
great actually,1.888233903309791
impossible fail,1.8879517022834236
incredibly interesting,1.8878483111216209
cares making,1.8867267148805862
great wish,1.8857779640203756
attend youll,1.8847395965026674
humor,1.8827888926735223
chill funny,1.882645276714527
fun way,1.8818383184972127
humour,1.8815438866777914
cares need,1.8812777473174922
sure page,1.8806875496016193
great gave,1.8798781698074762
listens feedback,1.879618902622843
kind willing,1.8789297611501006
pretty funny,1.877914489898366
fair long,1.8774434596938878
long study,1.8769628182531246
prof cares,1.8767655185979386
need definitely,1.876622144989728
clearly cares,1.8762783104877379
quite interesting,1.8750058476153164
interesting long,1.874882236779385
ensure,1.874842452048524
great insight,1.8746097850992154
taking great,1.8742112239281923
extremely flexible,1.8740345570498143
hilarious caring,1.8736745103971
caring super,1.8733103084481382
arent boring,1.8727402280270944
cares hes,1.8722141540284625
great organized,1.872080615402897
fun helpful,1.8716967591221803
learn ton,1.8714974227355956
treats respect,1.8713325203257458
fair gives,1.8705440489114977
theyre super,1.870194682953814
making sure,1.8698751699268996
favourite,1.86699252691111
wholesome,1.8669190958798598
provides extra,1.8657064525908549
want miss,1.863797768503007
pass flying,1.8636050185785606
engaging discussions,1.863600816191937
ready answer,1.8635659443103574
shes best,1.8611269385138627
easy reach,1.8610363966697854
best,1.860892877491378
easier understand,1.8604443587648145
youll easily,1.8604370333522358
people complaining,1.8604211357236373
feedback available,1.8604186745830678
recognizes,1.860053311144659
queen,1.8597897257091702
friendly easy,1.8591346199714138
cares want,1.8579681138714648
easy navigate,1.857093736306565
amazing english,1.8564110599138548
best courses,1.8562209547252007
happily,1.8553183529508992
easy effort,1.8551721949141964
crystal clear,1.8531101415256188
quick grader,1.8523462744715946
taught courses,1.8521041482883351
opportunities extra,1.8518940747298682
extremely approachable,1.8511820989267864
forward coming,1.8511784512147056
caring great,1.8505716828291572
far easiest,1.8502358079071453
long fine,1.850065682865397
sure prepared,1.8499316732601958
easy understandable,1.8481981404288046
pretty interesting,1.8479258041378337
shes fun,1.847369963813021
caring prof,1.8466230465148463
funny stories,1.845727450040453
wealth,1.844553403197688
best clear,1.844496908187887
makes accessible,1.8437460778685004
clearly explains,1.843309193078225
sure attend,1.8432411450214907
student understands,1.8430513835656974
makes expectations,1.842829934846149
attend notes,1.842647525831966
engaging informative,1.8425014440360226
easy understanding,1.8417673853343182
tons extra,1.841582486905395
recommend great,1.8408055279533766
lab fun,1.8407476441364423
incredibly kind,1.8399366447107894
interesting possible,1.8395584638133933
sure understanding,1.8365741007173817
straight point,1.8354393365956874
amazing semester,1.8342775061760506
outside definitely,1.833694368697154
succeed hes,1.8328495475612048
great office,1.8320459741653181
fantastic lecturer,1.831770219453082
wellprepared,1.8307244701111998
engaging easy,1.8305868790719018
student succeed,1.8304242036739087
cares took,1.829795500387755
easy extra,1.828047484607584
jess,1.8273889066473252
readily available,1.8271877878865013
hes chill,1.826900676792091
super supportive,1.8268840080604125
knows make,1.825398294115523
informative,1.8250650406928308
pleasantly,1.8247605115894672
moderate,1.8240667077780337
great dude,1.823793682616838
long actually,1.8235655022938833
study little,1.8231223677784918
little heavy,1.8220580301234843
plenty,1.8207502873934915
best definitely,1.8202532148730874
effort definitely,1.8200587019793737
easy enjoyable,1.8196766493454213
super willing,1.8194768122053766
adored,1.8190232671353304
better writer,1.817946516038333
unlimited tries,1.817181338255395
heart beat,1.8169308315935808
caring need,1.8154905317926495
opportunities succeed,1.8145501945441609
effort pass,1.8141590817988433
absolutely fantastic,1.8128344735673831
reason shouldnt,1.8124980435097946
quick respond,1.8115781207353798
interesting super,1.8106771996913995
funny,1.8078431588541681
brings guest,1.8075759568519327
pass great,1.8067239404209214
nice explains,1.8064830688359859
pretty lenient,1.806102168530634
tools succeed,1.805637358824459
lenient grader,1.8048848255456083
fun hes,1.801957753583796
inspiration,1.800142019263987
flexible deadlines,1.7990768312937728
caring interesting,1.798148037055883
bit tough,1.7971873291528482
dry sense,1.7961251573983272
fun learning,1.795837004819015
hes super,1.7943789383465614
funny passionate,1.793786607492713
sweet easy,1.7909362607293051
obvious cares,1.7890515837079999
sure fully,1.7889776756625722
understanding passionate,1.7887787406147133
need successful,1.7887652521417312
little challenging,1.7866516126096315
passionate knowledgeable,1.7851832756899473
topics interesting,1.7850933812318548
sure notes,1.784797620723177
amazing lab,1.7841551980527939
hes happy,1.7836411087516453
great nice,1.783561838346511
wants student,1.7830386423813191
golden,1.781633595470602
extra office,1.7813359915599936
caring sweet,1.7807001465533894
kind easy,1.780154980507298
definitely pass,1.7801126428532008
solid,1.7790378077353264
funny interesting,1.7777644089333613
interesting listen,1.7775747028348174
best makes,1.7771062563192377
gives thorough,1.776684736014909
notes easy,1.776539644650999
feel welcome,1.7763918521102244
stress free,1.7761866720548305
understanding super,1.7760637791581217
caring fair,1.7753451860880585
forward,1.7748933103860285
prof easy,1.7742610424080532
come participate,1.7741641450145398
remarkable,1.7729294444505204
long pass,1.7718113466286756
long turn,1.7696089055454731
extremely knowledgeable,1.7694839926937913
shes favorite,1.7691352431619638
easy attend,1.767964950542174
fosters,1.7667244063948413
make laugh,1.766074680598157
clearly laid,1.7658378071623577
lots resources,1.7639348893856859
fun caring,1.7637944800669239
choose topic,1.7623591071208704
easy caring,1.7621933302790076
effort succeed,1.7602084066821604
willing provide,1.7601110999575322
noncumulative,1.7590672887320604
short readings,1.7590414156048393
cares mental,1.7572530467893728
caring flexible,1.7567816414300577
sure knew,1.7566100510230402
eager,1.7556406931945219
bit heavy,1.7554396156670933
required easy,1.7552877421347652
thats expected,1.755116400718018
fun actually,1.7548450840537626
discussions interesting,1.754136892692042
great classes,1.7541343317192837
earth,1.7538515047135341
extremely sweet,1.753703588798965
success gives,1.7529756559732075
grading fair,1.7529049161381067
classes future,1.7523318160183852
bit harder,1.7518598339409408
succeed makes,1.7504825116579266
anthony,1.748662713257124
easy read,1.7486080692884833
sets clear,1.747888404782092
knowledgeable kind,1.746454107722096
understand great,1.7462785973426023
great intro,1.7454318366624832
cares person,1.7436882732997088
math fun,1.7433709438787943
cares understands,1.7418014109691153
professors far,1.7403416530940312
caring clear,1.7402825929946903
easy stay,1.7388606246053566
definitely taking,1.7387572396907558
definitely cares,1.7384501708538593
emails quickly,1.7370305887103594
study great,1.7368190714690872
attention notes,1.7366093651521535
fair study,1.7363562428119206
strives,1.7359602852065539
feedback highly,1.7354113851047543
kindhearted,1.7352743892699571
forth effort,1.7340124830373593
long read,1.7337588314109382
effort making,1.7337440393448347
grow,1.7328326688727476
understanding helpful,1.7319675851911818
youll fine,1.7319427056226289
interesting reading,1.7317627983209256
excited teach,1.7305041042988787
feedback genuinely,1.7296659728812358
quirky,1.7293652205176286
great taking,1.7290058624279823
interesting informative,1.7287452959993708
easy helps,1.7280011841202754
ray,1.7279254035020362
comfortable,1.7276984103363642
hours youll,1.727564347147526
pretty simple,1.7266065870677085
history interesting,1.725995499661698
shes open,1.7257538137540607
interesting makes,1.7252522843668263
shes passionate,1.725249333971302
hes accessible,1.7247702838156052
pass long,1.7245824747222276
listens,1.7244909798010255
easily understandable,1.724406571105126
feel comfortable,1.7236955611303184
succeed classes,1.7208641873695338
willing learn,1.7208629316153115
classes highly,1.7207759088153125
super clear,1.7203600166007753
interesting interactive,1.72017227230665
kind great,1.7200701161208691
great learning,1.7196594328443275
generous grader,1.7186489064515147
sense humour,1.718515691122434
totally worth,1.7183255876201589
funny super,1.7171341976105197
actually enjoyable,1.7167837406194906
interesting,1.7149046195279256
ask youll,1.714575422980083
fair grading,1.714481465739178
helps better,1.7143227505657155
short writing,1.7141818686805443
caring takes,1.7140954780379847
prof caring,1.7129920941156485
quick answer,1.712848888378737
things interesting,1.7125392566704392
cares puts,1.7124862585219613
best great,1.7112121353250505
hours willing,1.7100367294623737
hes open,1.709765004241314
easiest ive,1.7086474139791594
straightforward gives,1.7078897648286748
awesome person,1.70759637317113
reallife examples,1.7066059901014103
genuine,1.7058495795438464
easy comprehend,1.7056121228905745
workload light,1.7055693397221816
best effort,1.7053542836725075
enjoyed coming,1.704931709648836
love taking,1.7039783806431288
fun fun,1.7036804115308737
feedback fair,1.7035620255240946
helpful knowledgeable,1.7034376892888492
willing extra,1.7031502595209247
digestible,1.7030357640093499
giving speeches,1.7025805455032916
ensured,1.7006321672214924
great notes,1.6991116391184633
best decision,1.6987297478794918
great information,1.6980986145641523
job helping,1.6980319474197696
caring inspirational,1.6955397530246756
accommodates,1.6954922987892829
succeed recommend,1.6944981845439777
short papers,1.6935767847061562
shes great,1.6933302039295262
deeply,1.6925009899728245
easiest taken,1.6922762071002495
smooth,1.6921425294629646
available need,1.6920059911250735
upbeat,1.6914930060580122
helpful easy,1.690676873915585
kind respectful,1.6905350513870818
guy understanding,1.6904286542034832
short easy,1.6901439221958885
great way,1.6887826750745738
interesting enjoyed,1.6882475998079762
passionate gives,1.6874068765093977
hes funny,1.6861894810484053
understand cares,1.6858536347332045
goes make,1.6855002351830066
overall caring,1.685370593341995
recommend best,1.6850079667386417
wants improve,1.6846926075268662
offers extra,1.6842165303045284
smoothly,1.683357625027588
truly,1.681511551546544
provides helpful,1.6805051278704362
long easy,1.679621598042269
honest feedback,1.6789567389155469
definitely helped,1.6786080747453447
passionate job,1.6767943390138438
great effort,1.6765572176421273
drops lowest,1.6757341628156048
person amazing,1.6751258791085615
great reading,1.6747962532806557
super nice,1.6747863028303147
clearly wants,1.6740957056757981
fun make,1.6715409782651989
openminded,1.670915863965714
nicest people,1.6704840931011127
makes great,1.6685096559606265
attention learn,1.6680991659699647
feedback easy,1.6680040610834386
textbook free,1.6676247153844308
highly,1.6674857897232735
downtoearth,1.6673827743062954
grader willing,1.666679316995621
credit easy,1.6664452255158473
interactive,1.6660802903919096
extensions needed,1.666045783514253
favorite taken,1.6655053944521772
succeed need,1.6643603064823722
make enjoyable,1.6643196465192442
come pay,1.6637641336372457
cares content,1.6625220176662925
cares subject,1.6612364843480165
definitely study,1.661185671523267
gives helpful,1.660352592557043
funny entertaining,1.6599382075079792
reasonable grader,1.658692313626812
caring tries,1.6583008532962111
interesting shes,1.6578764880459307
relaxing,1.657067489634855
understand definitely,1.656897350367661
feedback super,1.6568198876479237
makes laugh,1.6548735854658183
engaging,1.6547625424246357
final fair,1.6543731452545032
glad got,1.6539782467790403
loves subject,1.6534382330376385
easy weekly,1.6533715631645034
readings participate,1.6530249168220834
little long,1.6521001037860508
sweet makes,1.6499052743969553
smart caring,1.649709816965455
guides easy,1.6495887208622815
reach need,1.6495828080582218
understand highly,1.6494787460717184
knowledgeable passionate,1.6491145461047356
humble,1.6476503946283838
notes pass,1.647482628462889
readings short,1.6468444988666224
simple easy,1.6468299177272776
final easy,1.6463718759512211
shes happy,1.6456125437126001
try youll,1.6442408744117607
multiple extra,1.6438798058466961
exactly expect,1.6437836769845706
extremely clear,1.6430058095843112
provides need,1.6424431824080976
tad,1.6422074809877891
fun understanding,1.642140320044927
breeze,1.6420145753612552
best chem,1.6419820548725674
great goes,1.6417166783039878
gave helpful,1.6413546021789287
hesitate,1.6406384423550833
nice easy,1.639576595796921
lots great,1.6391789090187991
gets excited,1.6388798536997236
ive truly,1.6374905681325451
friendly caring,1.6367810305883488
invested,1.6364320962753336
detailed feedback,1.6359361499167537
professors semester,1.6357848262874075
dedicated,1.6348095287348023
definitely learn,1.6346739369267347
engaging helpful,1.6342017295374287
funny kind,1.6329003809590947
ive pleasure,1.632255744764299
bit boring,1.6318278486583342
realworld,1.6317293093215621
listen notes,1.6304716669563817
emails fast,1.630050954860499
extremely funny,1.629979089666497
feedback definitely,1.6297464633380443
understand available,1.6294881791881632
approachable understanding,1.6292711219267755
fair,1.6281749565897456
sure pass,1.627665637162968
understand fun,1.6276337722098013
need gives,1.6276178905094767
loves teach,1.6273830990180844
clear expected,1.6263294889652826
great giving,1.6260275699916455
gives useful,1.6251203766017035
classes interesting,1.6249664628301606
instructions easy,1.624947224075724
bit long,1.6247127100798782
far makes,1.6247043565946822
gives fair,1.6242515503717385
chill dude,1.6238709164616036
succeed make,1.62343520149631
passionate subject,1.6210410580618628
overall cares,1.6206651958392708
jokes make,1.620495095947847
credit opportunities,1.6204418270337655
cares knows,1.6202407348607721
stories tell,1.6182644719254675
approachable helpful,1.6169255577108803
hours definitely,1.6160101615297648
kind wants,1.6150866697892887
succeed shes,1.6129993699127976
great lecturer,1.6129344029959363
mile make,1.6123550748133386
fun informative,1.6115067717045974
talk need,1.6113780530100605
unlimited attempts,1.6109410577415755
listen youll,1.6108612072817898
thankful,1.6105694945511306
easy complete,1.6098904725345946
participate make,1.6098687527356415
semester great,1.6091376801604387
comfort,1.6085870312315897
interesting readings,1.6082038970854065
great sure,1.607385068778779
simple long,1.6065547906770448
easily accessible,1.606484473546148
attention easy,1.6049641391032807
passionate,1.6046847942904776
easy midterm,1.6033867603840815
invaluable,1.6031555397032413
great english,1.602120588042867
learn great,1.602073738448631
everyones names,1.6020708342715775
variety,1.600727024456793
pass definitely,1.6006197775078181
sure readings,1.6004755539137996
overall chill,1.5992357696025223
final definitely,1.5991780899196488
outside great,1.5988835260819876
generously,1.5985955342171838
crystal,1.5974765219315863
read youll,1.5973908719436647
taking best,1.5967642252379441
willing listen,1.596113614020302
outside need,1.5953661546018942
tough subject,1.5945943000788336
notes great,1.5945902992394831
actually interesting,1.5944700622048718
easy nice,1.5931879608476276
easy straightforward,1.5929935281336878
plenty examples,1.590889400129777
understanding issues,1.5908578180998099
gives reasonable,1.5906626188819786
lively,1.5888438964387088
easy straight,1.588468445396101
clearly loves,1.5884420747161982
fast grader,1.5883334327228198
kind fun,1.5881711404843308
quick reply,1.5880546634676076
clear long,1.586435705609798
profesora,1.5843023622877688
feedback great,1.5820798729813443
tom,1.5820346354320751
real world,1.581833394901536
super informative,1.5815904625841632
humorous,1.580969045508791
study easy,1.580886797598815
hes best,1.5807699514223597
helpful definitely,1.5802431816986058
helpful long,1.5799213074288883
dad,1.579759677788605
definitely easy,1.5795734161253563
mentor,1.5786339549225268
kindness,1.5783983576956757
nice understanding,1.5780562378241854
understanding clear,1.5777445836237707
approachable easy,1.5773197365754719
thorough,1.5763624594861039
cares shes,1.575507696674805
teaches shows,1.5750205825076247
tell enjoys,1.5750175489777725
fav,1.5734639350843374
pretty laid,1.5728121467205423
clear fair,1.5725590579783635
easy contact,1.5725288945153775
information interesting,1.5721310835108646
charismatic,1.5716664256962378
consists weekly,1.5714143102919742
bien,1.5697573794408957
exactly study,1.5689265786861046
mile,1.5682491356596095
advantage office,1.5673687848886573
available talk,1.5665303427841337
definitely great,1.566209615530429
grader long,1.5648369638783528
brad,1.5642705870705829
shes fair,1.5635511053238496
posts easy,1.562604509182897
helpful need,1.5624878629721515
shes super,1.562356550156494
funny guy,1.5612643329141136
feedback wants,1.5611618953617352
subject easy,1.5604751041035279
sure complete,1.5600624975100228
arent long,1.559932123281305
shines,1.5594896775005616
job keeping,1.5591691021662761
ive clear,1.5584493743077363
definitely worth,1.5576505268173602
great content,1.5570715342265071
ive enjoyed,1.5568610163218626
professors super,1.5561276985566188
bearable,1.5557629055349746
took explain,1.5550053814707283
bit dry,1.5549980848153293
genuinely,1.554781571871155
fun long,1.5525528963674216
super simple,1.5517507114297135
interesting topics,1.5509283128856293
easy willing,1.5506742118402634
long watch,1.5492490995939665
lowest quiz,1.5488088737940462
opportunities,1.548077836134806
hope future,1.5480401955739147
easiest,1.5460139887930104
readings discussions,1.5449891164095586
concepts easy,1.5448287225393056
readings youll,1.5444875801898732
ease,1.54394245130349
honestly great,1.543507877627201
simplifies,1.5418329580325167
pay attention,1.5413827574879218
readily,1.541207172154099
willing succeed,1.540718503191318
interesting read,1.5396822337133713
essay easy,1.5395950092944588
smart funny,1.5373739281994911
little awkward,1.5362746828250522
teaches great,1.5353534525293426
accessible willing,1.5349903144543635
person genuinely,1.5349313938309805
little slow,1.5332203097215356
participate pass,1.5331035803464435
understanding flexible,1.5322632130254412
coach,1.5315071776151097
interesting clear,1.5314439205226336
genuine care,1.5308207703393748
discussions super,1.5305033119622422
week easy,1.5299016517647708
def,1.529347169436802
easy provides,1.5288746150068206
sure learning,1.5280928390364945
bit effort,1.526222546035413
easy access,1.5261353471203414
shes understanding,1.525517402277778
blessing,1.5254575895091094
great human,1.5251547746851823
talk easy,1.5246011277953393
going miss,1.5245961323994575
interesting classes,1.5245869061207244
kind considerate,1.524100023723216
engaging makes,1.5239446750494103
easy simple,1.5230259652596203
great guy,1.5219999600648855
semester easy,1.5213733994448724
ask willing,1.519768143224054
chances extra,1.5193404488667408
understand best,1.5187386747977456
fun recommend,1.5168206224895577
personable,1.5161440018168086
need makes,1.5159134781050803
nick,1.51542293119806
forward easy,1.5144528676347626
interesting enjoyable,1.514357150036533
easy ahold,1.5141739943017374
hes real,1.5134050986608898
lab helpful,1.5126483848213308
need hes,1.512100936779591
gonzalez,1.5106524950030273
cares actually,1.510321625600076
easy points,1.5097428785665805
chill guy,1.508708285452748
favorite ive,1.5083083111213078
nice took,1.5073873715529569
takes feedback,1.506139841332459
approachable,1.5059163076691302
favourite prof,1.5049884535911122
worthwhile,1.504768083230072
great clearly,1.5044142643623886
andy,1.502928416438671
kind approachable,1.50208566550495
need great,1.5011308783551254
right direction,1.5001133279948036
attendance easy,1.4993809095231665
youll pass,1.4988525803971475
encouraged,1.4986313426821027
realworld examples,1.4985892865496009
tell actually,1.498253264386367
funny jokes,1.4982479385998637
learn fun,1.4982463562396617
definitely makes,1.4982459867724653
forward taking,1.4980802605947083
outside wants,1.4973621327345228
skeptical,1.4967088991342425
extremely passionate,1.496241305265901
learned taking,1.4957110294305913
essays easy,1.4949172919251126
long come,1.4943817793459306
turn youll,1.4941110029093263
projects super,1.4938912165583371
advantage,1.493291931009324
helpful highly,1.493130232042283
helpful especially,1.4927626710264175
future career,1.4926976989410576
shes chill,1.4926351964391742
best possible,1.4925226597501862
unlimited,1.4914196837510545
ive great,1.4913118465997517
semester fun,1.491082040024514
wellstructured,1.4909427908167459
thorough feedback,1.490658399279237
knowledgeable willing,1.4900371341288476
great honestly,1.489230445071584
makes think,1.4891613733135678
afraid ask,1.488940809311213
easy offers,1.4886460724888035
sure pay,1.4885684712928935
credit great,1.486484791214183
overall learned,1.4860798137890736
incredibly intelligent,1.4853977420875086
interesting stories,1.4851153542600617
terrible math,1.4824639678849518
gives advice,1.4822324255247725
free textbook,1.4821164820192987
great man,1.4819633853235121
resources need,1.4818915111670847
easy discussions,1.4814162682975773
final optional,1.4807618858873255
nice helpful,1.4805521872726093
willing student,1.4801259545894396
reasonable,1.4794546563569781
shes flexible,1.4790592714758866
allows cheat,1.4790499513725788
guy easy,1.4789075741858575
understanding classes,1.4786774460332843
far easy,1.4780483417647883
clear concise,1.4772552066983309
professors campus,1.475813156835219
wants great,1.4756988724360944
emails promptly,1.475439694667637
papers easy,1.4753606270875412
funny wants,1.4744330622270443
effort study,1.4734315042260722
opennote,1.4733505530272613
respected,1.4730734523809215
gives clear,1.4728451475819604
available email,1.472737629582893
great youre,1.4722295733822683
welcoming environment,1.471835214444079
definitely want,1.471620593444385
interesting videos,1.471045258766578
quite bit,1.4692794476404867
reading easy,1.4686446551958792
understands,1.4679523058429806
email office,1.4677477315768197
clear need,1.467438411804645
simple straightforward,1.466354131062488
captivating,1.465914752948489
great communication,1.465587010463933
pretty chill,1.4654437166494958
gave opportunity,1.4645369426953927
tries best,1.4641695277483926
nice kind,1.4629155129366271
open mind,1.462607192552003
different ways,1.4620744388564564
easy approach,1.4611571409369404
provides examples,1.4597896702792088
easy group,1.459759935168215
interesting make,1.4592876768408996
examples easy,1.4584445577708927
animated,1.4571638575274992
unique,1.4565356377595204
mrs,1.4557022762062335
easy short,1.4552085392738192
attractive,1.4546835536737923
pretty easy,1.4546539172179171
wants easy,1.454132428761877
honestly cares,1.4531892123908179
felt comfortable,1.4531635023437595
usually week,1.4529306909536484
overall liked,1.4528678369318637
personality makes,1.452688022775348
generous grading,1.4520765558022877
hes passionate,1.4498458882180056
cares youre,1.4487643909710233
better student,1.4485176588530333
definitely helps,1.4475214790421127
study power,1.4473044867328468
intimidated,1.4470204666752018
ways make,1.446943795406023
great group,1.4464839663614057
readings fine,1.4461811750740647
easy write,1.4453742077269993
participation important,1.4451894528928602
favorite college,1.44396729319911
recommend attending,1.4436790683985965
asked better,1.4426109254462798
definitely,1.4421404406900686
passion subject,1.4414349501325994
intriguing,1.441056039832059
hes approachable,1.4407137901733744
engaged,1.4399580178452505
notes clear,1.4398348882428316
fun creative,1.4393739857248953
suck math,1.439218355572967
welcoming,1.4390020775978378
understanding need,1.4374586648931356
step step,1.437132771145956
definitely make,1.4371124307866907
teaches wants,1.4359126282484507
math teachers,1.435879772334685
easy digest,1.4350985934749456
nervous,1.434085366534962
interesting took,1.4338479047651553
pretty quick,1.4335627556604678
enthusiastic,1.4334786107784598
great tough,1.4326006338251513
resources succeed,1.4318186069070524
easy easy,1.4318047216869054
loved learning,1.431478647370346
feedback speeches,1.4311665940917369
fun prof,1.4308717147479406
multiple chances,1.4301711709121
kind passionate,1.429881839903251
incorporated,1.4295320075480475
provides resources,1.429375392888545
easy took,1.429080044091064
attentive,1.428788626929295
needed easy,1.4287299912939968
applicable,1.4285442680037121
explains concepts,1.4275640516908155
generous,1.4270738058038948
fun overall,1.426646713323107
wants make,1.4257339689402357
powerpoints easy,1.4254981031022833
gives constructive,1.425139646950285
videos easy,1.4251277890812588
gentle,1.424625172071666
caring guy,1.4238423845672354
feel confident,1.4231546891708824
pass easily,1.4230295708482998
pretty standard,1.4226953827105042
clear helpful,1.4206739609453365
importantly,1.4204643533861088
wisdom,1.4196374045280429
role model,1.4195736178091725
youll definitely,1.4195228612837685
exciting,1.4188558291652615
best writing,1.4180734169958313
nice cares,1.4180083718000702
gives resources,1.4173523906119314
best shes,1.416741207243156
explains gives,1.4162763164333843
interesting actually,1.4162272795735955
ask great,1.4155586123513277
participate discussion,1.4154518187191627
asset,1.4150915101246806
outside highly,1.4144844626361124
katie,1.4142252895667387
credit overall,1.414091585698559
definitely favorite,1.413892540929032
chemistry easy,1.413293363955889
hours super,1.4130137616711558
explains content,1.4129152248468593
little intimidating,1.412173604521664
open minded,1.4117736330523805
recommend courses,1.411694822439971
flexible,1.4102397702434244
overall best,1.4095488270277734
doable,1.4090617051477103
snacks,1.4087297358319635
obviously cares,1.408666204606149
youll enjoy,1.408344234560559
procrastinate,1.4078681460714968
dedication,1.4071334619880211
explains makes,1.4067558300212148
read easy,1.4064935310196933
happy,1.4048122879867906
probably favorite,1.4042133732463657
prof super,1.403657130916777
pass gives,1.4033498132787265
helpful gives,1.4027464468261446
project fun,1.4009750680705526
long write,1.400926370133904
willing struggling,1.400363533760384
easy usually,1.4003310857032254
cared,1.4002959723151465
easy labs,1.4001721132318323
easy papers,1.3998547811380782
sure best,1.3992792092564432
papers definitely,1.3991431202113933
passionate hes,1.398676602964258
need understanding,1.3984349755454115
hes young,1.3981976737997002
writing process,1.39811316385925
turn things,1.397736526376196
best succeed,1.3972149189983778
participation easy,1.3958914097571888
brilliant,1.3958775720216803
pass easy,1.3952544584767068
person wants,1.3939737902654539
ways understand,1.392950806524869
people complain,1.3925052535510147
week short,1.3922891392951886
shes available,1.3906433365508697
unlike professors,1.3891961368962011
topic choice,1.3882073880428774
little tough,1.3881862329314316
cheerful,1.3867733378576084
fun classes,1.3863386486623526
person cares,1.3862296955767892
easy multiple,1.385826903893781
makes topics,1.3855518415556762
shes easy,1.3855416854652827
understanding professors,1.3851785076612995
student wants,1.3849218300273307
fun projects,1.3845120443334054
hes lenient,1.3832849851525832
isnt easy,1.3831194241955416
compassionate,1.38245193080615
funny chill,1.38143848201217
complete easy,1.381074536705377
sure practice,1.3807580695736874
respectful,1.3801165178685313
discussionbased,1.3800539798119722
readings interesting,1.3791557789795252
outside needed,1.3786334860386482
easy grader,1.3780046873178904
similar actual,1.3779852052697557
start early,1.3777416538356047
great attitude,1.3773832583775931
resourceful,1.3768815142299395
recommend going,1.3762126900685843
super enthusiastic,1.375550827122435
makes math,1.3754891056151966
rob,1.3753490407120719
accepts late,1.3746636903550797
sweet genuinely,1.3736872016584858
inclusive,1.3716176881246138
josh,1.3716131342350497
understanding life,1.3711665518991687
study ask,1.3707874882339546
takes student,1.370734049490851
lets use,1.3698037672509216
easy little,1.369585279929769
liz,1.369262308150466
dropped lowest,1.3686641129197223
discussion based,1.368033285526968
fine gives,1.368018545373193
makes super,1.3676098815185984
tell exactly,1.3671676972289948
make best,1.3670022193447497
great care,1.3668516044680725
gives extra,1.3663139555995594
cares participation,1.366231145439194
easy hes,1.3662140279509938
lenient late,1.3658653007295065
hes available,1.365668442151092
need extension,1.3654771007791453
nice fair,1.3643290521556182
managerial,1.3617757255870586
lenient understanding,1.3616319369408192
amazing learn,1.361188528839417
informational,1.360927101926844
gives interesting,1.360071709019385
credit options,1.3598525421513674
allows,1.359601729274221
participate,1.3595944880754551
accessible email,1.3588386459071256
accomodating,1.3584443848943977
study pay,1.3568509535018034
lets early,1.356529837827802
engaging gives,1.3560671092116046
daunting,1.354462003596602
study bit,1.3538791508925936
learned things,1.3519931104249512
gracious,1.3515581486836332
easy make,1.3508949911790005
need shes,1.3495050894697087
rewards,1.3489587203003328
lenient grading,1.3488959749528533
paper easy,1.348705233375398
pass pay,1.3485949100379262
gave lots,1.3484986037009588
easy hold,1.3483006526595265
need ask,1.3482875316358047
best youll,1.3477463443441486
understanding took,1.34727349892996
earn extra,1.3467803234921885
make think,1.3458736244462024
sweet,1.3458002702123633
accommodating understanding,1.3448660284064626
long review,1.3436613406062925
engaging way,1.3431622727189279
jake,1.3431110491918954
learn definitely,1.3430686419020965
hawkins,1.342074664464489
youre guaranteed,1.341981164479714
study notes,1.3418052735728914
dreading,1.3412875362261723
definitely need,1.340698495908489
interesting recommend,1.338232338101811
life situations,1.337754653776626
short stories,1.3376285284782092
professors makes,1.3376166734052521
goes need,1.3373530694949345
easy touch,1.337316683000644
attend pass,1.335678008388074
interesting need,1.335292630633333
pleasure having,1.3347862068497331
liked,1.3344249443930467
open helping,1.3339114761787272
prepared participate,1.3331247890528424
participate discussions,1.3329009023191816
similar exam,1.3327383318726085
weekly easy,1.332722438604943
relates,1.332358019365735
helpful best,1.3312829712729144
fairly easy,1.3310904316725445
easy discussion,1.3296429646177899
make sure,1.329093261989784
attention read,1.3288035996070438
activities fun,1.3287378934563954
strive,1.328272078058875
ensure success,1.3281433834368048
explains topics,1.3278845163665718
couple papers,1.3276014039677921
great better,1.327209182214208
freedom,1.3270065514980285
easy wants,1.3266790496833032
youre golden,1.3264479731087473
attendance important,1.3263304580758106
final open,1.3256825504594953
needed succeed,1.3256522420766608
helpful responds,1.3249817823290577
makes classes,1.3248670171532897
opportunities improve,1.3247870792740688
attend study,1.3244543544767655
teaches interesting,1.3239172696919699
provided extra,1.3234895432627063
understandable,1.323273265617627
easy allows,1.323018990299893
credit available,1.322843303962408
crack jokes,1.3226927618625446
knowledgeable makes,1.3219010586216378
isnt heavy,1.3218284209151658
easy watch,1.3218026553768176
making fun,1.3204629628731794
concise,1.3198298423909822
shes lenient,1.3192616699794328
motivating,1.3189709276188815
youll easy,1.318659790014065
gives real,1.3177788331599505
taking semester,1.317759455433766
try miss,1.3176247725381796
improved,1.317151384910293
easy grasp,1.3167920792035268
fine easy,1.3162751500830705
youre interested,1.316103230879925
gives hints,1.3157427369670582
easy clear,1.3146376179633439
nice clear,1.3145529560325038
tries make,1.31326994629371
classes easy,1.3116480819471406
projects easy,1.3116131625735576
guaranteed,1.3115833953570935
guy cares,1.3107720655423698
need participate,1.3092970839187927
nice wants,1.3092613913307343
diaz,1.3091192933088358
hernandez,1.308426622131444
youll meet,1.3065876246461094
easy week,1.3065257949294011
easy learn,1.3057088494904505
public speaking,1.3055860022553567
readings easy,1.3055677406247224
ive super,1.3053484570086695
best person,1.3048032741086395
boring times,1.304405523150983
success,1.3042758905097882
credit helps,1.3038628184970875
miller,1.3037986671744743
gave extensions,1.3032134242794466
learned interesting,1.3028392770791868
test easy,1.3021567935723262
youll love,1.3018121882470357
lowest score,1.3010863273809932
semester best,1.3006440411083453
easy manageable,1.3005254427811348
teaches easy,1.2996529268628016
lovely,1.29924141194045
explains things,1.29860433613152
feedback writing,1.2982038693361986
pretty quickly,1.2966547213987258
world experience,1.2965646966678097
tremendously,1.2947337025825636
best hes,1.2946625594036387
participate ask,1.2944063283244827
helpful interesting,1.294218167454229
great deal,1.293817563304719
passionate psychology,1.2936810704594208
textbook easy,1.2929200683667847
willing youre,1.2924480390314752
dan,1.292427518531996
youll make,1.2920742233296032
valuable,1.2917821850889268
summer easy,1.2915970778854753
nice super,1.2911457326879248
talented,1.2909466946153607
say things,1.290941086453941
skim,1.2904890149819384
prof best,1.290140922901939
nice willing,1.2896662626461985
business world,1.2895971221280949
explained concepts,1.2889649839281603
sweet kind,1.2883396895533927
lenient deadlines,1.28735530250378
jason,1.287247932567583
helpful office,1.2870663342617554
learning easy,1.2869069022940103
isnt harsh,1.286444739137167
simple way,1.2849740043393716
effort easy,1.2843373170204408
understanding prof,1.2839814675438728
email quickly,1.2834649691019493
based easy,1.283453906717158
short quiz,1.2824771344856174
comfortable speaking,1.2815551525090392
easy turn,1.2815320061166027
graded fairly,1.2814016168443239
incredibly sweet,1.2806836239820392
instructor great,1.2804651636387359
explore,1.2804155257966698
willing office,1.280297752292622
require attendance,1.2802489118533664
makes classroom,1.2790017999911303
follow guidelines,1.278362712841048
growth,1.2782464699757288
kind gives,1.2759052448628374
amazingly,1.2736676071143815
easy open,1.2735411736737952
great explaining,1.2730031774481212
different numbers,1.2729117505792384
took english,1.272756576235567
outside hes,1.2724816764054179
clear gives,1.2716189880759483
chef,1.2716182264671154
world applications,1.2715046603916385
outside box,1.2713597161065522
presentation easy,1.271190354572136
justin,1.2711332948923264
easy participation,1.269910738803162
easy super,1.269142898461336
gold,1.2690041589708585
great personality,1.268573738324406
project easy,1.2661142597302657
overall super,1.2661100460266468
definitely doable,1.2659989029926813
knowledgable field,1.2659766738280478
overall fun,1.2651989667446308
nice caring,1.265004111330292
fine shes,1.2648412933207194
best feedback,1.2636325371586405
understanding person,1.2628879897943914
open feedback,1.2624297960755353
quick easy,1.2623796468628186
understanding make,1.260753828561759
read interesting,1.260497153320955
advantage extra,1.260210614914019
diligent,1.259586494566447
italian,1.259211045475924
classes definitely,1.2591996760387651
hes flexible,1.2591687810222734
rivera,1.2589366260018586
cool dude,1.2587893790044689
need notes,1.2581639852733382
isnt afraid,1.2577527794730692
easy lets,1.2572807626291809
discussions easy,1.2571201357324977
easy helpful,1.2560929714867513
best pass,1.2551929811873954
easy especially,1.2535994961601649
tied,1.2523441585838189
participate group,1.2520069774705203
isnt long,1.2519690950731803
learned writing,1.2512895247464293
zach,1.2511180824051813
essays semester,1.249641050092249
ask needed,1.2494831961755075
safe space,1.2492362319371377
provides notes,1.248286697019612
knows exactly,1.24805972132088
taken multiple,1.2478562229888954
actually try,1.2478390931452221
semester definitely,1.2471396266362387
calm,1.2468670883754491
attend participate,1.24496722724699
fine definitely,1.243544501944223
little fast,1.2434932451355856
perspectives,1.2432207156356316
realworld experience,1.2431539880243463
dave,1.2427330802370893
multiple attempts,1.2425105691483669
insights,1.2424772315769133
gets bad,1.2419781600159823
pretty long,1.241977972798038
sam,1.2406888242306842
responsive,1.239575042509803
actually learned,1.2392009188734274
easy kind,1.2390341387321975
hes clear,1.238098503870372
roberts,1.237858137016845
matt,1.2376885501957062
theres weekly,1.2376532484748353
examples make,1.2375517439352688
berry,1.2372171953941162
book easy,1.2371388943676838
blast,1.2368633679927807
took great,1.2359983373885548
offered extra,1.233934211705117
feel actually,1.2330209706850805
classes best,1.2329413874505342
actually cared,1.2323316021022137
based powerpoints,1.2323102269260016
accessible,1.2320491488693879
understand pass,1.2319434571043093
subject teaches,1.2318182886572941
tell wants,1.2316675475457668
definetly,1.2309986771164763
allows late,1.229754579304915
hints,1.2290089543738176
pretty helpful,1.228441655751169
things simple,1.228364564536962
makes content,1.227791199859201
making interesting,1.2269062418651782
study pass,1.2266583352006872
field trips,1.2265949961306024
easy,1.2261588967575854
professors easy,1.2254191684468214
scary,1.2250621315458243
professors actually,1.2248412736341248
feedback accessible,1.2247120479350677
fresh,1.2238736302251887
reading involved,1.2237384982229162
attend classes,1.2236464704543337
valuable information,1.223502887001814
clear cut,1.2232426070378448
sure stay,1.2227560509695277
jen,1.222719664588002
available outside,1.221247332248744
little harder,1.2204626637576474
makes clear,1.220166901860578
attention gives,1.2199389772342286
sure answer,1.2193199552499898
understand easy,1.2191844796213012
lenient,1.2190347876443486
hes kind,1.2188447886548488
study overall,1.2187024678629275
interesting learn,1.2184838318012154
textbook needed,1.218238899718111
flying colors,1.2172044282750907
pretty fair,1.2167906623858826
provides study,1.2151638195851877
sure review,1.214984587644425
understanding tries,1.2149269201118216
public health,1.2147873688629396
cared success,1.2144368561424947
youre struggling,1.2142446619913834
readings weekly,1.211961554248056
hes knowledgeable,1.2117293349376421
easy writing,1.211346535833174
understanding nice,1.2112049290988214
ryan,1.2108075707807977
lab super,1.2106401121250396
sure youre,1.2097182728529354
bad long,1.2090087508923588
fairly quickly,1.2077363362841425
understanding,1.2071891637111074
great knowledge,1.2069818136799864
challenges,1.2066170128334015
promptly,1.2062131678273644
flexible office,1.2061362063360672
makes effort,1.2058603563249939
easy classes,1.2051855555263735
ample,1.2051541639721552
listen says,1.2050670466031104
sure gets,1.2050065007901534
honestly easy,1.2037467143776635
interesting information,1.2036383284482621
learned classes,1.2029072871134279
tell cared,1.202580910189214
cracking,1.2021278076323778
projects pretty,1.2015424639425625
learn cares,1.1999928498331371
hart,1.198682201334588
lots easy,1.1980713570399697
tools,1.1979669958789216
passionate math,1.1975270592219296
glad,1.1970310079315514
smiling,1.196972379295083
easy gave,1.196594469500786
lots practice,1.1962407328539726
life happens,1.1960135356148083
tell passion,1.1950434959778615
supports,1.194502723011123
complex concepts,1.1944081692369437
organized gives,1.1941163705738163
attention,1.1937432200995985
garcia,1.193652853726224
participation matters,1.1935541919223365
feedback understanding,1.1927653730188865
handsdown,1.192141530102175
hes helpful,1.1917150118179851
hate math,1.1913139321153974
learn pay,1.1910720369628294
makes concepts,1.1910475594434278
overall fair,1.1908845911657373
brings,1.1907653403375988
usually interesting,1.1904317404935494
readings notes,1.1899204399641103
easy sure,1.1898017460190555
gives bonus,1.1896166383872657
helpful needed,1.1891144111880578
knowledgeable,1.188653072207889
clearly passionate,1.1871344109772597
ensuring,1.186985257263986
small group,1.186789842788702
exam easy,1.1863241756785214
motivational,1.185826490693156
loves,1.1847872303267568
sure actually,1.1845904635752085
great learn,1.1845258264975786
require effort,1.1843531117481056
fast emails,1.183955927608654
second taking,1.1832744989717128
interesting overall,1.1825240917928213
easy recommend,1.1824447036926795
easy review,1.182323598829928
thoroughly,1.1819703483306156
multiple ways,1.1819426817035605
passionate topic,1.181525173656885
things easy,1.1813199834994617
explains,1.178434111125358
final weekly,1.1784110893678204
fortunate,1.1779357197619387
approachable outside,1.177640511477966
hes easy,1.177491094658679
terrified,1.1774823299659438
lauren,1.1773806840469767
grew,1.1770889251076646
kind knowledgeable,1.176735887829425
kind sweet,1.1760481470945674
easy youll,1.1757893771177699
project midterm,1.1756015088371967
best explain,1.1752791180699838
fields,1.1743616696143615
emily,1.1737461000686569
taken classes,1.1736765799814037
lowest dropped,1.1736718505267962
easy answers,1.173630088812649
helpful study,1.1734906164226064
respectable,1.173481267146844
stay things,1.1733754684027229
hes pretty,1.1732558156861561
shes friendly,1.1729054536851056
encouragement,1.1728746397069099
rewarded,1.1722574176746274
chavez,1.1710409822159011
knowledgeable knows,1.17095350540591
valued,1.1709279962832664
easy assignment,1.17083392373236
helpful super,1.1706362319518604
open answering,1.169552998845619
long practice,1.167178209369526
fun lots,1.1658067941247605
creative,1.1649771749911242
clearly outlined,1.1641287981008013
develop,1.1639555695869994
pass highly,1.163691614681019
lowest test,1.1634457114629377
available meet,1.1633519415145326
rep,1.1632004571303884
achievable,1.1627034478708165
passionate content,1.1621251780950725
workload isnt,1.1616505527113876
encourages discussion,1.1616208388834295
easy based,1.161496866168772
passionate art,1.1612573847643368
took winter,1.1609296993275677
different perspectives,1.160735109495043
given opportunity,1.1604613544271647
current events,1.160400536760882
experience great,1.1594284787412246
passionate topics,1.1577108928590025
success makes,1.1577032175156212
open office,1.1576118672731859
goals,1.1561407701620752
handson,1.15537608171854
overall kind,1.1553750450442664
best wants,1.155225243844452
discussion week,1.1541951126890062
overall hes,1.1539291436420278
easy attendance,1.1536165760019532
personalized,1.1503596842805592
smile face,1.148907995760652
helpful makes,1.1485619884710694
walk park,1.1484055641980646
long interesting,1.148202182971147
great talk,1.1469740644820394
understanding guy,1.1458909194707587
ross,1.1444415213834649
quiz easy,1.144138249115164
easy projects,1.1436525167668226
clear notes,1.1435510404515679
warm,1.1429553602103297
conversational,1.141757299380238
mainly based,1.1417540361373248
available,1.141602682294521
similar practice,1.141339978645064
passion,1.1412607365713319
learn best,1.1411804287328202
pretty cool,1.1408222292313184
overall understanding,1.139928714172644
builds,1.138840596819506
clinical instructor,1.1385471455638534
lab easy,1.1382656750777613
think outside,1.1382639451002028
heather,1.13817638187062
notes need,1.1378708319671524
reading responses,1.1376206520822851
activities make,1.1371476973231367
come notes,1.1358300498049232
willing accommodate,1.1355596369185381
kind makes,1.1353643014750432
tier,1.1349808163454487
easy come,1.1345597777029646
welcomed,1.1340495801363701
puts effort,1.1338876079367513
math ive,1.1337245191538763
extend deadlines,1.1323152647456123
opportunity extra,1.1313248545278558
yoga,1.1311527838871225
offers,1.1306108057663096
genuinely kind,1.1303896064422805
funny nice,1.1302644281700953
bit confusing,1.1295298877717368
easy lots,1.1289433963214037
hes bit,1.1287831094134937
knowledgable,1.1287806235312496
need need,1.1286909428560161
understanding gave,1.126824949798774
reasonably,1.1268099104707368
guy makes,1.1266712256762688
encourages ask,1.1265193599786816
learned new,1.1263491548868956
light,1.1257935597981135
definitely manageable,1.125414870179311
based discussion,1.1252620208941693
week great,1.1245649960759518
cool,1.1237070909146816
nice chill,1.1230444649873075
got great,1.122960429253105
taking definitely,1.122661961459416
reminders,1.1226592459386673
successful,1.1225466957929964
sweetest lady,1.1220327515711421
enjoying,1.1219016898358198
japanese,1.1216260527748947
makes subject,1.1212729344010626
applies,1.1211290570665042
writing easy,1.1205187375220707
valuable feedback,1.1198077628825658
professors ive,1.1187937719969385
afraid,1.118581073357948
gives feedback,1.1177454300471927
understanding overall,1.117262936537628
adapted,1.116721815165425
professors hes,1.1163446613652912
writing fun,1.1160955576943117
kind prof,1.114653136864428
cares job,1.1135236828303743
gift,1.1116995933734621
person truly,1.1114025168134365
couple group,1.111254555015094
overall interesting,1.1105486076888536
easier learn,1.1101644212079336
weekly discussions,1.1097437806030257
need effort,1.1097267381002585
atmosphere,1.1092672357732027
great answering,1.1089755630667124
projects interesting,1.108619741443496
guy genuinely,1.1085327583056301
succeeding,1.108437433518409
lecturer makes,1.1078273781435328
rodriguez,1.1077896346447371
recommend wants,1.1075533252281353
easily approachable,1.1066447228344582
martinez,1.105934710033333
considerate,1.1058865313696575
understanding things,1.1056927348079952
little bit,1.1055246124426663
bubbly,1.1053010130445138
lets redo,1.1037245811812149
knows explain,1.1035569519057251
generous extra,1.1035348774115583
gives reviews,1.103069752802007
optional final,1.1023617837576953
learn succeed,1.1021980299101717
deaf,1.1017682170934417
best gives,1.1014568929462634
student participation,1.1011524175702583
big papers,1.101100856723308
willingness,1.1007973960537942
rocks,1.1004597093958317
amber,1.0982355776486958
cracks,1.0980174841276025
couple classes,1.0979798857748353
overall enjoyable,1.0976380073566538
wellbeing,1.09730199367276
doug,1.0970428489491724
easy best,1.097016413843722
internships,1.0967906445834608
making easier,1.0967238891447781
gets easier,1.096560582429083
anna,1.0962374254660894
need talk,1.0962103655170399
essays total,1.0960552232316925
shes accessible,1.095958350739389
study powerpoints,1.0957525464751452
fairly,1.0956732821940838
unlike,1.093994475704779
easy overall,1.0938060126197673
experience field,1.0935821171147087
reviews exam,1.0929610906543417
engaging lecturer,1.0911919295705186
nice fun,1.0904140529219966
feedback essays,1.0903278430871488
joy,1.0900279435233422
easy try,1.089364304616458
available office,1.0893325232447957
overall easy,1.0891962219847802
easy reading,1.0889999467860871
tips,1.0886660006806022
things thoroughly,1.0884292463157248
hesitant,1.0864765674378027
extra needed,1.0860354924631412
helpful clear,1.0860007495111947
greatly,1.0854166041852462
understand better,1.0852213231602121
hesitation,1.0844421781103026
took make,1.0844420384749878
accessible office,1.0835405006632062
fine hes,1.083500575787875
thought great,1.0832141623727978
interesting guy,1.081691872700251
fun doing,1.0816208536094365
sure watch,1.0815695859035337
chris,1.0814039539278362
youre confused,1.0805053233097777
understand topics,1.0801239342133115
intellectually,1.0791081888183438
kind hearted,1.0783094865951117
need overall,1.0782118222875496
ive easy,1.0779092690853815
amanda,1.0775596774665281
pushes,1.0770131704147765
subject great,1.0766617308471726
shes pretty,1.076308433020781
open note,1.0754044520768105
easy doable,1.0745194716280668
arabic,1.0741842241071389
rutgers,1.0735269799499267
participate makes,1.0733036262473856
explained things,1.0726225286680595
makes worth,1.0723379795205155
short paper,1.0722743620564845
long submit,1.0721951388755695
math prof,1.0721833056665986
reason fail,1.0720694638717863
bennett,1.071697528712379
need buy,1.0715701920878402
extremely nice,1.070535477321135
speeches,1.069802988811901
feedback overall,1.069009925796303
ties,1.0689497986657184
kind,1.0687754949699633
shares,1.0686883244691288
need easy,1.0686732015825005
helping succeed,1.0682704392763167
fairly gives,1.068233590637833
helpful explaining,1.0678656349018176
guest speakers,1.0678017951852716
gives chance,1.0666179276168108
suggest going,1.066355437189351
usually gives,1.0662344703854973
incorporating,1.0660448645067984
tony,1.0643140938645335
eng,1.064212135842137
need textbook,1.063871320129108
ive actually,1.0630567962869542
little confusing,1.0611924548502856
cracks jokes,1.0607953916652448
meet outside,1.060546311106549
better understanding,1.0590947064439362
sure ask,1.0583141717282203
helpful gave,1.0583141013057826
easy use,1.057924590380864
applicable real,1.0577244307909197
helpful nice,1.0576657147835338
ask need,1.0572794328539352
understanding lenient,1.0570713353826449
week theyre,1.0569038952094623
practice youll,1.0566401758460664
bit,1.056590222528258
interests,1.0559873506266424
pursue,1.0556022332668054
guy wants,1.0555861968231621
provided clear,1.0550769598050032
far hes,1.0549666657798316
caring shes,1.0548100478410802
lenient dates,1.0547359500574416
lindsey,1.0543544969192773
casual,1.0541636204688434
intimidating,1.0540378081555861
lots discussion,1.0540321151373533
accessible helpful,1.0540076544162158
openbook,1.0523632714755262
took courses,1.0521948785219912
tyler,1.0517912905493887
knowledgeable teaches,1.0513335910506356
young,1.0510678341747077
big paper,1.0509266426835104
megan,1.0508207357392827
readings arent,1.050335848044062
learning styles,1.050240800589549
times need,1.049730552001856
incredibly easy,1.0495786096574005
review sessions,1.049044167467036
easy remember,1.048797204135811
provides,1.048787776092114
able apply,1.0487869123548474
tough times,1.0487530699177992
cool guy,1.0481473002214834
easy textbook,1.0469531194717554
discussions essays,1.0469203656978578
nerdy,1.0466779210064292
haha,1.0450861089549086
deeper,1.0442284007488247
ive math,1.0441777207250365
lots experience,1.0433198777606307
fine,1.0431364851960785
brian,1.0428806607216021
final portfolio,1.0422470013870324
graded easily,1.041697587508244
easy essays,1.0410124275277006
final super,1.0408232493097849
learn language,1.0407613931192365
world,1.0403941610604397
step,1.0392297278393539
understand long,1.039102456932671
great people,1.0387393866857497
overall prof,1.0375001822609793
overall pretty,1.0374579201873626
thank,1.037260528632551
sister,1.0372179127197416
gives extensions,1.0365383164974613
super,1.0364733569917979
different perspective,1.0362525148883286
keeping engaged,1.034191177877947
spirit,1.034038846645867
gives complete,1.0337470435227036
study practice,1.0335800194383555
interesting things,1.032096945394624
notes listen,1.031375520592512
semester highly,1.0307747729190613
tries hardest,1.0300668167402272
new language,1.0296860579958302
clear expectations,1.0296288964558329
english teachers,1.0295163146076796
way fail,1.0290417053431078
attendance isnt,1.0287784941443565
mcgill,1.0285389306068282
lab great,1.0284874495823253
nice funny,1.0282946352731503
easy paper,1.0275302923943137
accessible outside,1.0275277503422213
week super,1.0271270283608995
super smart,1.0269738353700681
pretty understanding,1.0265092305641588
sweet passionate,1.0261422202803185
safe,1.0255990299206825
understanding situation,1.025494205325133
sure,1.025100896309186
highlight,1.024878856420715
opportunity,1.0244362848580284
easy theres,1.0234651213103163
youre having,1.0226353646635342
think things,1.022033832091223
journey,1.0215455859560016
arent mandatory,1.0207909069508947
reynolds,1.0205478828688186
understand helpful,1.0203832805444808
long make,1.0201951214950604
papers youll,1.0191668741078956
use office,1.0188555682174343
open discussions,1.0186782142235788
hes sweet,1.018549393366845
scenarios,1.0176318432111362
conversations,1.0176188260274568
leniently,1.0172084795247152
committed,1.0166649399936052
reexplain,1.0163830014948214
stronger,1.0158836591867413
rich,1.0154939364873012
taken times,1.0154339741651146
life lessons,1.0146517096829992
need extra,1.014302947585449
talk gives,1.013460126680652
shes sweet,1.0132222921102958
sure come,1.0128200491704717
accommodating,1.0125980826877674
strengths,1.0122346365100476
best people,1.0113858133669336
open notes,1.0109237679648526
gives easy,1.0107080847260228
goes depth,1.0103443030188117
better understand,1.0100365296318543
understanding circumstances,1.0097886048294065
stay track,1.0096300842109276
instructor gives,1.0093937175404122
individually,1.0086869756171488
allows use,1.0075396236277925
criminal justice,1.0073609879437857
open discussion,1.0066819639389983
forgiving,1.0062315430177602
come straight,1.0056360712997279
clear expects,1.005425485409523
recommend looking,1.0053373309226892
pay,1.004352367761304
easy graded,1.0043245196996633
nice genuinely,1.0039077898875082
papers long,1.003759570559696
extraordinary,1.0029102499749616
math professors,1.002717450395176
easy final,1.0026451263256302
kahoots,1.0022413514351172
study review,1.001876127241193
recommend need,0.9998922923986182
keeps,0.9995049917961731
follows syllabus,0.9994103140697614
reachable,0.9987056321382148
best understand,0.9981396386366566
easy project,0.9974006806053968
study study,0.9972338714995086
neat,0.9967682468844838
try participate,0.9965055646548802
lots office,0.9961843186026922
hate english,0.9952395460105734
provides practice,0.9948642904466922
brother,0.9935392921405626
incredibly nice,0.9934249312570955
posts notes,0.9933462868009233
things easier,0.9932403937780716
gives lots,0.9930396616671171
rick,0.9915151485963793
culture,0.9914079985842168
grader great,0.9913926702662135
easy pass,0.9913220674514704
weekly discussion,0.9910095119697075
easy actually,0.9902952518681882
attend read,0.98980750872302
math makes,0.9896734580947992
note open,0.9889759088763785
friendly,0.9889628865097313
study sessions,0.9888895476718336
graded participation,0.9887557801775877
isnt mandatory,0.9879534693968086
participation matter,0.9870267852588199
learned easy,0.9856213855451159
recommend classes,0.9856118334502835
gives practice,0.9845869406819556
hearted,0.9841091976870739
concepts clear,0.9838269526404648
sweet nice,0.9837009138979163
public,0.9826143604607358
watch movies,0.9818678445481588
papers gives,0.9815750707106972
talk office,0.9810499434884594
subjects teaches,0.9803268947211112
upfront,0.9802112274936583
shes helpful,0.9801937492600779
final gives,0.9799529697488403
readings pretty,0.9799142695406395
based completion,0.9794358132572576
lewis,0.9792803720239558
ive hes,0.9792585307351622
life experiences,0.9792343186073218
life experience,0.978237339657424
nice need,0.976342215956425
use resources,0.9754933962807026
memes,0.9750391805951804
easy shes,0.9743079831205055
learning spanish,0.9741689252652339
subject interesting,0.9741558194545163
reflection papers,0.974000406423249
creative writing,0.9739650229981276
profs ive,0.972611617544084
easily understood,0.9725658877278498
classes discussion,0.972232451971168
writing gives,0.9712416666706307
follow directions,0.9710742722509327
ive far,0.971018782197449
utilizes,0.9707189915880186
write short,0.9707126982873859
helpful outside,0.9706871313240875
professors shes,0.9705138827158084
emails quick,0.9703984824810696
theres papers,0.969965828881671
choir,0.9689971388547107
actually makes,0.9688919807160001
sure turn,0.9688479099327232
essays gives,0.9688439184268223
immensely,0.968646450021712
cultures,0.9684819452692892
sure study,0.9680899594931969
youre fine,0.9680355067386319
participation group,0.9679178499119843
reaches,0.9675314348919475
essays pretty,0.9674709272116608
big group,0.966986746461119
hosts,0.9657637967057457
deserves,0.9655617813170263
topic interesting,0.9655390320414234
wants gives,0.9654782468666223
guy super,0.9651071044499755
friendly helpful,0.9646428618939833
actually enjoy,0.9642395411766849
making easy,0.9633432754445366
long complete,0.9632418295111549
cares extremely,0.9625641225011154
shes cool,0.9623230628020636
hours easy,0.9612072137531573
expectations clear,0.9609935985390194
professors took,0.9609131586967052
professors department,0.9609057468077573
hours helpful,0.9603367910609606
notes study,0.9591135808783005
accesible,0.9590532055825296
tells need,0.9589377012914913
come directly,0.958539164365563
long weekly,0.9584611239370471
genuine person,0.9580966770674806
industry,0.9580240014100134
best extremely,0.9576654043731594
helpful make,0.9576062483843977
provides detailed,0.9566982075554051
papers total,0.9559363265575094
easy manage,0.9556458714167739
review notes,0.9556448955371692
extends,0.9555829669308622
choice easy,0.9552111101858181
experience makes,0.954864374660108
follow instructions,0.9548204483155818
try fail,0.9547161835053419
improve writing,0.9545462775541829
sure reading,0.954422207954801
graded completion,0.9528489947444978
credit participation,0.9524646515215753
gives study,0.9522751509749945
emails hours,0.952126324206084
notes super,0.9519432173778934
makes jokes,0.9518579997281869
optional,0.9514858852319126
responsive emails,0.9506242132630991
heavy easy,0.9504359470198924
stories,0.9499752531444372
phillips,0.9493743258292913
attention understand,0.9489291184542896
hours need,0.9486797748952345
watson,0.9483173832802816
subject makes,0.9475680565475901
credit semester,0.9468245666631301
ins,0.9467895638992427
actually helpful,0.9467648630832226
relatively easy,0.9462024720223638
fun guy,0.945838578000183
participation discussion,0.9449796974518652
learning language,0.9445209484596564
actually nice,0.9443676379994752
kelly,0.9442385399150783
jennifer,0.9442141511504509
boring interesting,0.9439980317253713
think best,0.9438350249146659
given chance,0.9436125884067703
classes super,0.9427056372429874
guy passionate,0.9419821955918426
great boring,0.9419292881519734
best choice,0.9416780656087766
passionate biology,0.9415787967641638
reading pretty,0.9415033077321517
stays,0.9411615275185632
teachers ive,0.9410184297328161
took prof,0.9409678966465069
professors university,0.9398373259300179
transitioning,0.939670248687845
papers super,0.9377331594517209
korean,0.9374375590993687
understanding late,0.9367505543668031
fail unless,0.9365129548232378
diverse,0.9351763089620562
transparent,0.9349460614050908
knows stuff,0.9347950961392817
theres reading,0.9344022393246707
pop culture,0.9343762181362578
knows talking,0.9339923489093245
sure read,0.9338471084714488
lehman,0.9336552978867907
bob,0.9335366809806249
prof definitely,0.9335146181573375
need book,0.9329502942576902
opportunities make,0.9328408649973863
complaint,0.9327078526388917
quite easy,0.9323873613079137
easy need,0.9317710587745527
notes overall,0.9317518980668922
thinker,0.9312686322172254
learn interesting,0.9310507754405801
grader definitely,0.9308890358965112
bad thing,0.930401332960983
semester super,0.9300777901419792
easy honestly,0.9294474041200012
changed way,0.9292899058088206
nice makes,0.92889953746519
weekly readings,0.9285257896905232
cinema,0.9285002401451852
sure miss,0.9284059045073985
generally easy,0.9266624748872943
notices,0.926659175195212
receptive,0.9256823568589763
prof clear,0.9253948847079112
chances,0.9253553636983707
crim,0.9250389770771044
people ive,0.9249342307508535
allen,0.9248828436301402
shes young,0.9247707192280146
hes little,0.9245075989161791
sure doing,0.9243514940454762
hours extra,0.9241897511258479
detailed notes,0.9241792089318555
passionate field,0.923867168330716
person highly,0.9237530124214501
shes kind,0.9231686185548256
need miss,0.9230921357161108
connections,0.9229237784071902
great read,0.9225565315172854
davis,0.9218520351161441
tries engage,0.9218453917503666
shy,0.9211530802255865
classes learned,0.9205910814682436
myers,0.920495243386279
gives examples,0.9203759263973907
society,0.9189387206835224
breaking,0.918687399821307
professors college,0.9183348617143157
learn lots,0.9181556854179167
make understandable,0.9174833075855382
guy knows,0.9171738444878041
learned recommend,0.9170823722754573
nelson,0.9168990475860888
complete study,0.9166822688832355
math courses,0.9164756717471825
chad,0.9162764578748934
critically,0.9158152352590623
active,0.9157358936223421
speakers,0.9155915237117878
thats easy,0.914803849567539
prioritizes,0.9139610106426019
jordan,0.9134006809642052
michelle,0.9132567177044049
guy loves,0.9124348362453727
jim,0.9123414954961806
nice definitely,0.912167626572554
interested subject,0.912078733001632
connecting,0.9117437219411144
mike,0.9110475504164377
responsive email,0.910821637902556
wonderful person,0.910467774900118
math best,0.9103593104799081
need study,0.9099941241848892
right track,0.9098845481212834
real,0.9095258622592812
make effort,0.9081506297084498
discussion heavy,0.9080058550000718
short essays,0.9079222706404391
classroom environment,0.9071778743393821
examples understand,0.9069290213397423
assist,0.9064383172642234
practice similar,0.906405363958255
industry experience,0.9063392502728185
terry,0.9053653525604908
nice gives,0.9050474920348623
best student,0.903496736114862
actually wants,0.903206754866515
shaw,0.903026972718342
outside make,0.9022480052264967
interviews,0.9020987467121717
effort,0.9018145373836752
easy grading,0.9013615585309189
crawford,0.9011561244724575
nicely,0.9004964606633745
requires effort,0.8996652550540585
boring tries,0.8987000568747021
ask wants,0.89844215454929
insight,0.8983554384643515
great didnt,0.897465554816371
participation make,0.8961142883648208
based effort,0.8952269062793103
make entertaining,0.8951892739151361
group participation,0.8949633345424601
energy,0.8943818759617574
project gives,0.8940959573683571
feel safe,0.8940661199956743
german,0.8935001763777866
ramirez,0.8929695328623382
theres midterm,0.8928030830525717
graham,0.8927017085604305
proactive,0.8921837276256106
easy learned,0.8921155935108249
study outside,0.8916807205327526
understanding hes,0.8915312118958418
textbook necessary,0.8911261876890517
personal experiences,0.8910074000133772
inclass discussions,0.8901300161061254
acknowledges,0.8901217444418688
pretty clear,0.8894330202769876
youll,0.8893472003267853
understand overall,0.8892361219998257
absolutely recommend,0.8891611256304195
overcome,0.8889210317385174
usc,0.888414398927857
thomas,0.8872790539312199
isnt tough,0.8862270994931833
group discussion,0.8855578487152638
baruch,0.8846686824600649
sure youll,0.8844994194346523
hang,0.8844688746633995
laura,0.8843865878959374
sara,0.8843050706072191
nichols,0.8842248342411416
careers,0.8840627488917114
credit long,0.8839271693685884
think great,0.8836717348164864
admire,0.8836594149033044
values,0.8834847019939644
guided,0.8827186089717376
scared,0.8822931693030043
learn understand,0.8817729938206309
notecard,0.8814481308486943
motivated,0.8813610293341174
actually pretty,0.8811330687170802
notes gives,0.881015432203176
interesting content,0.880834008513304
thing didnt,0.8805027896705617
hours gives,0.8803952617638924
challenged,0.8800500444821395
credit final,0.87966664254132
modern,0.8792758721299823
open,0.8792400380090113
credit points,0.8790264441083195
attendance matters,0.8786210259314853
field,0.8780381363377492
uses examples,0.8778257353947012
come easy,0.8774154412101396
read assigned,0.8770429403565068
quick,0.8758805552237146
accepts,0.8757361580917493
recommend easy,0.8756515623868673
occasional,0.8741851093998818
caring nice,0.8731127925591835
easy quiz,0.8725459258994732
understand explains,0.8724043528695571
makes actually,0.8716931388736331
best ability,0.8711877700754087
opportunity learn,0.8710944807661889
writing skills,0.8709299659009382
end easy,0.8706205321426168
understanding situations,0.8701711646484078
lets,0.8701705372176107
kind tough,0.8697874633216518
recommended,0.8693736589951131
east,0.8693597699927391
extra practice,0.8693058451921036
final research,0.8686258649676333
follow easy,0.8685912072452542
brooke,0.868260343191988
make fun,0.8681262810102393
people met,0.8673931885890944
asl,0.8668917785208414
identical,0.8668072565408345
actively participate,0.866628010053768
smile,0.8665346420968341
extensions,0.866399705929771
conveys,0.8661804093834533
reflections,0.8655633242953229
feedback hes,0.8653745607711123
patel,0.8651736652739448
dbs,0.8649719328457177
nerd,0.8647390562655257
youll learn,0.8645984807059204
wants,0.8645451521983958
bit disorganized,0.8629120044511094
papers overall,0.8628986235399623
semester hes,0.8621530589654984
pretty easily,0.861864405422109
joe,0.8616118852447823
took classes,0.860571897615694
took hybrid,0.8605069010203046
kate,0.8604033329816279
major essays,0.8601624374873467
long need,0.8600176147063294
extremely easy,0.8594299505424043
records,0.8593852380461264
bonus,0.859148457486766
let turn,0.8586868794326996
taken courses,0.8582645738072099
johnson,0.8580782350145189
youre willing,0.8571222689373261
open book,0.85675571458553
mandatory gives,0.8566955669470477
concert,0.8562605720455476
test corrections,0.8553297692743964
credit super,0.8552785420058893
took summer,0.8552213766980117
fox,0.855114603958711
cook,0.8547120740769412
try pass,0.8544563939083663
peterson,0.85427287600859
portfolio,0.8538017151224775
robinson,0.8537292717661078
steve,0.8532286589925402
cake,0.8531395850497656
bad reviews,0.8523329696436601
self explanatory,0.8521148542630197
make engaging,0.851498213433187
teaches makes,0.8513872832910199
watch notes,0.851301050645386
little understand,0.8511622651484654
engl,0.8509561369674437
medical field,0.8506146889658517
ace,0.8505253410640208
helping understand,0.8503952775507795
make easy,0.8502517180253886
communicative,0.8496473907626534
nicest person,0.8490622259376863
attend,0.848497865734827
enforcement,0.8483784762132718
pass hes,0.8471703912137425
perspective,0.8471687112252422
stellar,0.8469451356093334
wright,0.8467939363072876
credit offered,0.8466621365243991
actually useful,0.8457273358928248
papers midterm,0.8454824170714961
professors met,0.8452052746348304
mandatory recommend,0.8448398619644433
flashcards,0.8442820970592351
adjusts,0.8438015132008392
actually pay,0.8432833787722984
greatest,0.8419775783745642
goofy,0.8413728234289444
penalty,0.8411932674325691
sharp,0.8409326090768552
lowest,0.8408544453156708
read readings,0.8398831044220074
chang,0.8392448486513757
fine long,0.8389771103308643
best lecturer,0.8387193388690104
hes engaging,0.838458357942967
privilege,0.8384133231405624
weekly based,0.8381347951184708
mandatory want,0.8380061773400058
relatively,0.8378424114802314
hardworking,0.8373306858259806
daniel,0.8364447513617517
group discussions,0.8355038310131366
rap,0.8354605824628827
law enforcement,0.8352615818007845
knows subject,0.8349294039111967
relationships,0.8334237843066692
outside office,0.8332182342063241
bit understand,0.8331678058690386
understand concepts,0.8330409624609381
genuinely interested,0.8321234274811289
subject hes,0.8320140703395538
papers pretty,0.831680489105656
fairly simple,0.8315937243206353
rare,0.8309452994932514
theyre pretty,0.8307546243863086
need pay,0.8306472516615369
boosted,0.8305903427764125
say great,0.8303910955915583
classes hes,0.8297267638792647
resume,0.8289726516694493
writer,0.8289298930409252
little disorganized,0.82879840917664
teaches classes,0.8286740484525428
able learn,0.8286414439873298
lots information,0.8284946740992396
semester college,0.8277833019246028
smith,0.8275628877913483
peter,0.8271121898520235
explains way,0.8267644721344087
sac,0.8259259221982855
need pass,0.8257588325699619
understood,0.8257286427988078
bonus marks,0.8255686343773565
papers pages,0.8252796006009113
talk outside,0.824117323710567
howard,0.8233914702431449
sullivan,0.823055754485905
involved,0.822843631236756
appreciate,0.822813410361201
mitchell,0.8226169546037223
double spaced,0.8224924388023513
werent bad,0.8221181131856916
fast gives,0.8217210534858772
park,0.8214402890988257
exam gives,0.8213392102870305
grading long,0.821174094567839
kyle,0.8207536001172873
best thing,0.820031061569555
future,0.8199516357641885
burns,0.8198132483100604
extra credits,0.8193730686952634
easy practice,0.8193352443769317
knowledgeable field,0.8192346942301594
nonetheless,0.8183660380335827
helped pass,0.8178149647611264
feedback responds,0.8176065629767457
great math,0.8173497669662559
balanced,0.8166778368407641
try best,0.8163050371723948
easy book,0.8162491896536004
sure follow,0.8161797671030051
tie,0.8158289380974644
way need,0.8157435680232759
actually helped,0.8145006265316628
alex,0.8144603524371572
thanks,0.814233336591137
need purchase,0.8132438122271193
morris,0.8128721706090154
feedback need,0.812797442564559
sure easy,0.8126622261994747
instructors ive,0.8126181946879019
helpful,0.8122448110433238
attainable,0.8119086138420766
craft,0.8118288043669946
gifted,0.8116868868597606
prof took,0.8107965743983225
initiative,0.8104208538309763
learn gives,0.8102430924974477
boring subject,0.8102222933490637
labs super,0.8096312152228151
notes open,0.8094685841912064
tim,0.8094262208178193
business law,0.8091576862392671
participation attendance,0.808960666197823
jokes,0.8089109352482291
handy,0.8086147316057826
beat,0.8073610693651769
outside responds,0.8072606117598902
home final,0.807169321396362
discussions,0.8068804562595728
attention says,0.8068336912632716
based weekly,0.8063119549222435
gave extra,0.8060912761798971
achieve,0.8058087161004295
wants participate,0.8055112280246632
kinda boring,0.8045382945339217
posts powerpoints,0.8045175715452917
met week,0.8029586658178509
pretty fast,0.8028819101854374
best ask,0.8022088651284189
kind boring,0.8020631231508375
adam,0.8020610751374377
clear beginning,0.8017170973631309
walsh,0.8012061725693034
pointers,0.8011556382522009
organized,0.8008023142979059
knowledge experience,0.8007798753027195
grading easy,0.8007590119050825
criminal,0.8004073647424086
extra credit,0.7999257671571192
nice approachable,0.7991799290366846
notes review,0.7989809761617348
novels,0.7985252259470652
great responding,0.7983802248212779
great grading,0.7982938082314419
project final,0.7981906482504542
candy,0.798016774879212
outside gives,0.7975241611034907
times want,0.7973900169437513
wants people,0.796751147211392
reading youll,0.7966990514235626
environment,0.79635132782958
definitely better,0.7958481106652702
developing,0.7952881731342369
helpful lab,0.7950166997585324
emphasizes,0.7948925621461083
supplement,0.794636988607504
nice pretty,0.7942444746884689
student feedback,0.7941448757185103
appreciation,0.793547555391541
big essays,0.7934186798205687
took accelerated,0.793221306833928
say easy,0.7929383954549785
understanding miss,0.7924236671586584
prof overall,0.7921157152395093
textbook great,0.7919356345357489
learned shes,0.7917854993331197
techniques,0.7916218895276224
clear point,0.7914041828573932
easy got,0.7908294207549744
writing projects,0.7907652839304671
hannah,0.79046361933562
grader cares,0.7900593796020967
group activities,0.7898038217209375
pretty decent,0.7890390275580863
sure make,0.7872935542985466
review days,0.7870625152806046
taking fall,0.7867971195438095
extremely intelligent,0.7860678545197413
final group,0.7844629771898699
debates,0.7842635427294464
worried,0.7842249696622119
gives weeks,0.7841405924562519
week pretty,0.7840669357763161
best recommend,0.7838158552781653
passionate history,0.783679235878866
weekly midterm,0.7835505498770843
earn,0.7829978431845017
great things,0.7826983213581418
build,0.7823233651685548
nova,0.7821267952082955
slack,0.7819783512774396
paid attention,0.7818315596046119
case studies,0.7804578639883086
collaborative,0.7802906445406972
zone,0.780167752978592
shes honestly,0.7798019895510837
dynamic,0.7795858816117232
accordingly,0.7794250695645424
understanding personal,0.7787653718629421
understand pay,0.7785386367654592
credit study,0.7785268377093555
info need,0.7781697086833343
wait minute,0.7779943448571736
topic easy,0.7779145511872816
assignment easy,0.7775835917679608
notes ask,0.7775136029504566
group easy,0.7774965368907978
works,0.7773361541037636
creative freedom,0.7768046899418586
lopez,0.7767615532116299
bad ratings,0.7764226502019334
poetry,0.7759961243011411
gives review,0.7753959348207253
writers,0.7752939628713627
han,0.7747865218904817
easier,0.7738804373555359
usually pretty,0.7736707677849584
understanding recommend,0.7731560888619402
make interesting,0.7729964894247345
fine recommend,0.7728018298848927
sure use,0.7722743816683462
conferences,0.7719299645685478
incredibly smart,0.7713135683932162
erin,0.7708421094123121
hands,0.7703845721318832
reading assignment,0.7703018371082742
applications,0.7700022083883553
ali,0.7697832792262584
participation big,0.7694257845954358
understand gives,0.7687467486036148
john,0.768675659165325
nice grader,0.7680413036912164
understand math,0.76783900961005
scott,0.7678077662970804
needed extra,0.767573849916646
pretty heavy,0.7671880557500401
beneficial,0.7663354218291438
religions,0.7661706774295709
guy definitely,0.7656054047092411
detailed,0.7649421920858277
michael,0.7640719537250877
push,0.7638490518533185
corporate,0.7635600476982667
passionate philosophy,0.763281831474032
thompson,0.7632317045698951
breaks,0.7630803331445382
incorporate,0.7630080696803478
teaches need,0.7626869461844379
transition,0.7624481674290013
weekly writing,0.7611593072164506
prof semester,0.7611524520468613
moore,0.7610242064135466
throughly,0.7608419951248422
english professors,0.7601450410521036
engage,0.7600628145379424
jay,0.7596705403798865
crack,0.7594210949256563
walker,0.7593665576356887
shes approachable,0.7592832842407606
understand super,0.7588752877747318
knowledgeable subject,0.7583691418164573
way think,0.7581318367782046
attendance necessary,0.7580997637120959
content easy,0.7580043003959602
set success,0.7572259036320261
times hes,0.7567280052659093
sarah,0.7549523254546529
jessica,0.7540670056340861
final great,0.7537245324302866
easy youre,0.7533851547046506
struggled math,0.7533834779511945
study gives,0.7533171753678012
lecturebased,0.7529624547884559
attention hes,0.7529504153960804
come prepared,0.7524619956934728
hours email,0.7522695182203716
weekly chapter,0.7517559068212449
sharing,0.7514474608896471
learn hes,0.7511517551149272
having trouble,0.7508756179708485
opened,0.7507096625088128
presentation end,0.7505687160349055
completion,0.7493998169582614
nature,0.7484887432834952
horror,0.7484022189750856
understand youll,0.7483347259074993
shes real,0.7480510817452899
nice respectful,0.7472671358353029
sona,0.7469859790035223
effort make,0.7466861872228243
theres final,0.7462934930592358
anderson,0.746292951414139
information easy,0.7460108482861116
tough makes,0.7458111048243676
carefully,0.7457898446824238
events,0.7449422372475283
challenging,0.7448257763515498
defiantly,0.7448241899699521
gives multiple,0.7432379866734014
walks,0.7429220593771024
instructor makes,0.7423768974669116
campbell,0.7419250842034248
follow rubrics,0.7418112392688485
regrets,0.7412486152578506
extra effort,0.7408402262204099
wilson,0.7407936694494417
way easy,0.7402040087730928
easy require,0.7400315142326566
usually easy,0.7397712950054913
group presentation,0.7397249960228152
sticks,0.7393383767460282
open notebook,0.738995518683117
interested,0.7381650490363834
helpful answering,0.7376262361741688
project end,0.7368518782882827
gripe,0.7362638352427773
feedback papers,0.7359821320632527
estate,0.7354585309717017
attempts,0.7352912879276072
best learn,0.7346036528723889
test pretty,0.7339453296262768
understanding comes,0.7338870125745398
million times,0.7334084731701473
caring person,0.7330191578145033
interesting way,0.7329012601859848
easy test,0.7322462908582832
early morning,0.7321006096146885
arent super,0.7317056707719232
closely,0.731645300711472
final short,0.7315295670605639
extending,0.7310140327358319
person understanding,0.7307435900260835
dive,0.7307175540310933
make boring,0.7305349022477259
williams,0.7300068154234527
facilitating,0.7296507541774027
justice,0.7296281585151032
information need,0.729366669893226
guy willing,0.7292347754843469
credit end,0.7288891897848888
tricks,0.7288092198332361
participating,0.728654142488363
took lab,0.7284861360190451
history classes,0.7283205564899493
brandon,0.7281239633313685
fisher,0.7276604300648977
accelerated,0.7274559481971625
quiz chapter,0.7271648205957142
future classes,0.7257604359869472
surely,0.7254241572875326
activities,0.7253031167601227
green,0.7251271400571344
leader,0.7251134511621977
project pretty,0.7249705605720962
christina,0.7249187491816489
guiding,0.7247846826719258
delivers,0.7245796351661529
interview,0.7245720224433985
took twice,0.7237476226867496
inclass group,0.7235907286120735
provides feedback,0.7234693127613472
flying,0.7216962882161617
attendance optional,0.7212313298768809
makes chemistry,0.7207914219785749
understand office,0.7200320421476132
late credit,0.7192425554708262
labs easy,0.7190088681766138
visit office,0.7188740324647949
handled,0.7183606953115103
didnt mind,0.7180653523403251
nice friendly,0.7176265573496767
weekly reading,0.7173696951263544
need readings,0.7168906106039472
recommend definitely,0.716800506188493
outside easy,0.7167987004844179
helpful hes,0.7167545045467563
hes honestly,0.7166447577235271
intelligent,0.7163385506906605
times overall,0.7159592050199031
field trip,0.7158818669234321
great professors,0.7157699529251822
rose,0.7150425986977993
learning new,0.7149031089563191
easy prof,0.7148769673039563
need test,0.7145870969924797
field study,0.714467846560332
movies,0.7142213084272253
credit pretty,0.7141248981777064
final papers,0.7138627623785911
lab instructor,0.7135926924406828
taken person,0.7132913012058513
gordon,0.7130468668286731
grader fair,0.7129564793335614
hes cool,0.712819691470802
highlights,0.7124504089392296
math math,0.7123991472744535
need make,0.7123800879977278
music theory,0.7120275198036765
long reading,0.7118839807663768
linguistics,0.7118257038159044
took easy,0.7116282673106582
realistic,0.7114153713129543
textbook required,0.7110731258017697
teaches way,0.7104077393498791
wasnt super,0.7103243233583925
workshops,0.7098125583828008
easy pretty,0.709097291984925
allaround,0.7090499245407305
went way,0.7087087060174202
read materials,0.70840996512141
truly understand,0.708238627703599
van,0.7080424890079673
semester overall,0.7080060639785497
attend office,0.7077982134077487
man cares,0.707192928111354
provides information,0.7071426962609824
effort understand,0.7070082689103803
beth,0.7065609523265852
essays final,0.7063650257485019
plus hes,0.7057869214126704
fitness,0.7043397796025381
communicates,0.7041515471716586
recommend hes,0.7040539946934707
pass understand,0.7035362902747959
extra,0.7031205278190047
lowest exam,0.7028933758121099
expert field,0.7019877012449331
punctual,0.7016030008955028
credit exam,0.7010537474754965
papers final,0.7009444276242274
tran,0.7009196555248511
bad easy,0.7007321881762234
zhang,0.7004782300986125
skimming,0.6998101502403458
bigger,0.6994701795479301
individual group,0.6992494212445788
grader wants,0.6987957148581287
opens,0.6977546992078878
notes use,0.6967052757124765
vast,0.6953797868514773
notes practice,0.6952109972149945
experiences,0.6949486074054061
sure write,0.6947273929163487
want come,0.6946977815634323
drops,0.6945632548254146
ive makes,0.6937531862775685
board week,0.6934996357880188
took freshman,0.6934195362477116
media,0.6929356063554444
feedback long,0.6929045940401739
wood,0.6924718240900276
taylor,0.6924274105848696
psychology,0.6917960795638862
small groups,0.6912450826978969
games,0.6912005321864427
real estate,0.6908986398716728
workout,0.6907457756929265
study slides,0.6895279797944411
looked,0.6892618081628843
lighten,0.6891758077733972
effort gives,0.6887032814996914
musical,0.6884243932353105
took year,0.6875082246115056
mini,0.687333204254454
quickly,0.6869348224904401
gives pretty,0.68685396178698
make great,0.6858708577111816
fiu,0.6857886128455277
classes shes,0.6852772769696092
songs,0.6846151660013984
inside,0.6841854463494759
enthusiasm,0.6841393431234231
greg,0.6839013593033236
midtermfinal,0.6836942366043761
prof knows,0.6832348457487232
grader understanding,0.6829739880598069
stepbystep,0.6821785418785211
learn makes,0.6821284575099913
wasnt bad,0.6819873663533915
classes helpful,0.6818622944219896
overall shes,0.6817558330587445
introducing,0.681115219578281
read pass,0.6810734574207942
artist,0.6809807659144713
collins,0.6805463186182195
gives notes,0.6804068280753075
freshman year,0.6801694255569117
gives answers,0.679538142727889
greater,0.6790933552941141
grader super,0.6788023144970943
tried make,0.6782853686316308
short essay,0.6781794039185307
human,0.678081552257181
devoted,0.6779093062850485
high quality,0.6778988469253271
styles,0.6778722227710094
understandable way,0.6776099273465945
chance,0.6771598215974599
speaking skills,0.6768411340033733
examples makes,0.6767872384036
college algebra,0.6767869363239729
sweet guy,0.6766628244809514
style great,0.6766344801162933
song,0.6763395645432553
pretty,0.6762633740931836
paper midterm,0.6759705299266425
understand content,0.6747629350438906
best option,0.6746992453127323
goes pretty,0.6743962121566351
use notes,0.6742715479366872
bad say,0.6742545198889296
assignment week,0.6732535601299681
book needed,0.6726392296204793
definitely try,0.6720492250137635
gave feedback,0.6720161897563361
firm,0.6717263452689366
pleased,0.6716309918273762
theres reason,0.6709135133047628
anthropology,0.6706554349107225
apply,0.6696127041294346
research methods,0.6694565985111556
gives specific,0.6688645698890667
need attend,0.6686310238087891
based notes,0.6684661170286414
style makes,0.6672025178191863
write better,0.6670619902368049
research project,0.6668467425856406
moving,0.6663609404028907
easy thing,0.6660477203428226
recommend doing,0.6659112806130558
need recommend,0.6655228636201489
interested learning,0.6654943449621147
new things,0.6652844315286988
knows teach,0.6644659118737337
papers semester,0.6638980759577606
morgan,0.6631406713750145
wont fail,0.6631351942539059
definitely knows,0.6630249568287425
professors,0.6622265092407549
topic makes,0.6621128064471691
promotes,0.6619974491865737
enjoy learning,0.6619597419877383
hours hes,0.6615796582829052
understanding going,0.661088303951896
credit attendance,0.6605828014743711
ask hes,0.6604517221084905
bonus points,0.6604199194042355
connected,0.6603533915375177
allison,0.6602132942964847
learn need,0.6600465927839707
guest,0.6597241167822663
week open,0.6597227295508468
student need,0.6593870990659774
follow study,0.6587482197887997
credit boost,0.6585154177960053
long run,0.6584344819009811
subject matter,0.6582993468511074
arent easy,0.6582384182875902
learn make,0.6573276029592652
melissa,0.6572952291793435
weekly videos,0.656637848893979
outlook,0.6555387600354106
ive classes,0.6554519637062235
unc,0.6554364331194176
learn real,0.6551205699611931
papers presentation,0.6550156542765198
arent bad,0.6549228370168869
negative reviews,0.6541648323545868
math person,0.6541457765903793
easy lab,0.6541416306030197
julie,0.6540535266972451
clear makes,0.654016182079669
understand topic,0.653948565520615
credit need,0.6536360064871669
impressive,0.6536026678016373
gets dropped,0.6535977425105557
similar test,0.6534013810034072
weekly reflections,0.6525774841877414
able use,0.6524707423995206
russian,0.6521322198422119
helpful studying,0.6519789485030856
textbook fine,0.6518086429565475
understand study,0.6514779023220623
emails super,0.6508164164668901
credit opportunity,0.6503751276226524
law school,0.6498014367590805
nice passionate,0.6497022849830891
entries,0.6489325660908349
applying,0.6488952007576518
charming,0.6488016778180103
poems,0.6482380161767747
great want,0.6477404832136084
essential,0.6468730104359803
grading pretty,0.6463884924097094
graded pretty,0.6460889930965035
presentation final,0.6456672416981046
reed,0.6456545508436218
martin,0.6441001358510121
band,0.643437449160718
theres lots,0.6433661183964006
person talk,0.6430369517707639
easy marker,0.6427331392623437
opening,0.6417936250891287
lenient comes,0.6413827157862411
english ive,0.6413110127011059
wide,0.6407408061618618
use cheat,0.6406916208434055
topics teaches,0.6399752992103238
perez,0.6389671549179479
paper end,0.6387856344751235
everyones,0.6386677832033048
quiz discussion,0.6380716127972761
readings super,0.6377124312723801
credit shes,0.6372112379412016
helpful shes,0.6357672492733233
classes pretty,0.6351778687277374
jeff,0.6350926026508876
development,0.6350443657490228
classes actually,0.6348216574109564
nice prof,0.634517625431462
points extra,0.6341972995082941
free points,0.6336186985518708
current,0.633070332779246
confident,0.6328905826526992
boost,0.6326257483352205
instructor clear,0.6325852376239283
medium,0.632524388708207
gave clear,0.6319280883290261
year college,0.6314998018890208
torres,0.6313318615078103
review slides,0.6300433602928983
winter,0.6294559134916824
griffin,0.6294092287876651
natural,0.6292480566039522
cybersecurity,0.6285228150775044
toes,0.6280878525867131
knows content,0.628013426004161
heart,0.6279416852542727
slides easy,0.627813856018351
sean,0.6277420719883757
project super,0.6275449791094108
british,0.6269785342984431
worries,0.6269132953112333
cares way,0.6265506921990802
utilize,0.6262803310797942
smaller,0.6258669114667672
job explaining,0.6252042536245224
worry,0.6247611332713756
credit makes,0.6246691814467695
gmu,0.623615222778362
takehome,0.6235183211390272
interacts,0.6232379988829599
supported,0.6230794514031146
major papers,0.6219465405701001
learn easy,0.6218924216169235
outs,0.6218136871999871
learning experience,0.621712167678977
knowledgeable topic,0.6216590874949794
resource,0.6216569641171326
life easy,0.6214590412294427
managed make,0.6212345034302746
anytime,0.6212000748462909
going gives,0.6211390651252646
papers participation,0.6211027971073317
key,0.6210055159141614
chapter quiz,0.6208731705308175
discussions group,0.6206291139025648
dialogue,0.6205874427920595
definitely tough,0.6203844515425221
benefits,0.6198550594083212
final home,0.6197884739385877
explanatory,0.6196731182461299
points easy,0.6194071569971982
regret,0.6188295297360158
journal entries,0.6186337151653856
took asynchronous,0.618630310275984
ways,0.6185216476076327
easily,0.6175323226122833
ive shes,0.6174126396730486
notes final,0.616535923223017
bad study,0.6159493977296915
colors,0.6151426812765699
group final,0.6150679125855909
nyu,0.6144395138645091
likable,0.6139662692795049
kim,0.613738134189072
let early,0.6130009248209216
person easy,0.6127091992974396
cheat sheet,0.6116136633056772
youll okay,0.6115388847106438
organizes,0.6113622930783098
amy,0.6113124964109069
attendance required,0.6111430842917578
topics discussed,0.6111284123832093
ben,0.6108624743085507
southern,0.6107531843606697
stephanie,0.610463728990057
youll able,0.6104194260260112
analytical,0.6093095516183986
various,0.6091913257895438
edwards,0.609186699087708
test youll,0.6090384773947921
definitely read,0.6088170479790662
role,0.6085529651748072
chapter readings,0.6078432950612207
interesting prof,0.6075362724459161
liu,0.6074831637265916
reading discussion,0.6063497825238073
helpful understand,0.6060661950942787
practical,0.6058715296388915
fully understand,0.6055986136821225
understanding shes,0.6054113632836771
guarantee,0.6052610560835952
digest,0.6051116733534823
ask better,0.6050116321286119
hes got,0.604946418376505
clinical,0.6047995948045788
wasnt mandatory,0.6046554340061316
guided notes,0.6044350329989143
yang,0.6040446625783833
accounting,0.6036827631138086
obviously passionate,0.6036002923015751
final overall,0.6032788071177322
truly care,0.6031392912065847
taking easy,0.6025711445120141
usual,0.6025265247470966
tax,0.6023701701474735
anatomy physiology,0.602103504038686
practicing,0.6019035215820789
ive gives,0.6017143494517061
paper long,0.6016813744027161
latin,0.6015642709225855
notes read,0.6015425116298321
sheet test,0.6010751709844566
points overall,0.6010060612154007
discussion topics,0.6004640206401355
prof wants,0.6003180827782604
oneonone,0.6001882176359601
youre set,0.5997208557495064
discussion participation,0.5996012992418027
participation,0.5988228823927901
job preparing,0.5986863638666637
essay final,0.5982686635091437
enjoys,0.5979770547408378
kahoot,0.5978499103054506
attendance taken,0.597718852761199
knows hes,0.5976340453768483
comprehensive,0.5969056723295445
way succeed,0.5968627333516103
need exam,0.5966994311012446
final extra,0.5965215541282021
guides gives,0.5962798279340689
think people,0.5961508208128485
literature,0.5960273294509886
pass extra,0.5954063655713338
medicine,0.5953633009938972
psych,0.5952419838092133
chen,0.5943173172657534
concepts way,0.5940658781508201
kinds,0.5939067509730496
literacy,0.5938634105116645
personal experience,0.5933463099686396
shes definitely,0.5930113528774328
micro,0.5928719205360533
based participation,0.592831760187428
seminar,0.5925164644269021
make content,0.5924837172749733
helpful feedback,0.5924173528759873
prof shes,0.5915053029796091
took honors,0.5910554030587694
revise,0.5908733611037285
smartest,0.5897439790968217
doing readings,0.5895216577021234
todd,0.5883219218352416
super quick,0.5881951665317384
outside super,0.5880728931723773
artistic,0.5873424059397028
easy basically,0.5872811528047777
resources available,0.5864728911362924
cheat sheets,0.5860602520883678
turner,0.5859005872237564
nice knowledgeable,0.5851153172239751
jon,0.584730323820029
progress,0.5841058305750977
easy consuming,0.5840026249080275
slides youll,0.583896228282784
content super,0.5838244396728083
weekly final,0.583811527190031
final presentation,0.5833131143818271
applied,0.5825443764019056
relating,0.5823843981991033
actually study,0.5819525795659874
genuinely care,0.5819169302673366
use study,0.5815246793951747
government,0.5806713237372012
orgo,0.5805224736314027
theres extra,0.5802547965213574
positive experience,0.5798904396886417
textbook provided,0.5797015099101746
isnt necessary,0.5796302455592901
gave chance,0.5794666384644565
readings make,0.5786961701714457
need come,0.5785062457978434
didnt expect,0.5784383717199546
final pretty,0.578225647349818
richard,0.5781877684726133
recommendation,0.5778938885554545
able make,0.5774042595977811
overall,0.5765896919864488
nice tell,0.5764730937036227
chem lab,0.576118936803951
person willing,0.5761043498961556
want attend,0.5758039657647451
extend,0.5755263729991995
rlly,0.5754573349143293
attendance make,0.5752209554038394
wish,0.5747750657128092
monica,0.5742917071152753
shes incredibly,0.5738848676466652
tolerable,0.5734025603834336
nice accessible,0.573294634240872
makes want,0.5730818492034686
guy gives,0.5728086296797024
understand concept,0.5725266404436482
discussion quiz,0.5723195331844746
discussion forums,0.5712773423897932
todays,0.5707622301585111
textbook isnt,0.5707025926797726
understand information,0.5706938964897255
blog,0.5704023192848524
outside classroom,0.5695593476190393
easy subject,0.5685000498476267
microbiology,0.5684064408251395
super important,0.5682971325290627
hughes,0.568166546992229
readings read,0.568147260727411
timely feedback,0.5679750155192789
fiction,0.5679619604985078
personal level,0.567386352233548
way possible,0.5673388941097635
educators,0.5670452642654418
sociology,0.5669361737841658
papers group,0.5661023541296171
practice study,0.5659359766469496
including final,0.5655872884845312
semester shes,0.5654108520040726
notes helpful,0.5653011141871822
need outside,0.5645888462353259
need,0.5643985007961252
outlined,0.5643070473898781
dream,0.5635767719554483
knowledgeable topics,0.5633706331585504
understanding concepts,0.5629233721936373
feedback actually,0.5627012943002487
supply chain,0.5619254478526834
nice knows,0.5618339048316106
encourage,0.5616405423826709
earn points,0.5613112684041042
nutrition,0.5611108870936015
king,0.5608952388519075
tells stories,0.5605405413852385
based readings,0.5598521052150645
safety,0.5598237023290444
posts slides,0.5598114218173169
fall semester,0.5584168978105009
uga,0.5581178942834661
set aside,0.5580773456718209
easy tell,0.5576208731701087
critical thinking,0.5574610809806622
clear explanations,0.5563591192914021
replaces lowest,0.555037084340773
presentation paper,0.554877094200112
past semester,0.5548339989477178
pretty dry,0.554779013257134
key terms,0.5546142934859137
feel free,0.5544287511501995
paper presentation,0.5544160411676593
pushed,0.5543891981155387
sees,0.5542406278838001
extended,0.5537372291348532
need read,0.5537021580880293
feedback shes,0.5535225203262701
judgement,0.5534816143248946
grader easy,0.5534301671391066
prof far,0.5533823305181294
selfexplanatory,0.5531779247930579
classes youll,0.5530527842791884
outside hours,0.5523949308734029
graded easy,0.5520940993916685
clear hes,0.5518921363614684
poli,0.5518239260533697
feedback assignment,0.5514248999586311
week attendance,0.5513619812552175
participates,0.5512760002127592
clear way,0.5512417406574546
thrive,0.5509287755373773
ask easy,0.5504077446631133
hours shes,0.5502128450895665
conversation,0.5500213027600314
fulfilling,0.5499822831150265
going easy,0.5498971092126208
fys,0.5488364684777292
knows,0.5485397000300578
taking math,0.5483374786308435
mindful,0.5480398975969241
textbook gives,0.5475282801119583
historical,0.5472150566043066
person gives,0.5468608320060415
emails pretty,0.5462506983978095
baker,0.5444907890327837
weekly assignment,0.5444478363831156
microeconomics,0.5440856565748078
follow gives,0.5434284061109853
videos helpful,0.543328203052484
study read,0.5423784691203579
gis,0.5420502887875092
truly learn,0.5420298507907333
similar,0.5414648254118779
lin,0.5410775486844717
book open,0.5408052140914492
robert,0.5399856210960063
writing reading,0.5395613159577675
wasnt easy,0.5393883112064515
feedback clear,0.5392228491691302
lots group,0.5389974886863822
pass learn,0.5385530106730112
reading heavy,0.5382362596126011
larger,0.5376761497341569
things super,0.5372310946518954
offered,0.5371585277931672
broke,0.5369361996342246
way understand,0.5369153732985339
tries,0.5368610304219077
attendance extra,0.5368300228154386
kind guy,0.536688241468033
study make,0.536539330222185
responds email,0.5364362176497028
share,0.536052049206555
negative comments,0.5359213386556014
riley,0.5357037989879707
shorter,0.5356823661385306
podcasts,0.5354776867756001
lit,0.5353606084480855
better writing,0.5347408538615177
expectations clearly,0.5345540319290318
make better,0.5343192349286294
things pretty,0.5340542584948693
internship,0.5327037543317168
scholar,0.5322219215142834
shes actually,0.5301124223941898
animation,0.5298172956178675
try trick,0.5292189707629458
marketing,0.5290621147448302
cheap,0.5287637268097907
acc,0.5283925368444784
way shes,0.5281380360482473
indepth,0.5280511178178209
interested topic,0.5277771093991621
summer,0.5275461422302516
understanding topics,0.5274991347764537
exam open,0.5273623932024076
skilled,0.5272698705087553
meaningful,0.5268519077357574
long gives,0.5261275393106928
week based,0.5256162990293909
actually took,0.5255806029875636
recommend math,0.5253976821718833
scare,0.5246838046428426
weekly,0.5245994866848376
replaces,0.5240769871006705
summer session,0.5237857834653408
read watch,0.523693913177576
auburn,0.5210945725251346
attendance matter,0.5210648869497732
stuff easy,0.5204588153231899
understanding subject,0.5202578555791568
younger,0.5191561661602648
make understand,0.5190546531728089
abroad,0.5188900155367726
balance,0.5186066677038976
took math,0.5178830940032242
understanding topic,0.5173069104452903
exactly whats,0.5169570986215284
explaining topics,0.5167528277081246
sessions,0.5165918969333205
professors gives,0.5161647228002799
read write,0.5160464407815422
page notes,0.5150994590129105
law,0.5145682471317468
understanding student,0.5145358917514411
guy great,0.5144854129274563
content interesting,0.5142650694801976
food,0.5139609666122524
areas,0.5134588006716783
paper final,0.5130579370913324
doing best,0.5123145420511079
textbook need,0.5121493737323846
adjusted,0.5119941629391729
isnt super,0.5117773008709161
review exam,0.511673922009571
easy takes,0.5115151796602859
principles,0.5112438411026368
nguyen,0.5111672266818736
pleasant,0.5110985560653116
situations,0.5105069989865836
individual,0.5104800694239024
gen chem,0.510428849410987
tries understand,0.5099177028941106
semester pretty,0.5097841599941884
trips,0.5092474204363455
building,0.508169609049947
things better,0.5079952874878391
lots notes,0.5078813841917391
textbook super,0.50774312593426
constructive feedback,0.5076973917492076
content clear,0.5075695919873837
exam extra,0.5074383194316603
clarifies,0.5069473852232704
answers quizlet,0.5068700094379519
educational,0.506826205932077
laugh,0.5066494334275422
gregory,0.5062838860616914
paul,0.5062712859550231
jones,0.505953420629476
makes lab,0.5055981457505432
stimulating,0.5054747891867724
topics gives,0.5054680358591153
simple,0.5046753965379693
credit hes,0.5044480252459795
submit late,0.5040819571219544
prof,0.50374337006871
project semester,0.5036086203252879
strongly recommend,0.5035187570718183
college life,0.5031756606315607
writing classes,0.5027780254466983
midterm final,0.5027698114268366
reading long,0.5023229748702587
make available,0.5016399022853921
learning environment,0.5011978413582661
expand,0.5005650663356995
helpful overall,0.5004909687726062
ive learned,0.5002194813179006
classics,0.5000984358972715
meet,0.500040706723806
subject gives,0.49991167620110666
gives points,0.4996542298733182
hate writing,0.4993941135532296
prof gives,0.4981078341961993
projects semester,0.4979796844639015
reflection,0.49767249528892243
vocab,0.49758414204836754
couple,0.49710491435896653
taking english,0.4961856016820434
tried best,0.49597325900019307
soc,0.49557209101185684
anecdotes,0.49548532153243663
needed,0.49547855361453674
phil,0.49530160314366967
mary,0.4952682452478889
shes little,0.49473294764854003
putting effort,0.49467524570364674
way easier,0.4943523962047873
youll miss,0.4940957259952885
guest lecturers,0.49353536158958633
answer gives,0.49341730766852443
based slides,0.4928368765972202
math classes,0.49240983749475653
expertise,0.49229893784772294
easy isnt,0.4912118786034565
fordham,0.49119929071781243
credit gives,0.4911470667744968
rachel,0.49102435263666955
helpful comes,0.490784570816853
final long,0.4904538482175411
assigned readings,0.4899502796344315
outside clear,0.4895324679499762
vhl,0.4891189794920088
quizlets,0.4886105656123618
chain,0.48823402849017405
traditional,0.48810706718674624
lucky,0.48759422416263654
rounded,0.4874122048852385
concisely,0.4873388606181681
papers arent,0.48715456598102946
keeping,0.4871281338074809
actually read,0.48712740018876843
fun person,0.4871252368477883
expect easy,0.4869467804188634
discipline,0.4865321042690933
learned,0.48600177191298943
youre learning,0.48546414648966163
practice practice,0.48518477065790044
overall experience,0.4850088923232114
adams,0.4844277775960961
semester prof,0.48416246814902664
succeeded,0.4834938245638707
solo,0.48297768185727286
presents,0.48253515894134047
attendance counts,0.48218479045881324
classes usually,0.48120270248897157
anth,0.4810997808076749
exam fair,0.48059358293239285
professors understanding,0.4805598189077127
person took,0.4803403434128022
based study,0.4798562110172817
short videos,0.47932360442328203
way make,0.4788836308079194
matters,0.4787503326236475
brown,0.47850223393490054
semester need,0.4783723114805394
corny,0.4782920354962208
prof recommend,0.4782114991907065
pace,0.4779323481337556
approaches,0.4778716243297829
parker,0.4777942063217253
use textbook,0.47736323010925297
chinese,0.4773447750970181
simon,0.47697390387747163
rogers,0.4754597817726651
path,0.4751939764530775
project management,0.4745037954359024
sheet exam,0.47395219649888
free,0.47393353417387374
shannon,0.47380587755658254
pass need,0.4737240655218038
inspire,0.47364195935912257
going office,0.47362706393272624
recommend took,0.4736141255680941
involving,0.4735640076391423
anatomy,0.47335144152865993
kindly,0.4731781784448561
market,0.47298122887593763
discussions readings,0.47270003821764917
essays discussion,0.472184645117105
tell hes,0.47197182120200054
projects arent,0.47186834450105763
subject,0.47156296916798723
criminology,0.4715565029260347
asks feedback,0.47141895538505274
graded attendance,0.4711886055038885
pass study,0.4710385740919314
pass make,0.47084546814320305
student gives,0.470741360180023
discussions weekly,0.4705410619791799
anthro,0.4703238534925056
ashley,0.47001551464733105
films,0.4696375519407052
relationship,0.4694970591423253
psyc,0.4694431278543387
nicole,0.46929345299734493
itll,0.46909150385575415
discord,0.46890597770406117
essay end,0.46839627972332387
recommendations,0.4678439247187285
notes pretty,0.4674967171561022
overall nice,0.46748490966366063
demonstrations,0.467198515034811
classes took,0.4670956524720751
sdsu,0.466991865758116
long,0.46684542037628063
fridays,0.4662675895116628
excited,0.4661752031670048
helping,0.46556088360324743
professors taken,0.46546924876685125
nice make,0.46518129493827765
gives partial,0.4642772795755832
writing writing,0.46426993752602463
quiz midterm,0.46375671668767104
outside helpful,0.46357874787277
film,0.4633400858364727
music,0.46329691308843657
educated,0.4630288633028883
ask office,0.462985145204863
isnt required,0.4628077047259449
weekly papers,0.4622688752145425
faith,0.46203399711936655
lucas,0.46183036462503857
harris,0.4616216766958807
healthcare,0.4610618735487808
box,0.46101055545611125
pass,0.46067337910323225
turn late,0.4606067211371325
commit,0.46001448987325233
dance,0.4598737507851336
took got,0.4595776122996007
byu,0.4591745408982142
took person,0.4586769802077608
college far,0.458522145117362
theres group,0.458503055751482
prof makes,0.45844329613219337
counseling,0.4583872297202216
phone number,0.4581499528598627
notecards,0.4581250313519032
book youll,0.4577140572591798
spring semester,0.4575397951922948
concepts clearly,0.4575086022172403
mom,0.4573043759596551
interacting,0.4572080011304145
person general,0.45699424558730506
learn pass,0.45680876991578323
cares attendance,0.45663636349858905
math concepts,0.45609074094069335
tremendous,0.45605420099322735
challenge,0.45572145206320513
surprisingly,0.45539090945124094
new ideas,0.4552782437804961
profs,0.4549982688277332
makes pretty,0.4547157486526494
need understand,0.454372148864584
hes definitely,0.4534474493467542
knows doing,0.4533986705572417
life easier,0.45325099095744115
lots discussions,0.4532193440041894
kevin,0.4530825063106203
used book,0.4530315986274953
took history,0.45236425719339657
inclass activities,0.4523116340114228
mandatory participation,0.4521066465400043
speaking,0.452024850845139
exam super,0.4519007924804761
understand materials,0.45147554091682807
demonstrates,0.45112329541535345
writing essays,0.45098247237008593
gives information,0.45021980618261637
nice great,0.4501312369864525
paper group,0.4499898306329655
doubts,0.44966287758596124
murphy,0.44869663744482047
bio lab,0.44855712998070274
improving,0.4484627833470203
assignment discussion,0.44753700586306167
creates,0.44750806712661806
observations,0.44738726548054153
piano,0.44612908504179494
resources,0.44602785300572556
grading clear,0.44543971816077743
single student,0.44526785852257333
mindtap,0.44518533271185845
eric,0.44354506989784603
expect pass,0.4427380679248891
interesting person,0.4426823112297136
theatre,0.4425085860224538
remote learning,0.44208107364540616
career path,0.4414528930243584
discussion,0.4411459660993309
jazz,0.4404658276233224
routine,0.4392981237164566
semester taking,0.4391585387174839
feedback recommend,0.43902279492349017
accepting,0.43858131793271227
recommend shes,0.43847657128633166
counselor,0.4381714926790785
project presentation,0.43811674751198026
review study,0.43807970512225936
sales,0.43793203198925923
papers make,0.4377541049396463
hybrid,0.4372899739635905
production,0.4370547551514363
alongside,0.4369045128310489
participation makes,0.43566584289159493
literary,0.4352078217927229
best teach,0.43451464459971056
great person,0.4339548895732488
charles,0.43302927252802625
observation,0.4327529723966297
best experience,0.43246298502156755
helpful learning,0.43196505734860935
order succeed,0.43178145217170893
african american,0.43165387038830083
going classes,0.43080131030004765
took stats,0.4306310953725987
klein,0.4304591841275194
make learning,0.43024669886682965
requires reading,0.4301926712034323
maria,0.4282949996340193
weekly labs,0.42818020541879953
best way,0.42817517977255726
philosophy,0.4277833127392867
matthew,0.4274662557348172
tell knows,0.4268772852521572
queens,0.426763847852186
youre able,0.42637840018782924
chapter week,0.4263496003246896
want participate,0.42631508555576936
taking chem,0.4261850894016668
explained clearly,0.4248255676607684
key points,0.4246069545962996
notes test,0.4243160316896244
evident,0.4241335710521845
yes,0.42385146581771593
precise,0.4237810080371851
whats expected,0.4237445310510033
easy way,0.4233883572724082
english classes,0.42334936501675635
office hours,0.42294729334199843
attendance wasnt,0.4225980322891214
workshop,0.42234902040065414
need want,0.42189571918372515
early,0.42176438761609436
exam score,0.42141801178613925
took bio,0.42123776083208675
understand need,0.4206537469279734
advocate,0.4204499692119761
listener,0.4202381477058861
foundation,0.4192343033467232
meet office,0.4192184043784355
ask shes,0.4191933233749161
george,0.41899250478540395
pile,0.4189591563502866
want improve,0.41858282148035997
documentary,0.41824202789173626
mix,0.41798069993513565
advice,0.4175187204975668
physiology,0.4174962425227662
relevant,0.4173675686589462
rewrites,0.41701661973217163
judge,0.4167749246044927
amazed,0.416564906886876
andrew,0.416188179356757
polite,0.41592478506138875
teachers,0.4158328860848881
cards,0.4155171306176797
lecturers,0.41517624702082045
fundamentals,0.41502405278704657
pharm,0.41498841160754907
network,0.414948002003074
paper semester,0.4140869346569307
weekly quiz,0.41285765674384756
makes point,0.4126493069844024
reading weekly,0.4124132259371738
visit,0.4121867856039909
news,0.4121096871616672
sports,0.41185406677218594
exam long,0.4117263125102557
hes,0.4116097668769587
far college,0.41156516666801046
summer week,0.4111104269880528
james,0.4109823015843368
whats important,0.41059166972663874
instructors,0.4104540841988289
actually teaches,0.4102481429173803
reading gives,0.41002972868960263
holly,0.40962641026848345
frank,0.40896313745575164
elements,0.40883308783267225
foreign language,0.40874275882046796
student success,0.40871585266580546
reflection paper,0.4085417853195139
make jokes,0.4076887229679027
concepts understand,0.4075750878002289
required reading,0.4073078450588792
connect,0.40730523738018576
informal,0.40724562804002495
card,0.4070503199150117
giving extra,0.40663081663121403
apply concepts,0.4053902651187311
goal,0.4047503040274787
way explaining,0.40462630181062664
honestly pretty,0.40455506698715205
youve got,0.40430215758790133
expects participation,0.40411000720402157
multiple classes,0.4039580922200301
similar problems,0.40334218299766356
outlines,0.403178127969289
land,0.40265290855288605
professional,0.40255580381099065
review day,0.40252938107820135
semester gives,0.4016001547439032
intellectual,0.40131311684401005
welcome,0.4012061619721461
honest,0.40100779730809677
texts,0.4005883301022486
read books,0.40030878454445507
contemporary,0.40027778230675715
remembered,0.40008801190689525
cultural,0.4000640321490181
profesor,0.3996955194917291
readings,0.3992258998577842
gives,0.39869671340009205
semester learned,0.3983556739717713
necessary,0.3978192356023653
vibes,0.39767549501860877
way explain,0.39748299299976964
summer semester,0.3973097779322714
remembers,0.397210811260333
credit,0.3970633439436231
fall,0.3967229456074568
totally,0.3957445140347282
ken,0.39541870826293213
political science,0.3947951971210948
history,0.3946874200279318
arts,0.39454571438681363
lots,0.3944224028683312
impact,0.3940826942272828
psu,0.39395274457483254
deep understanding,0.3937396270037592
learnt,0.3936987968547694
rly,0.39366569707675225
prelabs,0.3930704253931392
recommends,0.39277162988609327
notetaking,0.3919120684984563
need lab,0.39144043302987264
courses taken,0.39126825948020993
gained,0.39068368389610875
understand recommend,0.39051437728457117
book need,0.3897854700578254
took intro,0.38968257681645113
writing intensive,0.38947517910190044
love math,0.38855938289199976
adobe,0.3883824267077234
proffesor,0.3883562349774152
office,0.38819643076995636
pass shes,0.3880185271442045
learn study,0.3876127676393839
times easy,0.38733854426591563
journals,0.38733377018207094
think thats,0.3872618423713039
divided,0.38673628724914266
projects final,0.38671923988421497
guy tell,0.38635294006614807
david,0.38626939458893084
chapter textbook,0.3859252587960338
empathetic,0.38592515150436313
webassign,0.3857122172902354
weekly group,0.3852603909392158
discussion post,0.3852229955242965
chase,0.3851794780977489
levels,0.38432555832984683
reading make,0.383769033529612
prof hes,0.38299865207451056
going makes,0.38276035430747335
listen feedback,0.3824761995729471
pursuing,0.3823771070170796
wont need,0.38227545905808036
space,0.3820984053659533
com,0.3820746017921799
big project,0.38176701606945684
jeopardy,0.38164041623009304
photoshop,0.3815262046273453
informed,0.38137646312156903
final study,0.38118488948805584
week youll,0.380882018833514
research paper,0.38087612165168316
easy exam,0.38065449936532403
vital,0.3797570431401027
reading writing,0.3793378174948785
way makes,0.37899027327426715
note,0.3786509966213014
clearly knows,0.3785020686959282
certainly,0.37842093504880125
versed,0.3783800993568285
lots reading,0.3783120955989574
tough study,0.37783658080228477
nice gave,0.37769884754705885
post week,0.37756639464832276
inclass,0.37748760834262995
things say,0.3773788764500896
extra points,0.3762574227993216
thats plus,0.3760136177758344
evans,0.3759496852039952
outside,0.3757001159874154
understand pretty,0.37566210267223354
got easy,0.3753913125706916
ideas,0.3750634031427147
guy funny,0.37501333697983696
networking,0.37424342918788334
lee,0.37420617439297565
drawing,0.3740406150189646
stats,0.37373165530103236
paper gives,0.3735649680639792
seminars,0.3735491247951579
person tell,0.37354635699882266
involves,0.37329555901127165
gives tons,0.37282046954870296
ends early,0.3725810989362497
super super,0.3716390163377028
studies,0.37082626360865234
articulate,0.3698131345726239
second semester,0.3696945708499033
osu,0.36964404530189654
felt learned,0.36947686796734835
honors,0.3687248072948872
diversity,0.3686881988401183
revisions,0.3682866228835664
exam group,0.36823914322405393
long readings,0.36797166192286745
bibliography,0.3677509565775665
understand subject,0.3672458064396036
explain understand,0.36716014781213957
clear understanding,0.36651163122148844
baby,0.3659011808717487
holds,0.3656232967259765
week discussion,0.3655344568160732
feedback helpful,0.3654802779089099
ubc,0.36510396382960586
based papers,0.36490091296896665
test gives,0.3647284504752477
wagner,0.3638176361064751
shes knowledgeable,0.36373017391330187
wisely,0.3637105440005719
kind man,0.36353289451948356
answer easy,0.36338456329819735
mandatory miss,0.3633365586881556
west,0.3630413548679652
participation required,0.3629532645096454
guy teaches,0.36238725655905135
major projects,0.3622436608979527
data science,0.3620634731684511
couple times,0.3617968496993722
pass makes,0.36162765623700643
credit nice,0.36162676927639126
took spring,0.36156953084026
enhance,0.3614853612345019
helpful recommend,0.3610968973049342
practice,0.36058027839313045
used textbook,0.3597366979172172
sing,0.3594371157410059
classes long,0.3587099825527904
simulations,0.3581917924197917
reviews test,0.35802614585075077
pays,0.35760709135118063
ahead,0.35736266962581276
teaches gives,0.3565052600987464
looking forward,0.35635268342850956
evening,0.3562002435619114
experiment,0.35584144504235127
western,0.3556882737646081
finds way,0.35567502054263755
final page,0.35561499271313046
personal stories,0.35553538656682626
professionally,0.35511837901149157
easy prepared,0.3550555258595498
sure group,0.3546052514382225
geology,0.35452562951096667
structures,0.354073465541326
index,0.3540015248552013
shes bit,0.35395876096907486
feel prepared,0.35383320555319386
local,0.35364901312212105
make classes,0.35320331888745926
fills,0.35294440494658197
french,0.3526190312709776
recommend reading,0.35144732950334223
american,0.3512385317596145
things different,0.351101535072635
papers need,0.3510928346432767
project paper,0.3509675031617814
exactly,0.350835954320158
guide test,0.3507761027920928
motivate,0.3501802110232468
listen,0.3501208736458423
study lab,0.3499275176058063
grown,0.3493495076263873
exam review,0.349348619423516
exam pretty,0.3491285304139069
labor,0.34912815436438116
things late,0.34881635065473127
posts weekly,0.348632854120547
personality,0.3483050546242499
reading chapter,0.3481764636916367
educator,0.34752997152950194
tell shes,0.347166916082962
discussions week,0.3466068007901022
took fall,0.34596684593949334
knows shes,0.3457378130959139
dual enrollment,0.34573755350123747
introduced,0.3456996845459237
clear grading,0.34558137371930364
demos,0.34534203777737993
trys,0.34525194162219464
breath,0.3451538488304404
things understand,0.34497191219497836
unlv,0.3444261097828587
test final,0.3444086655505121
person makes,0.343909070550076
art history,0.343801529262457
able,0.3436538122897739
recommend,0.3434657561536225
actually interested,0.3430176984706037
nice sweet,0.342176423882778
wanting learn,0.3419133414684854
responds,0.34171034837110703
exercises,0.3413819311754196
photography,0.34091381615622396
interact,0.3408632971119179
useful,0.3406735289656817
minds,0.3405249476435799
week shes,0.3404989618008294
comfortable asking,0.3404481601087799
discuss,0.340142336220957
booster,0.3401414713774482
stayed,0.3401312383108941
ask lots,0.33973838958783986
advertising,0.33938168122654133
pretty nice,0.33905974387009863
ask understand,0.33900901905106906
campus,0.3387882643457214
posted canvas,0.3385364587761863
analysis,0.3383473909579475
economics,0.3381242333190819
deadlines,0.3379959497976399
actually care,0.33737071757602344
channel,0.337220502789787
remembering,0.3365535188410327
complaints,0.33642854958147694
gotta,0.3363254922254377
bell,0.33612596359776603
need use,0.33462139487939346
youre prepared,0.3343137085444017
reccommend,0.33370253565231245
important,0.33367964793927474
clear feedback,0.33314455363883333
theyre,0.3326595265418195
growing,0.332154213700397
praise,0.3318589265583771
crime,0.33184767470363674
clear study,0.3315488832748823
fulfill,0.33151987190691834
make learn,0.3312530456419509
collaboration,0.3310545394885249
notes posted,0.3308132927650522
hes incredibly,0.33077636336386007
career,0.3306515980358702
wish taken,0.3304408985512861
cheat,0.3302037949499681
able pass,0.3300444751894567
photo,0.32973059715927455
algebra,0.32953535346591956
lax,0.32942573605144254
efficient,0.3294048594555825
gives exam,0.3291155952775462
speech,0.32893419605040286
notes posts,0.328823548089332
people think,0.32858545698238295
heavy makes,0.328511987684454
provided feedback,0.3284725663115857
week summer,0.32832013909077773
academically,0.3275155263043992
talent,0.3273479695441637
science credit,0.3272406931275338
posts canvas,0.3271544684972323
discussion boards,0.3268212198808875
classes teaches,0.3266751758109532
shes organized,0.32667294764256916
read study,0.32625302339642204
upcoming,0.32615163104030387
hunter,0.3253289190218034
textbook reading,0.3252096220077121
papers short,0.3251886755284126
helpful ask,0.32504548064780714
spanish,0.32494967309122824
mylab,0.32485396602740657
attendance participation,0.32481864749101064
huge fan,0.324624093556098
microsoft,0.3243320735705417
hours times,0.32364798637576264
readings assigns,0.32302687723387535
learn classes,0.32284719809180906
paper pages,0.3226768102411146
goes way,0.322540002315554
math took,0.32248629117277794
main points,0.32155134407076247
took week,0.32040171259536976
long understand,0.32038813879641026
simplify,0.31995744953706406
best answer,0.3197458570516414
pass classes,0.3188131287037752
classes prof,0.3185164147423869
remote,0.3185006660384868
ask hell,0.31849028782189137
discussions papers,0.3180944837854973
textbook study,0.31774575011406014
reminds,0.3176627962441767
essays write,0.3174115052679376
youre graded,0.3170979932079039
improve,0.31706267915644926
teaches content,0.3161351151026448
unbiased,0.3159120524110861
pretty tough,0.3157575145048668
job,0.3156855987894218
week usually,0.3156822518258462
boards,0.3153254187749095
essays pages,0.31517597240997475
business,0.3148824848064411
foundations,0.3147665309875638
psy,0.3147032091249393
global,0.31453130920782435
person super,0.31377062149617174
mgmt,0.31376670286029373
theater,0.31375940820710113
spring,0.31358968708408774
respond quickly,0.31356767736946445
expects gives,0.313446869917561
abnormal,0.3134459037343422
comp,0.3125362919838093
subjects,0.31230891552627327
provided study,0.31227014523285845
credit test,0.3119833841181272
component,0.3118034036419193
comm,0.311758938217789
recomend,0.3103577611781656
learn subject,0.31029643331990187
day easy,0.3102398385419196
grader helpful,0.31011551640481017
finance,0.30998785101752446
linear algebra,0.30983719153536704
clear,0.3088788028057081
ive met,0.3086756731438207
content makes,0.30808037931794807
req,0.3079544097636404
papers weekly,0.30774408027718714
drawings,0.30743345293658386
need complete,0.3073780449150263
public speaker,0.30711114659137095
end chapter,0.30708531975392184
analogies,0.30696882960971195
overall decent,0.3067315822523238
descriptive,0.3067173120522497
week chapter,0.30649313435788983
wasnt option,0.3064027841175765
final project,0.3060812231965979
needed pass,0.3060579856458485
classes need,0.306008887924726
writing,0.30586704110513363
test long,0.3058479266778438
criteria clear,0.3057802341252813
accommodate,0.30533648773039346
papers write,0.3053103288959029
hes friendly,0.3048707032918312
moon,0.30453983216699854
information needed,0.30398663331256337
nursing,0.30385821695123383
skip classes,0.30346153764389605
intuitive,0.30335950181020976
powerpoints study,0.3030350202991645
things clear,0.30260062068171045
hot,0.30247678514820286
hes explaining,0.3022326088364711
reinforce,0.3011756624565738
guy pretty,0.30104828704756414
checks,0.3005417147649645
ton,0.300122935063011
helping learn,0.29983310698625765
group project,0.29962282761894965
study,0.29953617707606295
oral,0.2994159698561294
require,0.29936608505329687
civil,0.2991023511415474
feedback better,0.29869170020889335
preparing,0.29840763636063095
ucf,0.2983311758519491
videos notes,0.29803727280899395
week theres,0.2980360357950378
feedback projects,0.29713340274325084
tip,0.2969990509934455
quiz week,0.29597269668082227
actively,0.2951903124172386
advance,0.2947335561890352
best subject,0.2944410792262371
things going,0.294335328089101
problem sets,0.2942770547250255
mason,0.2940512175757455
learn super,0.2937633926490246
attendance mandatory,0.29328567610848744
understanding content,0.29289999955772217
museum,0.29288421217605176
recommend taking,0.29275066677795447
great test,0.29259431759436083
covers,0.29243975579374215
pay close,0.2923347288769964
read articles,0.2923218172829962
intensive,0.2920819513737545
relations,0.29201285468582405
points study,0.2918143135231226
carter,0.2913073768706038
notebook,0.29113305582067994
reaction,0.29095159988546015
final paper,0.29091133439030337
genuinely nice,0.29083689932595114
buy textbook,0.2906948043145956
stay engaged,0.2905576449757401
positive,0.2904187785810102
readings discussion,0.29016027520953
cooper,0.29011208137935185
pieces,0.28915335882115833
sets,0.28856530102676103
topics,0.28805053300919603
notes make,0.287918000081552
maps,0.2874750287515564
sciences,0.28704648679006795
student makes,0.28699444532117724
classes learn,0.2853753968791697
textbook youll,0.2852348882470981
midterms final,0.28502704981141136
courses,0.2842210545788797
makes,0.2842188576904574
content great,0.2837933333529339
aspects,0.2835994903056118
social justice,0.2834886653376074
easy fall,0.28307386108197186
reading required,0.28279221323666803
shape,0.28224772613755533
digital,0.28220944557580196
gsu,0.2821754251547972
drafts,0.2817795963813854
taken prof,0.28127388685019206
learning process,0.2811781255401087
took,0.2805432819884821
took hour,0.28025800524773103
creativity,0.2800316246872363
favorite subject,0.2795836342011935
synchronous,0.2795644041961669
conducts,0.2793350378863231
jackson,0.2781895051348666
pressure,0.27813487734360365
heavy long,0.2778343019200378
guy overall,0.2776672300860632
credit extra,0.2775941702626046
knowledge field,0.2775805407069072
fastpaced,0.27734090139118095
knowledgable subject,0.27722935579243746
struggling,0.27714307601728017
designer,0.2767731861852756
theres quiz,0.276196717195603
books read,0.27603499710481216
outside email,0.27587759497238906
environmental,0.2758104542520208
clark,0.27431289976745354
nurse,0.2740341959549575
alot,0.2736226832690516
lectureheavy,0.2735613714946581
feedback make,0.27350364887798584
confidence,0.27325657454167107
learn things,0.273242719645058
hours make,0.2728768463117497
nice overall,0.27255279791440046
essays midterm,0.2725220643591477
able explain,0.2722349600881895
classes far,0.27189988113261165
clear understand,0.271805367681516
drop lowest,0.271507172855987
tcc,0.27137776657184176
bad gives,0.2713674210983914
actually understand,0.2708396769652506
comprised,0.26955790216069
math,0.2691792834672766
taking hes,0.26901625467290735
based textbook,0.26896874762340595
foster,0.26877747390444995
midterms finals,0.2686151703473634
commitment,0.2674708095360323
easy stuff,0.26712262680582377
classes arent,0.26699034165671875
long way,0.26697841017078083
acct,0.26655647370179736
stage,0.26620135241793186
shared,0.2661046323767913
way thats,0.266061332592086
area,0.26599354378431705
process,0.2659822570664012
didnt think,0.26591456498184307
understand learning,0.26573140842067033
writing prompts,0.2653782145573569
readings textbook,0.2649058865944536
close attention,0.26462539650560757
clear rubrics,0.2643462187679848
linear,0.2643259012103236
biweekly,0.2637402383487526
master,0.26296582454859063
assignment gives,0.26289205712166464
lisa,0.2628058386931489
printing,0.26258355373197695
science,0.2624686736285229
sexuality,0.2620141685905626
attendance,0.26154011480209505
composed,0.2611879872644902
big,0.2611537528897747
textbook weekly,0.2609044857513876
major took,0.2608722037232507
semester long,0.26021476891701845
lecturer,0.259557635234966
learn shes,0.25926436368966677
understand clear,0.25859234032872
didnt buy,0.2584385803906688
sci,0.25828729076114065
organic,0.2577047463439168
classes wont,0.2576893299794314
ward,0.25762399063607155
taking lab,0.2574185781348106
experiments,0.25731688637148586
temple,0.2567445626962286
reccomend,0.25669079814608864
ear,0.25668741014390406
sooner,0.2566122419685364
director,0.2563054779826963
grading little,0.2561984294435522
soul,0.25616122250233175
transitioned,0.2558615317953574
clearly explained,0.2557880133932535
essays long,0.2557144288039144
split,0.2556227365698458
overbearing,0.2553157284718335
lightly,0.2551654547441178
spread,0.2551621169009337
deep,0.2550616329053881
stern,0.2546443905031648
shes,0.2545836749514345
conceptually,0.25454343751066055
attending classes,0.2544930862423431
understand learn,0.2537914966447836
laughing,0.25340161081352086
circuits,0.2533941078911024
daily,0.25331508402302383
took art,0.2532775028916312
heavier,0.2531707048959575
visuals,0.2526685549632184
easy credit,0.25256564420702254
taken twice,0.25209220719818326
worth taking,0.2520166198958158
student understand,0.2519830838317283
readings long,0.25181804783040285
summaries,0.25177242046357584
come,0.2517251699295713
efficiently,0.2514526466858964
writings,0.25101264140584867
artists,0.2509756926844666
organic chemistry,0.2507012774742634
exam dropped,0.2505496927771187
eye,0.250481928646364
practice exam,0.24995289209056182
genuinely want,0.24988071849458038
oriented,0.24975207121347154
classroom,0.24934522238133727
convenient,0.24922527518189241
wang,0.24871599590467497
leadership,0.2486726690693981
grasp concepts,0.24852489063074934
outside makes,0.2482472474214532
financial,0.2481447843974287
team,0.24788048942885865
combination,0.24705838320630313
overwhelming,0.24681416861851702
psych major,0.2457255413677082
make,0.24514109912396176
provided,0.244857188323099
need clarification,0.24481926196876813
essays,0.2448129709475868
grader gives,0.24427097159932565
grab,0.24350263774431724
adjusting,0.24332406397505224
operations,0.2433005957940555
people want,0.24285436548310813
physical,0.24260825035136868
spaced,0.24242269726110344
readings papers,0.2422751729833017
test come,0.2416678957754037
term paper,0.24120392040079786
analyze,0.24114287089778585
recommend youre,0.24105158985463326
quiz end,0.2400571096891735
sundays,0.24001728686720547
max,0.23965145182324044
decently,0.23948949699591893
guy talk,0.239380670338603
papers papers,0.23897476445645438
fin,0.23858281087858124
unexcused,0.23832286763208543
learn write,0.2380711456773561
essay writing,0.23789405964987154
annotated,0.2378051986925822
discussion posts,0.23754131326402472
sweat,0.23742462595640212
quiz based,0.23733042671982396
special,0.2367880621973253
week need,0.2367413668158811
podcast,0.23609765503691627
reading discussions,0.2353539268229028
gave study,0.23511686248223995
reading assigned,0.23435189577184445
understand make,0.23434977358803089
exercise,0.23407983489151007
midterm easy,0.23407904720978578
tend,0.23400305988672088
took semester,0.23398113425209566
guides test,0.23393556467655685
responsible,0.23388510855752287
macro,0.2334383583193098
content heavy,0.23268343537155545
read chapters,0.23255825487683346
exposed,0.23189537194831722
weekly journals,0.23169557631797844
understand youre,0.23162204060934677
feedback discussion,0.23104563839387282
dude,0.2308813541025998
ethics,0.23027148922216867
science classes,0.22974022322813603
participation graded,0.22965427767096713
writing papers,0.22948991180771472
miami,0.22933558638932006
greek,0.22916438586224253
workload,0.22857915030291132
promise,0.22853556845588763
york,0.22849443342108877
learn spanish,0.2283875171881995
continue,0.22808778462153612
attendance graded,0.22763030797057304
product,0.22750185233485176
types,0.22749256103314686
feedback improve,0.22702187390184747
clear shes,0.22685476468647892
people say,0.22630992040977205
miss,0.22569003891607142
semester make,0.225482027193193
revision,0.22512989816872775
essay topics,0.2250783736677402
awhile,0.22502194943717235
extension,0.2247233232623671
regular,0.2246366909737656
clemson,0.22445445380942353
perfectly,0.22419530229538331
proffessor,0.22392484401330925
long group,0.22382294858846308
math taken,0.2235398304283116
highly suggest,0.22340739244411445
forth,0.2234046716940199
learning,0.2232869106707689
classes taught,0.2232217616929173
social,0.22294393830522097
recommend student,0.22246499482334414
enjoy,0.22217924709757142
heavy make,0.2218783219154723
msu,0.22164174263648562
honestly bad,0.22153376016281534
funny person,0.2203706712366209
austin,0.22021137986532935
personal issues,0.2198946633599146
shes clear,0.21977667188045835
classes,0.21944773403990236
make easier,0.21930129623350858
concepts,0.2189039311574854
slides need,0.218818219397658
easy makes,0.21879541672753788
nice hes,0.21872477089456233
office hour,0.2174969232015176
systems,0.21704318659733168
speaker,0.21682622776327776
debate,0.21668381837325157
examsquizzes,0.2165701954091368
turn,0.21623177651357572
big projects,0.21599338732956674
instructor,0.21560130790296483
paying attention,0.21555960535428476
stuff makes,0.21554807390688602
test score,0.21536967301528342
mathematics,0.21501577104332803
strongest,0.21482487370298742
presentation,0.21459934033452743
bomb,0.21437213244927023
powerpoints posted,0.21409373440230617
professors school,0.21396836599304692
guide exam,0.21391392025287637
study want,0.2139119367562241
approach,0.21365996929466746
aaron,0.2133879703294621
specific feedback,0.21329010149372607
projects group,0.21255452835486288
interesting didnt,0.21223061212534944
performances,0.21183159320896827
overwhelmed,0.2114369249412693
crucial,0.21114338148477785
content pretty,0.21091657326034507
est,0.2108164207610841
week overall,0.2106537279922538
midterm paper,0.210244438154648
learn youll,0.21009394329667685
accounting classes,0.20980952046620338
journal,0.2096659750300791
math isnt,0.20944231376411437
effective,0.20896641290519824
today,0.2089177034612124
textbook pretty,0.2088819423057764
huang,0.20886528881905164
theres,0.20861856511989707
pharmacology,0.20827392957040658
economic,0.2079775369923027
notes,0.20788087838397384
minded,0.2077748454301389
resubmit,0.2071940143672908
grader overall,0.2066753421826082
teaches things,0.2065486321317156
patients,0.20654767791714157
biol,0.2057568796396314
lots writing,0.20563833851345237
quizlet,0.2053966213762486
follows,0.20522178694244353
grader need,0.2050095210233014
big fan,0.2045135098287023
going need,0.2036310093359326
creating,0.20340201633317
gave examples,0.20313335197126925
tough gives,0.20298261025833142
short,0.2028922437163896
virtual,0.20275250602741757
need order,0.20247898416066867
expects participate,0.2024580524421271
straight,0.2020761674788254
mis,0.20151674844401235
lab book,0.20144107636680353
long little,0.2013868309030098
follow notes,0.20117669443740027
scene,0.20113611626769234
basically gives,0.2009943708283437
everybody,0.20090903502009105
hours ask,0.20067855295699744
wake,0.2005756853706444
taking courses,0.20040729356685105
certification,0.2002276706930033
week papers,0.20014745452859195
classes makes,0.1998175123633299
sincerely,0.19981316148068196
case,0.19947847794536422
taken far,0.19906560719031852
softspoken,0.19814085698432216
week complete,0.1980667560572833
lives outside,0.19784493958442795
mainly,0.19746875360065275
discussion board,0.19740028112752128
walk,0.1973771798438797
extremely smart,0.19735000259561097
retained,0.1962657256353264
study midterm,0.19625512925039423
talk,0.19613842654725477
notes exam,0.19597215173215154
school years,0.19580390574351014
guy hes,0.19534699253181564
likeable,0.19521466805095855
textbook chapters,0.19415085082512107
participation points,0.1939421469157505
nursing school,0.1933478474269794
easy miss,0.19237450379674925
ive college,0.1923616934176593
humans,0.19159852619281637
project make,0.19101524255772162
chemistry,0.19090861072512588
going test,0.19081729779931145
group,0.19025191062873503
technically,0.18988385423221033
forum posts,0.1894715525582349
movie,0.18942341806253893
ethic,0.18903569246402263
model,0.18877414373804768
things clearly,0.18830935234074708
smart knows,0.18823278988454462
gain,0.18796509406310413
legal,0.1878884980199942
reading essays,0.18769403043397048
finish early,0.18737914330472094
hes actually,0.18709917555621658
reading response,0.18699200431684204
classes semester,0.18675750081747822
attending,0.18664352678692175
explaining concepts,0.1861326872740996
book required,0.18584135997946305
clearly,0.18530186152487005
chem,0.18527757516152654
taking notes,0.18512169933084976
editing,0.184723419688968
final multiple,0.1842917095772023
second chance,0.18421047935852286
examples,0.18397707140005437
papers makes,0.18308202089727743
uni,0.1827647802819783
projects gives,0.1826174816164876
brought,0.18222791306679653
interesting boring,0.18189196810526198
think hes,0.18122801708535974
didnt try,0.18108737685232157
guides study,0.18031425024896208
cse,0.18010417290243907
hist,0.17989072052236565
perfect attendance,0.1797944210987712
retakes,0.1797624056093028
accountable,0.17804019925802805
econ,0.17755457850006806
dual,0.1774004384300767
final based,0.17739551501777306
exam overall,0.1773483808241636
taking classes,0.1773106243073599
worth going,0.17698078279256357
delivered,0.17660774999122708
extracredit,0.17617627468654717
based reading,0.1754948099051976
saturday,0.17534953878113413
bus,0.17493891248551385
college student,0.17481817686226186
write final,0.17466824213758514
stem major,0.1739185345865213
guy recommend,0.1730823092399092
reviews helpful,0.17304137853518142
posts videos,0.17261096898368677
invest,0.17244189876208793
having taken,0.17217261972017361
usf,0.17179939947810574
distance,0.17129396348791914
processes,0.17093850059964844
engineering,0.1709363893126472
generation,0.17074676402722844
final midterm,0.17039576215979935
fsu,0.17032184261561056
far,0.1696626755040258
boring overall,0.169003384439133
painting,0.1686693760192277
bio,0.16866252274244253
pretty strict,0.1686024276642044
final essay,0.16845962481685284
arise,0.16814249874251175
novel,0.1680890592458706
recommend getting,0.16788421685205357
hes extremely,0.16767405188528528
notes based,0.16714811672904872
semesters,0.16675901026571438
test open,0.16671643430360739
bit harsh,0.16667456243469125
handouts,0.16663812786182142
classes ive,0.16651762032765838
miss classes,0.16595010530229892
successfully,0.16589229980684728
access outside,0.16536245801565919
week long,0.16517215889158798
undoubtedly,0.16516885566973016
study group,0.1650528629494552
book notes,0.16380122729586155
art,0.16378983786291545
topics makes,0.16365125289329718
wasnt sure,0.16346025077066706
christian,0.1633920483124598
academics,0.1633250598304059
flow,0.16221456887829966
reading reading,0.1620775890825481
peer reviews,0.16165732718542358
intense,0.1610902069549418
reading chapters,0.161030746360451
able complete,0.16102798239246496
feedbacks,0.16061738822877203
ive took,0.16010050499420103
writing heavy,0.15982898834574222
includes,0.15954662166936728
want better,0.15940895762106777
gives alot,0.15921092324309427
ball,0.15908715456037648
term final,0.15899680724119847
explain need,0.15865387718094048
rebecca,0.15773551943130215
reading read,0.15754383638393854
san,0.15744814111779704
cumulative final,0.1571411791461106
recorded,0.15614826575381535
low rating,0.1557805599933637
fine arts,0.15533096601375185
written assignment,0.15506223581902034
patience,0.15466097859733985
foreign,0.154643748851246
chemistry lab,0.1546308391901654
roy,0.1546069269371788
taste,0.1545607866261136
built,0.15433704814079263
aside,0.15389786523738813
understand things,0.15382863308448513
bless,0.15382609299794225
sweet person,0.1537592803852288
love writing,0.1535457173102177
response papers,0.1532445844194985
kept,0.15313547137068184
police,0.1519629953938768
actually,0.15193329783960863
department,0.15024900350119275
problem set,0.1500624254968983
humanities,0.14995000805241254
examples gives,0.14986174071757397
international,0.14978761696348286
companies,0.14970934900518706
ece,0.14968244951872123
mechanics,0.1487564007336868
teaches,0.14854521086740746
semester group,0.1483647438795952
surveys,0.14836268835292543
poli sci,0.14795380424345872
shes smart,0.1478637229155595
price,0.14782674168884213
older,0.1476087194079252
project group,0.14752655566687878
chat,0.14714631538747902
actually learn,0.1468537990142842
needing,0.1463230349831548
courses ive,0.14632098883770794
particularly,0.14609355014677305
papers,0.14600548583023887
feedback,0.14565078940214615
proff,0.14554581742974548
board posts,0.1449422472334181
review sheets,0.1448254176868975
weekly weekly,0.14476698283125344
make points,0.14432740540603817
cis,0.1440571210582995
didnt need,0.14366094396586782
recommend want,0.14360694029790544
wise,0.14334190834049032
readings videos,0.14329687018035564
healthy,0.14327164055301012
prompt,0.1432240508448377
paced,0.14290304600291748
consists,0.14277600534718893
activity,0.1422681613687562
zoom meetings,0.14190620965399248
tricky,0.14185980872817616
played,0.14161942104153624
review test,0.14161621222779175
textbook used,0.14123803047006156
depth,0.14074474210699606
semester goes,0.13947364330982914
clips,0.13869802141053
learn new,0.13860544907120698
composition,0.13793823547496054
worked,0.13644193386030068
papers assigned,0.1362292187317582
war,0.13599018111578332
alive,0.13552059664762695
guides,0.1354045405891462
years experience,0.13527254497734553
taking need,0.13513336418952981
consisted,0.13511116707937987
involve,0.13502101235522268
replace,0.1340800040647725
hill,0.13365293558082492
strength,0.13237420516799858
teach classes,0.1322479160163592
classes tough,0.13198513993637917
somewhat,0.13187052084325934
write papers,0.1318009657928645
statistics,0.13170917472094779
sheet,0.13125088307808142
easy content,0.13092529920685791
textbook readings,0.13083064736393446
overall recommend,0.1305302599102962
absences,0.13027000616329154
easy literally,0.13000658866329928
week gives,0.12988822350259888
series,0.12983609722192568
choice,0.12955978166040616
lessons,0.1293948862224532
wanting,0.12924176144003852
meets,0.12920559106462903
depending,0.1291932368933253
stem,0.12907029344454024
american history,0.12874532326764054
ancient,0.1285816759572409
boards week,0.1282387854722291
mondays,0.12772051548614094
classes classes,0.12731499793623868
intermediate,0.1273043790896704
coming,0.1264965828439557
strategies,0.12615279035479965
meet week,0.12556332875291076
texas,0.12556084143603918
adjust,0.12548793593394336
languages,0.12515450487761903
usually,0.1250178972616478
easy didnt,0.12476849731351436
useful information,0.12437433368642026
want make,0.12411613538047028
ton reading,0.12334891440865725
pdf,0.1231305630466526
guide gives,0.12260989946896572
quiz lab,0.12197524699312368
sweet woman,0.12177213062171077
availability,0.1217674623698759
understand bad,0.12165348046709212
structured,0.12153309803652235
small,0.12116885640711494
theories,0.1207411455648959
taking makes,0.11994308580404756
relax,0.11918329916830572
quite,0.11913493269632358
feedback makes,0.11901780333400858
review sheet,0.11854953852169103
physics,0.11849226413091785
manages,0.11845104564054765
occasionally,0.11816238519972799
dog,0.11778392504807655
posts,0.11757438826890709
papers discussion,0.11733568273041683
quizzesexams,0.1168233182266043
assigned reading,0.116562706848919
uploads,0.11604196715178183
allowed,0.11591550543389939
true,0.11544240187382293
follow rubric,0.11507936899205085
person overall,0.11483535153112889
project,0.11449418862166283
providing,0.1142454608415715
answers test,0.11420436270186585
responds emails,0.11403432423085214
esp,0.11403265492707426
handful,0.11374876020607871
plus,0.11323829666260199
plays,0.11319287510423948
discussing,0.11315086439654998
thatll,0.11297889299508235
gpa booster,0.11277008117696496
group paper,0.11229525603303259
annotations,0.11216414212053394
recommend prof,0.11209942850124399
grant,0.11181372660253608
math department,0.11156492992953382
learns,0.111466993152737
week reading,0.11107890570237444
support,0.1110521110252467
classes recommend,0.11049766701152564
track,0.10999989533980248
test based,0.10989266960758393
hcc,0.10975319201122424
slightly,0.10961890179516942
projects,0.10961607439255161
whos,0.10944903935063088
nice recommend,0.10936450633503192
curves,0.10866115062779969
supply,0.10851828053467116
nice,0.10807341471647103
practice gives,0.1078146003832039
research,0.10708022865866518
study test,0.10695169047272479
therapist,0.10687781125116302
independent,0.10669010264583534
quiz final,0.10640773817950056
poly,0.10615556829826467
readings assigned,0.10612716934966748
hefty,0.10571722136194062
kind person,0.10546014607193932
classes heavy,0.10493337579615769
mandatory,0.10433837269035351
asynchronous,0.10431724178975799
language,0.10429544038367489
learn better,0.10283039597401356
ksu,0.10280756041857408
ask gives,0.10271404942366225
faster,0.10269579862505651
volunteer,0.10267396466562495
contract,0.10243664260329233
plan taking,0.10219791286548485
freshman,0.1019878158183225
murray,0.10181731654797055
tolerate,0.10127874046606955
content teaches,0.1012077394073998
youre allowed,0.101098292701705
shows,0.10104818758492673
exam reviews,0.1007320915260621
gave credit,0.10042841804244773
tougher,0.09988194413516283
initially,0.09962306156765344
shes got,0.09960008595614944
pass test,0.09950781419150978
wants hear,0.09950129918140505
prepared notes,0.09882236710420322
que,0.09874987160016246
takes attendance,0.09854147125264667
posted blackboard,0.09842863203516572
worth effort,0.09841887941819394
confusing times,0.09830796444098411
sheets,0.09799502045786745
classwork,0.09731651461857815
overall makes,0.09722915561210854
took covid,0.09717389551653532
club,0.09698737645400612
competent,0.09661116923795632
nice dude,0.09659393565347507
easy want,0.09655466350322506
week midterm,0.09628028138431688
practice problems,0.09613948801704453
second half,0.09602491100755728
posts week,0.09576750705299197
understand makes,0.09575715625100045
astronomy,0.09569843006349465
exam based,0.09533147846156709
took gen,0.09525395447660046
overload,0.09516508001316026
feedback gives,0.09501631648440778
proud,0.09465454460023004
access code,0.0942117692088349
week group,0.09393637242700414
hunt,0.09364378895101844
semesterlong,0.09322292152086575
person definitely,0.0930595048656393
social worker,0.09257176532788591
slides posted,0.09248405698685147
demonstrated,0.09247086642852764
analyzing,0.0923930100434891
regret taking,0.09232393478087886
group presentations,0.0922347822392684
didnt study,0.09197048001933084
biology,0.09116036069361932
play,0.09087886413437651
learning objectives,0.09078175146027512
took notes,0.09064322464929653
sfu,0.09064265615245226
day week,0.09014095918785614
forums,0.08999790710513977
semester project,0.08937163705031459
overall think,0.08816901895426277
filling,0.08768486411213594
books,0.08749521962748918
cumulative,0.08733813411635083
importance,0.08681202114144426
supper,0.08662476763308824
medical,0.08652544354096037
draws,0.08647759034171543
clearer,0.0864381283139295
theology,0.08604891213253651
capstone,0.08586670604062974
body,0.08576249942807657
pass read,0.085618292706652
evolution,0.08530568022444562
macroeconomics,0.08505614483025425
concept,0.08500085615001751
health,0.0849445392523247
guy,0.08449255176916282
prepared write,0.08445616768438313
rough drafts,0.08402350191973795
bar,0.08398802066388456
didnt read,0.08383079083129452
question quiz,0.0838038402685477
discusses,0.08378514280398797
supplemental,0.08360831114186063
lives,0.08344494265660884
strongly,0.08342760464191556
care wants,0.08321515643091182
sample,0.08311639507803825
people didnt,0.08291723873181311
coffee,0.08236796960432358
rigorous,0.08183655812912072
grader provides,0.08127864499076587
manages make,0.08110877403228756
met,0.08106590135104597
csun,0.08051742518871485
newer,0.08027488200353794
reading materials,0.07980072004949257
concepts makes,0.0795667499203816
guest speaker,0.07950711467251992
moderately,0.07942977804830242
hardest thing,0.07904999232478893
offering,0.07861661805955933
hour week,0.07826630475530294
vocal,0.07786708672758103
near end,0.0778166820427515
ive ive,0.07749478129086285
recitation,0.07733122949766802
make friends,0.07723784211350271
practicals,0.0771463802111505
theres week,0.07695754024026158
use book,0.07682453548154022
analytics,0.07619609771124303
read read,0.07618327318443008
times make,0.07616724913174622
paper write,0.07607663558087197
genetics,0.07605401638400622
granted,0.07559993587021907
semester midterm,0.0755785787659633
things learn,0.07517385041930424
tool,0.07462099480104101
study guides,0.07449850130984803
took college,0.07435801392457186
fluid,0.07415606108851236
pass final,0.07343400953817891
statics,0.0727927733839362
study textbook,0.07259904675870921
guides helpful,0.07226574734106705
downfall,0.07207513757236583
purdue,0.07196147817473175
doctor,0.07180314800350907
morning,0.07134807756064987
come office,0.07039332710768242
worksheets,0.07030832923805619
clean,0.07021371569666357
cat,0.06996988731339826
regularly,0.06974036661237015
chapman,0.0696501269154215
freaking,0.06964647623503417
hes looking,0.06939814900505858
learning content,0.06866295085649021
week make,0.06836506931084685
topics covered,0.06764080526187399
understand taught,0.06741937305598356
writing assignment,0.06724377001320292
practice test,0.06708756336969834
simpler,0.06531361642778144
learn different,0.06476024881147069
clarified,0.06465738459591108
points exam,0.06412844766136239
plus final,0.06379576829776745
week weekly,0.06369706274341524
advisor,0.06355249486683157
character,0.06347010198312653
clinicals,0.063361706761496
raise,0.0631950046414822
minimal effort,0.06296875603848662
readings gives,0.062430004263482886
typical,0.06073745605785419
city,0.0605800169361963
sure got,0.06040300403638099
chapter,0.06016186662974743
construction,0.06008876502802707
required readings,0.05998569105676488
lots readings,0.05934709358471757
geography,0.059049943434857255
csu,0.059036215424407956
bad make,0.05892384742135093
feedback rough,0.058646212621090044
summer term,0.058586556999728145
note taking,0.05818621721265593
application,0.057235297705640065
teaches shes,0.05650744309868294
knowledge,0.05636816157545166
fits,0.0557680207564335
profession,0.05538556951070106
notes notes,0.055230469256475345
weather,0.05453473191459679
textbook notes,0.05428323570655458
bought,0.053723777693669206
things hes,0.05351189578829718
themes,0.05307075605425382
collaborate,0.052832395224626794
situation,0.0523070604180198
increase,0.05210031582334018
components,0.0518436290583999
imo,0.05117021875940608
explained,0.05110381301313094
nursing program,0.05108163890458961
allowing,0.050983547641076044
designs,0.050880771111909695
papers writing,0.05078695247725484
bulk,0.050544020211471974
neuroscience,0.05027599018588802
accomplish,0.04964402449005334
classes make,0.04933621960794987
purchase textbook,0.04927777784760501
journalism,0.049262725821574094
reading,0.04922716317136455
smart,0.04876203485742625
assignment clear,0.048741477388647425
continuing,0.048616373324046336
chapter read,0.048395888088641925
student needs,0.048324795948513355
important topics,0.04818463412791374
summary,0.047927237049700366
tell need,0.047925558519610334
honor,0.0468567852981856
easy think,0.04603029005273562
delivering,0.045607070984772236
reach,0.04535164375866518
ive,0.045280319677009295
miles,0.0450568837965708
individuals,0.044884268981759234
try make,0.04475291419958083
reason didnt,0.04383065517637341
test multiple,0.04363055714296493
study materials,0.043466425418325016
happens,0.04340993969073281
thoughts,0.04325874462837653
calc,0.04270284044564221
join,0.04244656124624946
graphic,0.04235105547129159
proved,0.042180038336534054
sophomore,0.042040028055099654
sweet lady,0.042037056941488515
community,0.041292842236789085
credit make,0.041108829026029525
recent,0.04107276045056096
thermo,0.040752881639930294
notes powerpoints,0.040699132114797365
asynchronously,0.040319695075455186
make read,0.03953035762660129
contribute,0.039264903789101524
skills,0.038884360450479605
assigns reading,0.03886653914981153
controversial,0.0388421284109981
writing paper,0.038830864935800236
large group,0.03862182460224339
instructor ive,0.03859653077958214
college,0.037903687214090986
corrections,0.03779943912527273
test reviews,0.03779170285390521
bad math,0.03732935484605626
ethical,0.036353119819054314
isnt bad,0.03600184502479209
review,0.035974015612826094
enrollment,0.03581611300705667
curveballs,0.03568536944177225
shes extremely,0.035201906531872496
education,0.0349857484820717
strategy,0.03485921227782107
goes examples,0.034614407836015104
mgt,0.034542976762287125
based attendance,0.034389540629220505
week quiz,0.034380190653219955
theme,0.03423148372221796
semester recommend,0.03392766852913098
general,0.03360684138547043
span,0.03359268806439175
guy best,0.0332384292105985
service,0.03284786803759587
excel,0.03265137276694574
god bless,0.03257500974260097
grading gives,0.032468095774921935
reliable,0.032047641277818784
equal,0.03196869161887328
rewatch,0.03183527592544522
obviously,0.031824116850785344
group projects,0.030792411016811627
prep,0.030567807048498707
training,0.030566456695508393
proposal,0.030245525565279152
student feel,0.029596292988538053
pour,0.029231647317397247
maths,0.02917252011602045
thought,0.02891555986382155
timeline,0.028778155469506572
stat,0.028348517336835855
condensed,0.028305303797885983
clear syllabus,0.028201948766835017
little effort,0.028102247319626628
reading quiz,0.027404595855605507
mais,0.027363182561257915
watch videos,0.027135179494038653
week test,0.026753952784767776
uses textbook,0.026715314856073036
mba program,0.026660738844212162
hell make,0.02663786750501984
completely changed,0.02653365488526127
got better,0.026472500531026455
completing,0.02624034017529553
sure people,0.026069780274340815
syllabus clear,0.025676556337980827
suggestions,0.02557307767725092
experience,0.025375934733322225
beginning,0.024991172327864852
chapter book,0.02480823479900529
ask extra,0.024706089008061483
learn actually,0.023256269678983088
introduces,0.022373688770866096
participated,0.02224853942576921
religion,0.02178918563168608
testsquizzes,0.02174016322719119
attendence,0.02113314931108512
biochemistry,0.020833779026578014
order understand,0.020188617536142317
knew talking,0.019279807599849264
unit,0.019246779286786975
prelab,0.019180953803450862
grasp,0.019005899965007345
read gives,0.018330844960992465
african,0.018063162511047892
test extra,0.017979584714298724
architecture,0.01782254989853449
improvements,0.017450838513923372
recommend having,0.01737367834324388
sad,0.016113846046472702
visiting,0.015666276332090945
clear assignment,0.014930261710839332
guides exam,0.014795577010085381
developed,0.014467676600549595
doubt,0.014273651574695734
yall,0.01357164607846606
decent,0.013532952868669845
complete weekly,0.01314186316551691
basics,0.012690877621277963
lol,0.012387739957668842
discrete,0.012279514291673621
things make,0.012036885267674435
complain,0.011864704455572195
packback,0.010972173725187773
guy tries,0.0107986433640761
skill,0.010277222787816953
assignment quiz,0.009846257527090785
youre trying,0.009777599258946168
graphics,0.009696635512669971
project heavy,0.00950036611513383
perform,0.009316587285937317
sooo,0.009296208553390528
comprehension,0.008085107312117756
credit assignment,0.007808376545227702
tophat,0.007708864792117964
participation mandatory,0.007665786622853332
kinda,0.007499698927940557
write essays,0.006687184356858111
order pass,0.006685059887391986
test super,0.006521873304087933
air,0.006295166065189761
notes slides,0.006157418150060323
book gives,0.00575224452295231
important thing,0.005592788610757182
way explains,0.005538928946441146
makes simple,0.004935254539105927
study final,0.0048937302813030215
able understand,0.004867599355350194
credits,0.004858463707090976
procedure,0.0048199083452491465
penn state,0.00481265278878773
understand,0.004697464719362721
papers clear,0.004522327097856049
thinking,0.0039254536019299735
couple hours,0.0032756045264399347
session,0.0032401455374326815
peer,0.0031362912980696933
information gives,0.0029725625391048283
objectives,0.002724445000220399
easy wont,0.002448636366576551
points gives,0.0024428377708805016
genius,0.0021487291782129603
essays essays,0.0017933343720777373
parks,0.001562888401716478
want succeed,0.001227444796612076
lab,0.0010945579678187656
problem solving,0.000957190815853437
prepared study,0.00084333646272583
people make,0.0007853439688201291
answers email,0.00047467791487321165
workload heavy,0.0003853221995360201
models,0.00015080715977688897
primarily,-0.0001377503050523643
climate,-0.0001775595595443491
slides posts,-0.00022362481890958463
makes boring,-0.0005182378084445105
email responds,-0.0008753044821627753
overview,-0.0011999409753560286
answers emails,-0.0012913082672483256
classes want,-0.0013628058297108225
boring easy,-0.0015834371001535175
bored,-0.0016730680380501184
people understand,-0.0024512303500152655
perfect,-0.0025211817636243694
simplified,-0.003093672359693045
papers reading,-0.0032705760586448918
covid,-0.0033365702275585107
pushing,-0.003500162197225265
redo,-0.0035971109318495564
south,-0.0036346940247966586
review session,-0.003924992783250758
providing feedback,-0.00396283887570803
planning,-0.004012797580225325
express,-0.004033417538547468
coursework,-0.004176858213611467
exam problems,-0.0042060334350679796
phys,-0.004333506453216174
asu,-0.005107460560942911
understand way,-0.005326392240110778
case study,-0.0054016545735535715
english,-0.005819325810757725
upper level,-0.00589269239314838
rec,-0.006085450708305018
youll need,-0.0067887114583253805
extensive,-0.00722036052637165
focuses,-0.00723131941554378
ground,-0.007242708907750028
allowed use,-0.007516766459277235
feel better,-0.008038558326806111
prof ive,-0.00805380404455569
load,-0.008978480893279794
wiley,-0.009526556525935703
respectfully,-0.009693257940428524
ideal,-0.009822994335474178
assignment end,-0.010048261358313937
countries,-0.010200253635900935
guide,-0.010210812747108555
wellness,-0.01039822139436275
second language,-0.010574719669589783
book final,-0.010577820965222529
listened,-0.01143559976159736
hws,-0.01201910967844988
recognize,-0.012185613113485871
concepts taught,-0.013219670360481217
mastering,-0.013847432056504516
pacing,-0.013990100133698391
state,-0.014255388915607625
uic,-0.014394218852867624
typically,-0.014667274361249483
taught way,-0.015224452271681344
problems gives,-0.015263997104446148
classes got,-0.01548626375713269
presentations,-0.015656212634690192
task,-0.015840703581250892
taking shes,-0.016514887233917364
visual,-0.01739435987697391
penn,-0.01750007373559903
hes probably,-0.017515833157169425
ecology,-0.017837139143624725
gave practice,-0.0180048006197282
dig,-0.01838624159887381
reading papers,-0.018401004831197554
teams,-0.018827465101280083
court,-0.019074439656044717
studio,-0.019089026366732043
learn content,-0.019108947247257646
studying,-0.019559561230442668
susan,-0.019769339286682452
supplies,-0.020113798013291273
timeconsuming,-0.020416845200220024
created,-0.02061524404094861
data,-0.02074070996208377
honestly didnt,-0.020978228991012315
hes talking,-0.021257588301583752
relate,-0.02127604933881244
main,-0.021418519850863404
expectations grading,-0.0214350909922274
having,-0.02147040329181138
graduating,-0.022061010092695454
cal,-0.023196688318066094
home,-0.023480002431989888
freshmen,-0.02348707102874492
read text,-0.0237102448002382
look notes,-0.024190542620901923
beginning end,-0.024364100504877584
simulation,-0.024397575155051143
textbook use,-0.024398921901299886
weekly modules,-0.025276395671138374
management,-0.025394703268226237
dynamics,-0.025978194998927506
aspect,-0.026122560388778027
better person,-0.026393491440313
teaches hes,-0.02656087498993287
term,-0.02658109584468349
pays attention,-0.02693089071724941
issues,-0.02706805452947414
harder classes,-0.027226894202771135
student learning,-0.027272026341069733
gives super,-0.027805515911564882
accessibility,-0.028145070750035472
viewpoints,-0.028880763975324797
actually learning,-0.02922095394351132
concerns,-0.02978922270400375
looking learn,-0.02992583508954283
poster,-0.030287792404129377
rent,-0.030325193290282826
working,-0.030594595490953225
butler,-0.03075541525388381
electives,-0.031132020355700618
algorithms,-0.03224439079150798
make missed,-0.03236301499373795
corona,-0.03264044502558683
hours makes,-0.032923621961296945
impacted,-0.032983619989698454
accepted,-0.03301134708682696
try hardest,-0.03340220288460927
grader papers,-0.033861244065933604
reviews gives,-0.03392221604800483
recommend especially,-0.03417905421685852
final,-0.03419667047047792
learn recommend,-0.03424768647031229
participation based,-0.034323545499244545
formula sheet,-0.03480421814135326
design,-0.03521819192603104
manage,-0.03532118625127367
buying,-0.03579757660875771
groupwork,-0.03615081605606285
big deal,-0.036532907352606614
able answer,-0.03655004207168311
grader follow,-0.03756527026275158
abilities,-0.03778258969890125
science major,-0.03802705686096708
firstyear,-0.03819788273282043
nice tries,-0.03860037649275405
grader shes,-0.0386260772270397
textbook heavy,-0.03904096188776052
theory,-0.03908410129153239
prepared read,-0.03940324459445499
soft,-0.04058011118851468
hes hes,-0.04086170048768345
follow,-0.041029034076661475
wished,-0.04104106607723601
clear criteria,-0.04127429318053366
zoom,-0.04173489020492838
classes feel,-0.041874317765502767
taking,-0.04199179634115158
watch,-0.04247179476304641
read chapter,-0.04251734556854814
mastery,-0.04279589529066996
lovely person,-0.04290749842816943
useful feedback,-0.04326973485877872
doing great,-0.04405543940555212
currently taking,-0.04428950914387464
walking,-0.044335394966688924
pass recommend,-0.04435044461471449
direct,-0.04460992442787237
notes makes,-0.04463673036790361
semester makes,-0.045044142996816916
lab gives,-0.045621912828003985
entrepreneurship,-0.045990132043435494
starting,-0.046644876253710166
learn,-0.046955604922742644
animal,-0.04697126466726331
notes follow,-0.04698413697580328
different classes,-0.0473397144786496
transferred,-0.04751958699041836
cap,-0.04776157800869818
need watch,-0.04785736327691836
honestly,-0.04820773164228953
labs,-0.04870170392453854
article,-0.04906246153293736
research papers,-0.049081632752896454
goes problems,-0.04952801444864363
week final,-0.04956244772440144
learners,-0.04979578422168096
heavy reading,-0.049806357966081904
eyes,-0.049859569500664946
cours,-0.05058285483415759
moments,-0.05086139434975401
ive taken,-0.05102156338780883
exam study,-0.05112197498475268
year,-0.051209171521310104
struggle math,-0.0513017058503209
textbook helpful,-0.05132078462195011
create,-0.051414347137454186
couple weeks,-0.0517548542138222
carry,-0.05175849674415112
load heavy,-0.05242859993476934
lab week,-0.05256178167605263
clear wants,-0.0530339860081277
college classes,-0.05304711390958161
homeworks,-0.05346120610921723
wants teach,-0.05403780840873651
especially,-0.0551787874103562
gives ton,-0.055326627074052226
learned semester,-0.05597113804095244
selection,-0.05600477485118205
remember,-0.056432859600850094
papers read,-0.05647567998694214
learn concepts,-0.05655705963890867
gives weekly,-0.05691995523583948
appropriate,-0.05706516877686241
mock,-0.05717796065352587
adjustments,-0.057664581462546494
personally think,-0.05789706936440098
efforts,-0.058157381236515704
clicker,-0.058403623862279375
test review,-0.059103568733787526
ceramics,-0.059309321863219466
best advice,-0.059551365508614396
sunday,-0.060159367654108564
emails day,-0.060542651081037846
carries,-0.06066590993540544
walk away,-0.06116208880432161
tell,-0.06123159623775898
want read,-0.06132003252614204
differential,-0.06136692477569383
cell,-0.06159184416966923
woman,-0.062269901934397964
grasping,-0.06229957794028351
assessments,-0.06273085688227553
graduate school,-0.06294800830844949
acting,-0.06481583195526852
layout,-0.06506701133205617
college experience,-0.06579077185442905
excitement,-0.0661344217848594
stuff,-0.06632035017951488
returning,-0.06681541216918419
caught,-0.06704194794575002
classes gives,-0.06729904027202238
rock,-0.06810994358739642
soft spoken,-0.06817072139016211
machine learning,-0.06907168359680149
lab manual,-0.06914910353866865
hes guy,-0.06962049998437791
end week,-0.06962229392956942
outside school,-0.07008049324651822
explain concept,-0.07037276095352318
papers little,-0.07048071681416168
forms,-0.07099078195015096
sweet man,-0.07187908088191541
long project,-0.0723692799973783
wishes,-0.07250656911956099
week weeks,-0.0728624755603633
story,-0.07301009409497539
required,-0.07326033529171738
midterm,-0.07326036777971545
personal,-0.07379731842705173
additional,-0.07445446355291807
purchase,-0.07538964682792226
hearing,-0.07539395906822222
wouldnt say,-0.07547212636990785
drama,-0.07569587452221782
difficulties,-0.07625271788581856
test group,-0.07636334448050164
arguments,-0.07657255006820307
bump,-0.07657860214483314
slides canvas,-0.07657887669129515
memorization,-0.07671415911806179
clearly knowledgeable,-0.07680471746166795
took pandemic,-0.07765359041639286
turning,-0.07779939793599944
house,-0.07791079478391971
letters,-0.0784581381128131
gives gives,-0.08049215438009938
semester final,-0.08077666261591432
productive,-0.08157758450608554
event,-0.08163871056984107
soo,-0.08173937409917542
used,-0.08180754132162082
funny times,-0.08200936062669051
block,-0.08264232782465974
obtain,-0.08266444981584087
performing,-0.08279441664898002
les,-0.08313121314772332
people participate,-0.08340138535661268
buy,-0.0849113206955927
heavy gives,-0.08507522467375495
fast paced,-0.08512484645666873
considering taking,-0.08539464228308447
mid term,-0.08546825947517078
reward,-0.08579414211777348
learn information,-0.08650254738069485
passable,-0.08657428447551041
planned,-0.08675058474615582
want easy,-0.08691927626151141
make want,-0.0870616476393895
supporting,-0.08715423018852597
boring makes,-0.0872596977932556
earlier,-0.08762583377576938
points attendance,-0.08773157259491526
performance,-0.08823230217067035
black,-0.08879431964824036
plans,-0.08885766700722897
follow grading,-0.08887990935732404
grad school,-0.08907729402721642
precalculus,-0.08937330014829037
ask feedback,-0.08948867571523422
semester,-0.08961139260112017
learn use,-0.09012466064397628
survey,-0.09019519593241654
constructive,-0.09100202552038184
graphic design,-0.09180967151647579
strict deadlines,-0.09228007366120572
feedback paper,-0.092672150842116
exam quiz,-0.09350819359099027
papers projects,-0.0940272393866124
presence,-0.09405164208511785
credit given,-0.09426570827296388
primary,-0.09455290838355523
friend,-0.0946089426918828
end quarter,-0.09498305975001564
professionals,-0.09546666951640859
new,-0.09551248568326542
interpersonal,-0.09555637752977297
study wont,-0.09586079347628562
prepared lots,-0.09590390925739456
easy worth,-0.09591575041460487
lay,-0.09605849162413094
right away,-0.09650294350926814
final cumulative,-0.0969665128621422
chunk,-0.09701496655507036
important things,-0.09708633905647979
loves talk,-0.097446663332315
arent,-0.09756762210053616
taking summer,-0.09765170232955711
multiple choice,-0.09777523630229012
knowledge subject,-0.09861739327971009
try,-0.09884048897872955
reading articles,-0.0993994105497027
final draft,-0.09961635793237278
life,-0.09961819833649699
based,-0.09984896241100749
ochem,-0.1002014464748111
module,-0.10075497184283755
bring,-0.10094629446641612
face face,-0.10105902300266578
names,-0.10137793625609959
ask make,-0.10148106521082667
forum,-0.10212894800417516
realizes,-0.10322388047087827
required textbook,-0.10326547188854995
honestly say,-0.10377546247141467
final lab,-0.10381614731597111
important information,-0.10426362316074922
communications,-0.10536293510542016
conference,-0.10595893459623262
womens,-0.10601845628160511
earned,-0.10609992636051935
understand problem,-0.10626790792381868
esl,-0.10631852920987761
wanted learn,-0.10652894163666815
calculus,-0.1070483380586218
size,-0.10729362751671445
feed,-0.10743397816753664
content,-0.10773534329784429
hours study,-0.10777743099963466
generally,-0.1082595765836949
absorb,-0.10840872739546725
sem,-0.10845491326852397
things makes,-0.1086780934571685
points final,-0.1087288730288094
replies emails,-0.10908948993728451
benefit,-0.10919048754851346
paper,-0.10949272896758533
set,-0.10975577762034927
weekends,-0.10989627841335192
compared classes,-0.1105628557302154
learning style,-0.11076924780187447
person great,-0.11109881958063639
read textbook,-0.11128079147308512
surprise,-0.1117939522539011
difference,-0.11181246942314438
new concepts,-0.11183402794122443
say shes,-0.11195883806945517
thing say,-0.11249518686078908
ppts,-0.1129596994315154
focused,-0.11323680727691787
especially youre,-0.11350761534498055
spoken,-0.11375475776756616
materials,-0.11421527724780933
miss days,-0.11484876841021574
memorizing,-0.11519824396698297
updates,-0.1160392304968223
scripts,-0.11617212570621405
presenting,-0.1163595053590658
security,-0.11652119286722673
crisis,-0.11705023095531786
total,-0.1171208391963674
personally,-0.11757231999057538
way better,-0.11864863183229168
desire,-0.1188900609644481
modules,-0.11898125875009491
need credit,-0.11900827468725339
appropriately,-0.11953403577613386
emphasis,-0.11955474722046766
going exam,-0.11968251880320224
upper,-0.11984211311638937
sheet paper,-0.12061190255272436
projects make,-0.12090700846859903
present,-0.12104542548063968
answered question,-0.1211920917362157
meetings,-0.12122918542904237
bailey,-0.12128465365290353
quiz,-0.12157088305981834
peer review,-0.12180934668756471
exceptionally,-0.12215720700850952
making,-0.12229888586573967
philosophical,-0.12253194574389958
answers question,-0.12344792893151357
different way,-0.12393387290284785
weekly essays,-0.1240804483551603
final make,-0.12408285583499001
counts,-0.12431036266666773
managed,-0.1244952647999007
gave,-0.12475615340718349
try learn,-0.12606907924032562
reading reviews,-0.12656552211829286
watched,-0.1269027048852056
map,-0.1269173603193412
compared professors,-0.12756979708813887
test study,-0.12807217237807222
book read,-0.12813625061246015
lab portion,-0.1282914961107906
going,-0.12872596350591614
assessment,-0.12880955610529732
piece,-0.12893884157753632
gender,-0.12904689748930487
book used,-0.12907994609592244
rights,-0.1295223632473057
prob,-0.12957331664375893
gives essays,-0.12984544713429003
engineers,-0.12998896214189593
reflects,-0.130821967933338
leave early,-0.13100198579910582
exam final,-0.13105995789836555
shakespeare,-0.13110602022255335
say hes,-0.13145336908442928
assure,-0.13197177540049765
need improve,-0.13261474362730752
background,-0.13268819224503048
stars,-0.13282020644975212
tbh,-0.13354336898836117
pro,-0.13364539974132583
mcgraw,-0.13373768556332166
didnt use,-0.13435135184206537
points participation,-0.1347251751827745
final recommend,-0.1357699739034519
submit,-0.1357917866058873
improvement,-0.1361181030081724
final projects,-0.13630228188623228
pretty boring,-0.13660595446874702
topic,-0.13687614053966346
man,-0.13696081224667456
honesty,-0.1371135680921718
midterm finals,-0.137690179760261
adult,-0.13810975353575472
want learn,-0.139072197637633
learn want,-0.13996329973071298
retain information,-0.14008599874978067
graduated,-0.14086320724632273
hours extremely,-0.14088125356521886
documentaries,-0.14184218851250563
statistical,-0.14214283862986754
live,-0.14283111696014217
vibe,-0.1440082351125671
woke,-0.1440228965344197
attendanceparticipation,-0.1441027004387596
karen,-0.14420704704629372
recommend anybody,-0.1442302108529958
tho,-0.14436984200846936
papers tough,-0.1443803849053289
portions,-0.14480343535863405
sooooo,-0.14573470862651483
want study,-0.1457794997090911
gives credit,-0.1466757277779429
write notes,-0.14672854545428393
goes,-0.14699765446065083
rewrite,-0.14719813319025654
lab reports,-0.14735217141708468
make things,-0.14753468400055247
great reviews,-0.14766083491213244
highlighted,-0.14772107832586023
classes taken,-0.14798971591064713
study guide,-0.14828659423131807
friends,-0.14858068820609382
comp sci,-0.14884654915668527
walked,-0.1489101967156632
reviewing,-0.14933778077027604
encounter,-0.1495260787965247
everyday,-0.14973674833097306
projects papers,-0.14989593517107735
major,-0.14998270685851534
med,-0.1501198109182571
took chem,-0.15022948518011248
miss day,-0.15054577638450084
probably,-0.1510682841044444
complete,-0.1511109874578116
textbook read,-0.15126777599498453
ready write,-0.15128334254213094
bringing,-0.15134606146576246
force,-0.1521542888373375
bad review,-0.1524245496674297
experienced,-0.15294685703488575
hope,-0.15299624204607287
partner,-0.15393135597581065
prof nice,-0.15393489981357433
elle,-0.15431544211783788
readings week,-0.15444765893933265
social media,-0.15629513096345704
going make,-0.15680541298126904
section,-0.15724123079199792
picture,-0.158489175345931
linkedin,-0.15872155431968338
trouble understanding,-0.15888737147732002
cengage,-0.15944584051853994
want understand,-0.15959636003683997
complaining,-0.16012409227271363
flexibility,-0.1602982303868199
understand hes,-0.1603126935243484
textbooks,-0.160433859172457
units,-0.16057224139253634
prepare exam,-0.16092529488574314
skip,-0.16130724565164645
native,-0.1613452580544621
think easy,-0.16148152751377864
common sense,-0.16207662245310317
explaining things,-0.16215521727845328
packet,-0.16280010167586667
office hrs,-0.16346003823180055
lab practicals,-0.16385323568102628
boring gives,-0.16390244712519753
hat,-0.16407147144189338
decision,-0.16408894122907647
norm,-0.16427969171186874
authors,-0.16485002114982095
retain,-0.1648660808021667
age,-0.16576037019065382
reviews,-0.1659389118767507
grader make,-0.16597747346086678
possible,-0.16607182959277544
hes tough,-0.1660902699296649
introduction,-0.1665531369722686
nurses,-0.16715535105097246
quizes,-0.1671906333254327
lab lab,-0.16769418577344375
technique,-0.16805749577669715
gen,-0.16829532663765256
past years,-0.16839084554541017
youre paying,-0.1686482090245942
tasks,-0.16891267975780266
way learn,-0.16929912110181533
better,-0.16968066719988784
worker,-0.1699459121401432
vids,-0.170592680456096
expert,-0.17069687484698548
buy book,-0.1707474637129316
read notes,-0.17117218479178398
credit recommend,-0.1713640553922282
suit,-0.17169560384956917
groups,-0.17177628460653693
habits,-0.17187663575147738
async,-0.17195356882463564
incoming,-0.17207602219301066
quizs,-0.1724022197109054
feedback final,-0.17286586399089998
think,-0.17291211611788349
practices,-0.17302041095443244
logical,-0.1733148748923785
complex,-0.173510225011551
social issues,-0.17352166108242173
thought going,-0.1745536423552796
reading books,-0.17494327776100604
recordings,-0.17524077934988824
showing,-0.17530662764865035
standard,-0.17533115267727517
student,-0.17553265986915711
produce,-0.1758192998510122
notes textbook,-0.1764728334683916
essay,-0.1767373818933411
need write,-0.17816130577907607
seriously,-0.17816493580267068
final end,-0.17878190105327008
rhetoric,-0.17895072032674264
week readings,-0.18004450964904528
centered,-0.18016929615918897
sql,-0.1808336972894633
start semester,-0.1819580210407885
expect read,-0.1822614263779183
lab section,-0.18231753567723175
things shes,-0.18303641279804772
dense,-0.18343409629016172
held,-0.18358490772801161
moment,-0.18371258264724233
turn assignment,-0.18431387037916735
end semester,-0.18472064737936922
cases,-0.18519488534646378
hes nice,-0.1858674338452655
portion,-0.18675093514527674
looking easy,-0.18737811392794157
schedules,-0.18762132337456627
reading notes,-0.18771130132996916
recently,-0.1879210860385232
read,-0.18794665930001653
reports,-0.18802701974167668
page papers,-0.18830567155677969
lead,-0.18942426946177449
faculty,-0.1896740733188551
retake,-0.18988604993167257
accomplished,-0.1903642389072857
edit,-0.19058807355443363
terms,-0.19059621916251857
way teaches,-0.19080665562682775
impressed,-0.1908129988845193
ive years,-0.19087995017597592
final final,-0.19103843535222964
recitations,-0.19132929457008352
normal,-0.19147273782320617
way gives,-0.19158751494538606
view,-0.19208712258865823
door,-0.1923520761349895
fully,-0.19291763200823375
access,-0.19305737771059306
remind,-0.19456844584321864
conflicts,-0.19458136441164875
easy feel,-0.1956631018933308
quarter,-0.19567067520201675
bright,-0.19622696873541834
learn math,-0.19645514911247375
exam make,-0.1969658308485105
midterms,-0.19726207965332776
understand whats,-0.19756178030458216
hidden,-0.1993055450891532
navigate,-0.19939269997541942
instantly,-0.19941956595404164
taking gives,-0.1997592127268053
pandemic,-0.19988919607015632
religious,-0.19996003909376547
mcgraw hill,-0.2004767436840158
andor,-0.20059388048151838
utilized,-0.2007631714961331
different topics,-0.20084707412329372
understand ask,-0.2010657445725741
contains,-0.20137340068461107
week read,-0.20143529179918396
looking,-0.20231465854834152
group assignment,-0.2025822924957943
textbook mandatory,-0.20273276292033948
assigns papers,-0.2032928794125919
setting,-0.20366179588099165
base,-0.20386104029184793
articles,-0.20424377521906933
included,-0.2043690361783046
let,-0.2046042195345903
fear,-0.2056692621241183
clear guidelines,-0.20570922593332597
length,-0.20596710787912187
programming,-0.20610777891767817
references,-0.2071859749032967
legitimately,-0.207359349535837
app,-0.2075360435139224
including,-0.20778087712760396
scientific,-0.2077909782607179
follow understand,-0.20791381511715912
abuse,-0.20805948895765702
problems textbook,-0.2083351539257201
maximum,-0.2096268463864277
youre looking,-0.20965859180147461
feedback took,-0.2097587577766653
decisions,-0.20984776248790027
raise hand,-0.2101602406483618
reference,-0.2107781588244073
ready read,-0.2110904338384305
brand,-0.2110912114268526
methods,-0.21190226878045415
vocabulary,-0.21210549186554495
choice short,-0.21211628404669902
ended getting,-0.21213887138359766
ready study,-0.21231268494254785
way recommend,-0.2126988829336831
ebook,-0.21280154939763207
flipped classroom,-0.21426693877458547
finished,-0.2146843003785559
rough draft,-0.2149486498022366
strong suit,-0.21534071872728866
iclicker,-0.21538938412765773
tells,-0.21641383636703448
draft,-0.21656472585473097
aced,-0.21712108353641568
ive come,-0.21723465605387204
curved,-0.21739424172131194
hours,-0.21831890065201787
twice,-0.21849338270162022
skimmed,-0.2189262695833296
past,-0.21911881971100122
book study,-0.2195515559977821
computer science,-0.2196045018109558
presented,-0.21966051216213955
comes writing,-0.22019068045868018
prepared,-0.2208574565815713
dept,-0.22097917708798143
doing practice,-0.22110058091531037
cpa,-0.22119171548983374
cross,-0.2216521344168214
final got,-0.2219250894311191
aid,-0.2221106817394194
engineer,-0.22219637466555575
write,-0.22227287924088124
final exam,-0.22238202296276555
absolute,-0.2224969607818208
cred,-0.22316011783779466
took calc,-0.22324167280422813
youve taken,-0.22356477919559836
fundamental,-0.2235808903444525
sides,-0.22413975583543966
took credit,-0.2242128081989101
lesson plans,-0.22457505698992897
miss miss,-0.22494011764447208
write says,-0.22499111378775716
consistent,-0.225160262287444
study exam,-0.22530186278952868
way set,-0.2265298402506719
necessarily,-0.22685864067987893
beginning semester,-0.22706653051081283
stretch,-0.22713809505851223
doc,-0.22725436093044138
outcome,-0.2274649374334743
demonstrate,-0.22804886816037495
input,-0.22831363499459556
puts,-0.2284908640279273
minutes early,-0.22938164795420946
mymathlab,-0.22941505100796178
follow textbook,-0.2296336724361563
mind,-0.22981315080477493
answered emails,-0.23055921268742985
btw,-0.23073419080422752
skipping,-0.23084945360629305
giving feedback,-0.23104542413624962
youre,-0.23106177906478553
absolutely,-0.23115657140647983
hall,-0.23115716669504494
difficulty,-0.23126299276787599
articles read,-0.23198726028691574
semester nice,-0.2322429396525294
busy schedule,-0.2322812249863535
thats,-0.23309418720740638
hand,-0.233249574643156
things need,-0.2334555135367964
fashion,-0.23351790108516113
based group,-0.23398122775274643
politics,-0.2342123797036244
adapt,-0.2344685884194302
curriculum,-0.23531664240273287
dedicate,-0.23538627681377022
indigenous,-0.235490004621699
inperson,-0.235553751694356
blunt,-0.23601598660811263
transferring,-0.2360340030202881
positive feedback,-0.2360970364623416
surprised,-0.23619218964165967
read book,-0.2365751171491306
moodle,-0.23661837606323743
consuming,-0.23670067796942718
chapters textbook,-0.23676551460837914
independently,-0.2368322343427849
emails helpful,-0.2369636613832231
pgs,-0.23722196336257362
slides helpful,-0.23731406991245763
fluff,-0.23755915824761864
range,-0.23766669972696342
taken,-0.23793154234332103
trouble,-0.2394131828003161
assignment final,-0.240144845890919
test quiz,-0.24065060112364378
terminology,-0.24074862047941537
video,-0.24110969889154799
shell,-0.24161559764605478
ones,-0.2423935924043885
person,-0.24302197461029973
introduce,-0.24328314125364692
america,-0.24331951242981553
print,-0.24338692980059484
critical,-0.24356213847817365
papers based,-0.24364690493310093
packed,-0.24368972751898355
handle,-0.24374976699066409
falling,-0.24381926110445917
think shes,-0.24415659252335686
selected,-0.24445686080535012
pass exam,-0.24449154023892916
replies,-0.24449794309277806
focus,-0.24517351514175445
lawyer,-0.24524637339981226
early semester,-0.245268754041021
answered,-0.24549006178684252
capable,-0.24550642806773837
best friend,-0.2458991141467024
quiz reading,-0.24591485569698968
times understand,-0.24599950136314597
saved,-0.24620112388041093
setup,-0.24679597560690425
youre ready,-0.24693516954003591
regardless,-0.24785108257089483
brain,-0.24790190748765895
break,-0.24792176717987857
catch,-0.24811556615605568
pearson,-0.24822091052925543
textbook,-0.24912031017635972
better professors,-0.2499472205348212
lec,-0.2500269797631596
naturally,-0.25033999586356614
connection,-0.25040604774476805
conceptual,-0.25042449028594227
grader gave,-0.250501251188453
plan,-0.2506241554071629
confidently,-0.25078307678614564
pronunciation,-0.25090409480747944
mother,-0.2510804192922631
lab report,-0.2513593751486951
international student,-0.2517522000756731
python,-0.25218469141198696
feel learned,-0.2528465183913937
order,-0.2541969015036383
critiques,-0.2547546001146088
parts,-0.255094806397004
frequent,-0.25511141884087074
demanding,-0.2559166938871833
didnt pay,-0.25617166135664426
nice grading,-0.25641399664441344
upper division,-0.2567912888476318
emails timely,-0.25683821969993126
blow,-0.25787923175369976
revolves,-0.2586008710398726
covering,-0.25863872859851966
hint,-0.2596180398118815
gives week,-0.2598578205839086
try understand,-0.2603788826936313
family,-0.26069656269760877
bad hes,-0.2620787057430256
leads,-0.26216989359557274
version,-0.2628087196959559
end,-0.2628605220232556
ill,-0.2633698893081142
goes long,-0.2640188554607512
register,-0.2649074746154838
slides study,-0.2654454499980563
taking prof,-0.26548038272549235
watch video,-0.26552775307522225
signs,-0.2655367514619389
learn stuff,-0.266046423289076
ability,-0.26612298389758493
read understand,-0.2664672775779895
listening,-0.2669164176547305
exam scores,-0.26717951476146773
little,-0.2684389200950683
week study,-0.2686222350033951
group group,-0.26874921045845745
health issues,-0.2697215442943879
ask shell,-0.2703815955382112
heavy,-0.271119910232839
asian,-0.27116961740053647
precalc,-0.271673376178752
seeing,-0.27175195652399076
sensitive,-0.2719542046214798
core,-0.2721636457664012
start,-0.2722726834522353
based book,-0.2725646802314099
requirement,-0.27270738106449777
packets,-0.27276739909992465
incredibly,-0.2731825329715738
videos,-0.2731963252806464
gives reading,-0.2732832077201284
likes,-0.2733982007880078
zoom classes,-0.274289505255517
youve learned,-0.2744993155810267
pop,-0.2755849231522012
videos watch,-0.27657462197847593
explaining,-0.2768392769270873
seek,-0.27751902986399024
assistance,-0.27769928831430235
notes powerpoint,-0.27805450781713503
chore,-0.2781542131802439
assignment late,-0.2783923328301281
tries explain,-0.2784456415651988
ready,-0.27918337646670555
lesson,-0.28011887087678033
stressing,-0.28019467930671915
rough,-0.2807186473446954
reminded,-0.28072883868983034
meeting,-0.28107446224784205
week discussions,-0.2812184803303168
facilitate,-0.28172773677495755
academia,-0.2828941088146273
understand shes,-0.28311465073067055
recommend instructor,-0.28331843882398644
hes new,-0.2834243182002272
clarify,-0.2839779113653549
makeup,-0.2841638477863384
experience taking,-0.2843200442305154
zoom meeting,-0.2849793045320954
communicated,-0.28564208797477697
critique,-0.28693126125070734
slower,-0.2879238700371882
summarize,-0.2884826013459776
semester gave,-0.2885877622035622
takes minutes,-0.2886366189638867
webwork,-0.2888607073038276
nice shes,-0.28952016430536887
normally,-0.28980775810921067
artwork,-0.2898190843345514
commentary,-0.2903080136083567
week took,-0.29033671205373146
holding,-0.2904095948457819
deadline,-0.2910534459329952
staying,-0.2913634384421613
prof teaches,-0.2922043000423393
slides notes,-0.29267636441962885
bad overall,-0.29312428755255837
tutorial,-0.293254055437945
abt,-0.29350377231693336
arguably,-0.29360880044693083
random attendance,-0.29381755049393377
record,-0.2941493166059228
feedback ask,-0.29434796487869974
opposed,-0.29517012870025994
star,-0.2952190524543088
ask,-0.2955638676263259
attendance points,-0.2959738309398645
involvement,-0.29613368454595523
understand goes,-0.2963102239188835
ses,-0.2964823274595201
bible,-0.29657603138431377
teachings,-0.29669334142179693
rowan,-0.29695076571954715
silly,-0.2970126169424674
noticed,-0.2971874522439997
final test,-0.29719147149961955
abstract,-0.2978071698376201
checking,-0.297984083631448
friday,-0.29831546510155427
bro,-0.2983211004488009
number,-0.29836612948298047
week exam,-0.29854156256492637
make study,-0.298724746345572
interesting topic,-0.2994099913747732
memos,-0.29970380778484973
week,-0.29993264444781786
trial,-0.3000234410779967
planet,-0.30026921580505217
knock,-0.300462848982642
second,-0.3005631329034397
stress,-0.30105442309160235
plant,-0.3019543448412527
brief,-0.3020269630021506
schedule,-0.30209714965644885
exam end,-0.30266641109385795
heavy workload,-0.3026747165634571
late accepted,-0.3027628772077229
templates,-0.30285056918292774
library,-0.3034516363568258
familiar,-0.3034848995918029
boring hes,-0.30393650590597865
paired,-0.3042328903756122
quizzestests,-0.30438655011141336
post discussion,-0.304997192560009
book use,-0.3053143463634651
labs week,-0.30595067672245335
circumstances,-0.3061606432356978
handout,-0.30628667966691125
understand follow,-0.3067587116432282
clearly stated,-0.3069070754876986
problem,-0.307102479003623
common,-0.30772196209739633
unexpected,-0.30778039105737776
workbook,-0.30781485545088394
reach outside,-0.30791671551714295
end day,-0.3079783061487973
book,-0.30835263663980594
use,-0.30838066292644495
plants,-0.309664637358674
youre going,-0.31017376747922754
longer,-0.3108986191952958
read papers,-0.31131865129226277
chapters read,-0.31141306902528143
criteria gives,-0.31150109816561233
reflected,-0.3123858690728145
hes strict,-0.31240044927269395
assigns readings,-0.31321021635811874
emphasize,-0.3134680189770034
trying best,-0.3140810327444008
complete assignment,-0.31464209204914617
going life,-0.3147099145504839
concerned,-0.31535234024737235
strong,-0.3160086538304725
hell,-0.3162905070733526
compare,-0.3164239676744529
semester went,-0.31646823003346825
ive school,-0.3165636758750381
discussed,-0.31719018873653404
fan,-0.317458570981378
clear wanted,-0.3180347066885947
answering,-0.3181042528548037
provide extra,-0.3189354710120593
helpful way,-0.31910545501928667
equally,-0.3202548528110558
mba,-0.3203747990356778
passes,-0.32059631045150994
late policy,-0.32134451331358527
chapter test,-0.32156482694440314
edge,-0.32243462115144084
gives test,-0.3226974941286702
draw,-0.3228915288510912
theyll,-0.32363269011867146
semester extremely,-0.3236810860677295
potential,-0.32373155138393805
problems,-0.32389835529787714
explain topic,-0.32407259512312514
quiz test,-0.3242737708701551
piazza,-0.32433219123383594
large,-0.32492255240695656
animals,-0.32505650897965666
weighted heavily,-0.3250890921253493
feedback extremely,-0.3251320320129789
preparation,-0.32602768330156273
bird,-0.3264878697706308
machine,-0.3271863562089692
likes make,-0.32725800744969646
gcu,-0.32760035108510266
partners,-0.32797886230842543
expectations,-0.328436607733134
audio,-0.33090057167460785
making feel,-0.33131986301012617
formula,-0.3320310860589739
problems book,-0.33210819324351526
related,-0.3323678998413664
requires,-0.33259124367814064
excited learn,-0.33259952564966966
day test,-0.33289029838928563
appointments,-0.33296180463719693
devote,-0.3332535567611359
style,-0.33400354751514705
aware,-0.3341553992770976
info,-0.3346214168499788
people taking,-0.3351430616924329
understand people,-0.335172820969003
affect,-0.3354619294725829
tech,-0.335532075454811
drastically,-0.336641957836882
important concepts,-0.3375706757322092
brush,-0.3377096619666151
practiced,-0.33771702224719746
ted,-0.33795263792875474
soon,-0.3385266838743739
powerpoint presentations,-0.33870411854465665
thursday,-0.339112251429011
took elective,-0.34043312760880795
letting,-0.3406262428692344
tea,-0.34076462402949126
mandatory attendance,-0.34101259717759547
writing center,-0.34165620878948566
shes nice,-0.34201010210876515
speed,-0.34203605893761235
change major,-0.3421179025857537
completed,-0.34236902813568193
semester took,-0.3427878364019321
textbook practice,-0.3429403157735784
slight,-0.3430265122883398
strongly suggest,-0.34316370449315237
gives long,-0.3432188902065434
gives quiz,-0.34396106942233473
answer make,-0.34398105142831703
prof make,-0.3440869557445865
youre reading,-0.3445181383017104
quiz answers,-0.34497870631008887
final semester,-0.34632220538064296
chapters,-0.34645116182763047
let use,-0.3464940010878905
closer,-0.34663380439954494
basis,-0.3468307142403102
hurt,-0.3468908024121493
semester wasnt,-0.346929183647255
timely,-0.3475584139297663
lie,-0.34767229285938406
shes talking,-0.3480055598395211
fly,-0.3482230740424406
understand going,-0.3487350953396575
corrects,-0.35040021564942236
page essays,-0.3514436529116498
week assignment,-0.35202435298678125
weekend,-0.3521116713649004
log,-0.35236141071573357
manual,-0.3528262790296832
picked,-0.3531708527305941
points make,-0.3533213180572794
wow,-0.35350134955318246
computers,-0.353765787657645
white,-0.35406199527627535
understand test,-0.35418881151221093
passing,-0.3543252277703566
million,-0.3543953185452704
history major,-0.3552868776760185
assign,-0.35529742239025097
jesus,-0.3554603141776109
engagement,-0.35548961636288645
lengthy,-0.35580114225687254
wont make,-0.3558437218080517
images,-0.35599038013432427
person met,-0.3560592179823754
evaluations,-0.3565455941190496
putting,-0.356791532895663
explaining content,-0.35699554901015773
program,-0.3572417316570169
book pass,-0.35746485911618464
youll probably,-0.35749109354853736
youre stuck,-0.35842476546061697
decide,-0.3587413327914888
prof extremely,-0.35910204415594293
bad group,-0.3591593956165724
communicate,-0.35938407931558114
addition,-0.35947691896428147
understand notes,-0.3597755177183988
learn useful,-0.3602072053864074
foundational,-0.3604387803073301
equipment,-0.36166298792441154
missed,-0.3617725198196089
recording,-0.3618499119749963
choosing,-0.3619224533655441
speak,-0.362135454548036
stresses,-0.36238885078858374
super fast,-0.3626211568096327
prefers,-0.36312385733687336
breakout,-0.3636948038072809
text,-0.3639165208780728
people,-0.3643013489888016
chose,-0.3645904991438922
want,-0.3649212571399998
diagrams,-0.3649919314596559
getting,-0.3651367853030134
boring shes,-0.3659631765937199
undergrad,-0.36599838042931765
compared,-0.36657125221158715
driven,-0.366776981762964
professors make,-0.3672959110007685
clear rubric,-0.36750642297009684
prepare test,-0.36927092448383547
took years,-0.36962832625254194
determined,-0.3699316173945135
quiz exam,-0.37101096782927456
tons,-0.37102848953759615
say learned,-0.37119550319746253
isnt,-0.371195930755432
procedures,-0.37122556937208806
coronavirus,-0.37228610715530586
uses,-0.37249820624444396
easy tough,-0.3728156562409968
son,-0.3731452131970041
suggests,-0.3732057149221717
wary,-0.3734934533472707
wild,-0.3737225213651474
exception,-0.3742130131410537
respect,-0.37443853787889125
score,-0.3759595275182459
managing,-0.37648541502546706
buy books,-0.3765438710235429
adjunct,-0.3766897650936176
par,-0.3770910449798208
negative,-0.37737329633224803
taking want,-0.3782791723413066
intro,-0.3787779728564935
contents,-0.37933504111068395
thesis,-0.3793996916247018
responded,-0.3797907946256682
longest,-0.38021155707415133
long answer,-0.3806615525991308
awake,-0.3809097120872025
fault,-0.38117166187824125
matter,-0.38130638530552563
taking youre,-0.3813391439013074
therapy,-0.38140860756890227
make make,-0.38242399712940234
deserve,-0.38243824685726224
grader makes,-0.38351360049599315
cool person,-0.38367508996639543
feel,-0.3849358124731568
grading based,-0.3850266284389381
end year,-0.3853464908701856
assigned,-0.38569565857642907
night,-0.3857436816760238
grader essays,-0.38624441394222053
week write,-0.3862522826467547
facts,-0.3869386259125793
comprehend,-0.3872226617688561
actual exam,-0.38741129642597727
information,-0.3875670948453811
designed,-0.3875736092764832
youre supposed,-0.3880762938489646
rated,-0.38834063318397405
choices,-0.3888549939764445
suggestion,-0.3895448820077263
lowkey,-0.38954965526082574
logic,-0.3895595723464407
look,-0.38969455462229785
saw,-0.3897325212372511
aka,-0.38990002791516787
color,-0.3901538134335212
finds,-0.39067504960635446
issue,-0.39074321941575896
prompts,-0.39132653932893646
book test,-0.39147288137709246
academic career,-0.39173470262845633
manner,-0.3918480618085196
premed,-0.39196032416324833
better prof,-0.3919720016187913
textbook week,-0.39291071057729354
gened,-0.3929159778440994
gives group,-0.3933917360761363
correct mistakes,-0.39360207827810356
mood,-0.3938963538333553
times,-0.39401814883575703
things actually,-0.3941251049576504
sun,-0.3942384307951965
fast,-0.3943537006385718
interaction,-0.3944246402605138
teach need,-0.39453756105365656
make break,-0.3951928415528574
sign,-0.3953962686095238
hey,-0.3955548692875279
high standards,-0.3959729912168548
submissions,-0.39715596405048004
university,-0.39737042670279443
report,-0.39766329209325946
feeling,-0.39774470883703295
defined,-0.39855653599489216
liking,-0.398813257484786
test days,-0.39920433922747733
peers,-0.3997232161816946
argument,-0.4002395399892684
certain topics,-0.4004139245307172
following,-0.40103227953090226
backwards,-0.40136307824058903
book make,-0.4020354044698813
taking person,-0.4021761040299907
struggle,-0.4023602480621342
read syllabus,-0.4034283398094516
finish,-0.403515568310044
sure knows,-0.4043254009465578
currently,-0.4056749637111139
going school,-0.405971608869379
win,-0.4071545643671737
pts,-0.4073015665085862
interactions,-0.40747921131295683
understand doing,-0.40793575303880836
bore,-0.4081957865533319
classs,-0.40837696484390307
explain topics,-0.4087488673045687
wednesday,-0.4088997995847734
things,-0.40936300503676293
pick,-0.41176855845742644
higher,-0.4131084266951852
monday,-0.41317987782801247
page paper,-0.4137099001222033
game,-0.41404013052403243
final assignment,-0.41433835677296216
page final,-0.41443782851620625
intended,-0.41483313071621986
flipped,-0.4156143097313514
wanted,-0.4157211850723712
pdfs,-0.4160915759637973
formats,-0.4161321318930735
format,-0.4165359444591852
week lab,-0.4165620448799725
sends,-0.4167900075825717
suggested,-0.41683081424046087
sympathetic,-0.41779558822705276
soon possible,-0.41788088641750143
ive extremely,-0.4179699797599028
led,-0.4183288594269836
participation marks,-0.4186342596654029
pause,-0.41924068033002726
ratings,-0.4196315509305144
exam,-0.41963964579546253
mindset,-0.4201453172446392
reading week,-0.4205245028139011
pop quiz,-0.4212207078231085
understand classes,-0.4217791448560426
shell make,-0.42200898066569614
adds,-0.4222512557996012
mixed,-0.42263942884546424
changed major,-0.42301953229953426
graded based,-0.4231236718151692
grad student,-0.42391249637681483
formal,-0.42420504110347856
long papers,-0.4248717507906523
crazy,-0.42500513168956644
tutorials,-0.42635628977420126
gonna,-0.4264980987465741
database,-0.4270253178703953
confidently say,-0.4271706815625773
week takes,-0.42719035017643137
tas helpful,-0.4275453659654982
mental health,-0.4279664815653472
depends,-0.4280219167675483
switching,-0.42819204587556214
added,-0.4285050975513016
pull,-0.42877223109362284
wasnt,-0.42888375216579266
twice week,-0.4296638672243489
responses,-0.43002077692109353
significant,-0.43026953842531945
need learn,-0.43090799138680325
feedback gave,-0.4310519533752899
things gives,-0.4316168938640583
implement,-0.43180252643964856
answering emails,-0.4319372608913721
assignment make,-0.4323182193124655
favorites,-0.4325154368872397
guide study,-0.4325500855032036
book book,-0.43293098475211345
limits,-0.43320608653706927
ups,-0.43325249568145274
minimal,-0.43363702358087153
prepare,-0.43366203778334533
read week,-0.4337433804491866
page research,-0.4338125429662423
multiplechoice,-0.4339092262101918
numbers,-0.4340281575489193
preferred,-0.4351784209891534
write paper,-0.43530593807365037
makes study,-0.4353542882578516
cares little,-0.43590073251633044
end term,-0.4361392157309876
trig,-0.43735989027462807
came,-0.4375891372794314
able teach,-0.4381794143307065
frame,-0.4382929278607808
answers,-0.43870648675024615
omg,-0.43885681066937465
hella,-0.4389646384270005
probably hardest,-0.4390077275688107
happening,-0.43920500907466753
trying make,-0.44031459420294894
graded midterm,-0.441078200741277
honorlock,-0.4417891771173572
dry,-0.44185233829906245
powerpoints,-0.44254740266539017
taught,-0.4432146836729949
soooo,-0.443335218198305
responded emails,-0.44365346611187206
high expectations,-0.4442992861953279
mac,-0.44436972207847525
school,-0.44472540613873335
outline,-0.4448834045341883
let tell,-0.44532080233594584
graduate student,-0.44545297675325735
theoretical,-0.4459100031620835
rest,-0.44594154802735986
published,-0.44628634842834636
inperson classes,-0.4466803359305054
videos week,-0.44696492976017055
prefer,-0.44719536692565853
worksheet,-0.44761195001616016
comes,-0.4477415898020922
youd,-0.4477960821684235
des,-0.44878236346271017
given week,-0.44910544442052824
youve,-0.4491552368342262
tells study,-0.4494784983042681
years,-0.44959528134974835
different professors,-0.4502308398177295
heavy load,-0.45059578178021376
understand wants,-0.45088677062878446
places,-0.45094152209833105
attended,-0.4509818405549133
kind annoying,-0.45111397608928705
anyways,-0.4519160479522206
feminist,-0.4532654276782786
choose,-0.4543178969308945
knew,-0.4545061677709272
prerecorded,-0.4545876964632676
whats test,-0.4547807935787347
proctored,-0.4548138360415894
describing,-0.4552004256913129
pulled,-0.4553482560088682
werent,-0.45587474675626005
curve end,-0.4564929695031896
based final,-0.45661111425825496
textbook problems,-0.45662875800583613
seeking,-0.4576235686510266
went,-0.45767803801970874
upperlevel,-0.45796240320020054
account,-0.4584758391773729
understand extremely,-0.4589692966199852
test answers,-0.4589776593818442
instructed,-0.4593867391401787
essays graded,-0.4600652920166688
thinking taking,-0.4606648282944228
chapters week,-0.46159509988261505
worth,-0.4626289389965832
let retake,-0.4631861885139088
company,-0.4643832962376031
interesting subject,-0.4644082080276455
quality,-0.46499184062668597
heads,-0.46505386613427646
long essays,-0.46559497716705245
trust,-0.46561707106688743
information learn,-0.46572714853440544
anxious,-0.4658950134006492
textbook didnt,-0.4666957483534979
level difficulty,-0.46728451935431536
openended,-0.4674707429677305
nice guy,-0.467991111251413
audience,-0.468226860805931
academic,-0.4684924189253472
responding emails,-0.4686892258314632
amazon,-0.46884733836348147
person classes,-0.4691778391438213
apparent,-0.470102858706376
takes seriously,-0.4703408138010037
short period,-0.47046390998336385
late gives,-0.4707616410140947
timely manner,-0.4714255913342349
way pass,-0.4718051984423344
test,-0.47197625850534397
didnt feel,-0.4725041166399251
quarantine,-0.4725465162153757
cram,-0.4733841831927865
notes wont,-0.4742615106207584
day,-0.47460817742379646
youre taking,-0.47474858301019474
quiz day,-0.47482412727022805
members,-0.47483822843025614
example problems,-0.47497807155296634
got,-0.4751171434820334
watching videos,-0.47538123111335473
makeups,-0.4755834792439195
youll better,-0.4759511920783641
struggled,-0.47607765982521677
suggest,-0.47609210168604843
occasion,-0.47632711483556456
relative,-0.47707137940573396
paper week,-0.477188872400788
entering,-0.47752844507818715
havent taken,-0.47759505877024644
jobs,-0.47760895616233334
expected,-0.4776933348735435
cuz,-0.47784479169614613
realized,-0.4783826443635064
test day,-0.4788483967505801
regarding,-0.47926894006094223
offer,-0.4800176832209413
download,-0.4800327037090302
taking recommend,-0.48032959765274974
points test,-0.4812819753379447
power points,-0.482010728847861
legit,-0.4821548774545512
majors,-0.48246955135680025
race,-0.4827295916895906
pre,-0.48317922318609874
stay,-0.4837256000398238
water,-0.4844970274260394
partial credit,-0.48474554649418344
face,-0.4851560700048534
whats,-0.4853813287577218
giving,-0.4865036981002495
notes understand,-0.48702357645744954
grading expectations,-0.4882920446458865
write essay,-0.4883725514654831
shot,-0.4890090663479576
youre getting,-0.4890127694206683
policy,-0.48909347027082006
exam recommend,-0.4893979755291369
meticulous,-0.4895221114160311
began,-0.49007003977692065
extent,-0.49011927822154533
week recommend,-0.49032887933019076
followed,-0.49035904610318326
playing,-0.49041262941077335
largely,-0.490688358362263
motivation,-0.49095960918073445
obvious,-0.49122071949096835
grader,-0.4913770631008516
junior,-0.4927560403600868
easy extremely,-0.4928736303392167
hes going,-0.49297197146743876
reviewed,-0.4929771172030506
week week,-0.49402931547111706
happen,-0.49412189806192686
grace,-0.49523880848495416
sections,-0.4962807127611981
opinions,-0.4964666016853929
youre doing,-0.4968011599676352
women,-0.49924568289074855
gets way,-0.5001467246575739
concern,-0.5002108128620151
ready learn,-0.5003047366305466
researching,-0.5003347266066953
representative,-0.5004822040629229
ran,-0.5006823107454395
attendance policy,-0.5012503495970719
tired,-0.5012811904910262
youre writing,-0.5013168760515789
hold,-0.5017693252410993
feedback tough,-0.5021516215138089
page,-0.5024283577334261
helpful asked,-0.5029275006112268
person shes,-0.5031307926465676
don,-0.503604392140522
clear instructions,-0.5038943872470387
division,-0.5039458148801153
thank later,-0.5039507644917371
results,-0.5046315239203487
appointment,-0.5047401755438194
ive heard,-0.5049512736695743
missed classes,-0.506131244930863
strict attendance,-0.5062896023488932
hours long,-0.5065692607384094
say,-0.5070522798416173
web,-0.5072078358487406
paragraph,-0.5074116472701569
signed,-0.5085473883190463
emails overall,-0.5095529139287436
majoring,-0.5097175249092007
potentially,-0.5107915995649179
likely,-0.5114435179453167
context,-0.5114439890338804
fix mistakes,-0.511763866786298
submitting,-0.5119402713808441
elective,-0.5123210556256623
truth,-0.512531492647744
educate,-0.5129395667709407
tough,-0.5131455131255072
burden,-0.5134272521198628
scientist,-0.513601072714728
took different,-0.5142242031925246
classes extremely,-0.5143452245440514
distribution,-0.5143922614261474
chosen,-0.514647862956128
showed,-0.5148113653529576
gave week,-0.5148880884081812
hours outside,-0.5151592858116185
solve problem,-0.5154857549525325
taken college,-0.5157926918860056
answer wants,-0.516242393753064
theres way,-0.516410935703659
hes smart,-0.5166553565721053
things learned,-0.5170097991282994
stuck,-0.5174953790205414
deal,-0.5184870420579557
option,-0.5189493325392913
leading,-0.5197305764591427
points end,-0.5197844354304753
way,-0.5201705846848963
college career,-0.5202632201042476
programs,-0.5204308160296485
wait,-0.5204657320356318
check,-0.5206431512151575
fast pace,-0.5209799042928669
template,-0.5212684936688063
scores,-0.5213636661065628
minus,-0.5214069906061116
chapters book,-0.521510883283975
gives papers,-0.5229223559822689
include,-0.5237682003573596
partial,-0.5244641514642936
matlab,-0.524551865032409
want write,-0.5253043582613941
leave,-0.5257824387098733
essay week,-0.5259225714018445
proctor,-0.5261416225376774
professors care,-0.526322330066904
make test,-0.5264667958216389
study book,-0.5266721503677658
moved,-0.526819824683626
way taught,-0.5268678140999867
marker,-0.5276037728159952
test knowledge,-0.5290533843560024
content covered,-0.529120799509128
responding,-0.5292311448908578
reached,-0.5293021043402746
virus,-0.5294641619552483
ted talks,-0.5311645167864931
prepare final,-0.531266338032168
type,-0.5315470841460277
carried,-0.5324222469650355
solve problems,-0.5329875841600025
interacted,-0.5330519920315453
fell,-0.5332760129789236
lady,-0.5332988620164496
fond,-0.5338572037623788
essay prompts,-0.5339839718061103
doing,-0.5340245098401164
enrolled,-0.5343826274591628
looks,-0.534589229290507
understand teaches,-0.5356450287702472
wont,-0.5370570936620949
satisfied,-0.5371337806795697
explanations,-0.5379883817579652
high,-0.5380641770687076
gave points,-0.5381131407517046
heavily based,-0.5381602901562328
lots lots,-0.5396486423456341
multiple,-0.5397821786941108
savvy,-0.5404566406817644
biochem,-0.540511819111682
senior,-0.540601051148629
seat,-0.5417496222363081
center,-0.541954556399233
ultimately,-0.5422363889504354
checked,-0.5425792631420538
nights,-0.5427689607183108
previous,-0.5427800909325979
test make,-0.5428830644317113
originally,-0.5434969344926799
emphasized,-0.5437356583424169
weight,-0.5437698798422357
content taught,-0.5441564156227869
clarifying,-0.5452270924365621
explain way,-0.5458553643101638
passed,-0.5459138051052665
cons,-0.5460136961588358
offer extra,-0.5463091799671176
replying emails,-0.5465719296187466
personally didnt,-0.5468336899651742
coding,-0.5470238577519027
actual test,-0.5474639522261544
formatted,-0.5475670755367705
rating,-0.548402040584266
tedious,-0.548653174721542
proficient,-0.548950922105444
missing,-0.5491781178624979
colleges,-0.5493188541403597
heard,-0.5512801663818685
learn way,-0.5516205410630146
weighted,-0.5517199103249748
classmates,-0.5526496971681496
high school,-0.5537691521997843
whats going,-0.5540856940151446
notes book,-0.5549320449583188
zooms,-0.5552450486632274
weigh,-0.5553773745365955
learn learn,-0.555577812813695
stickler,-0.5574167656917481
considering,-0.557741059095747
touch,-0.5580697187495947
read instructions,-0.5582501137799607
breakdown,-0.5584573784577476
felt,-0.55960454004234
cameras,-0.5599103554308549
asks,-0.5603666908709171
options,-0.5608489677422419
youre gonna,-0.5614061216635964
overall bad,-0.5618114069156661
cup,-0.5632008140824354
thought easy,-0.5633003445673097
way structured,-0.5635268163594507
covered,-0.5641527095355654
paper graded,-0.564158378094838
pretty sure,-0.5650883365740924
learn mistakes,-0.565337149311496
huge,-0.5666626784099433
semester got,-0.5667192293214338
grading criteria,-0.5669048404794221
grad,-0.5671034821377443
maintain,-0.5675933833645388
midterm exam,-0.5676468669028569
priority,-0.5684908883563224
consideration,-0.5688917323101172
life outside,-0.5698925634838226
reason got,-0.5706259223016126
date,-0.5707006357267268
text book,-0.5707824746894232
consisting,-0.5708035453035318
minor,-0.5708803513467249
stay focused,-0.5717979503567534
transfer,-0.572477807631957
learner,-0.5735362135645303
proofread,-0.5741186275710604
particular,-0.5744192122362719
expectation,-0.5744230947892905
answer question,-0.5745685752445144
replied emails,-0.5749573220375925
differently,-0.5759225601072337
reading textbook,-0.5761390346206969
brand new,-0.5762579124166418
conveying,-0.5763258364538206
anybody,-0.576350154848484
pulls,-0.5767008060675263
mentally,-0.5786394263206791
reviews say,-0.5788570457535922
form,-0.5791091801923116
wont pass,-0.5798799378412802
substantial,-0.5800330103880622
tight,-0.5801988172876129
raised,-0.5805435746579306
youre lucky,-0.5812336475785695
review final,-0.5823809937239339
asap,-0.5831289874116212
tended,-0.5832168329969374
little extra,-0.5836861914046345
dates,-0.5849433223108873
studied,-0.5855730782062185
drag,-0.5860267145854792
eventually,-0.5864584241919601
signing,-0.5864668442057415
effectively,-0.5865586416427178
high level,-0.5873392656961443
skip wont,-0.5877450091027789
understand read,-0.588320304908251
using,-0.5888293382580256
satisfy,-0.5898248953151963
makes things,-0.590172089944982
mundane,-0.5914067418237483
ppt slides,-0.5914507515642295
aleks,-0.5919887013966765
couldve,-0.5925264919803226
passfail,-0.5932768514803506
method,-0.5934448378894075
youre late,-0.5935580289835602
page essay,-0.5941905647805257
bunch,-0.5942117340907433
takes,-0.5943906816164386
took attendance,-0.5943993805196133
drive,-0.5944402438178376
registered,-0.5946635796816526
second chances,-0.5948412113602934
beginners,-0.5955964338855235
qualities,-0.5957638344433267
art major,-0.5966409640489587
got final,-0.5971382071704863
foot,-0.5976504041091584
reputation,-0.5977851624817188
actually need,-0.5989011166996789
test scores,-0.5995684578028104
given,-0.6001489157958
free response,-0.6005049615176308
true false,-0.6008783267360442
dull,-0.6014068627029161
computer,-0.6014634701048109
exam midterm,-0.601959924450167
understand times,-0.6020730817584159
explain concepts,-0.6025144411627359
things way,-0.6025485470925798
fyi,-0.6034793595053838
english language,-0.6037172804531767
liberal,-0.6044252082293724
feel youre,-0.6044409498128669
actually want,-0.6048466791412626
reflective,-0.6048983314893537
source,-0.6051546837520636
consider,-0.6056915264708103
open ended,-0.6059907270628795
understand understand,-0.6060455391336994
use excel,-0.6061669839973938
room,-0.6070201079352522
uploaded,-0.6072401117636321
reach email,-0.6074289657814429
phd student,-0.6085110412696757
grader comes,-0.6086447747421548
watching,-0.608793123621707
took away,-0.6105125050510729
cite,-0.610611752671355
instructions clear,-0.6107376679714527
unfamiliar,-0.6108090856380741
likes talk,-0.6120815918504867
group members,-0.6121189655727619
power,-0.6121680999891543
bad shes,-0.6128771869888343
replaced,-0.6136073077601729
matching,-0.6141409342107274
conflict,-0.6142223902110828
quiet,-0.6142263946188891
stops,-0.6146702464504443
think twice,-0.6154616381346205
paying,-0.6159852420386915
constructive criticism,-0.6162406759191423
assignment,-0.6162512651637737
vary,-0.6163955187704584
breakout rooms,-0.6167591219130575
ended,-0.6172803825980031
specifically,-0.6178269680152528
best explaining,-0.6181032889721028
extremely,-0.6198171095995493
college level,-0.6198660318001323
going learn,-0.6214205987658552
kill,-0.6217302644788081
short answer,-0.6219412130358606
limit,-0.6224121388090804
ppl,-0.6224698081614957
went office,-0.6244710044672779
memory,-0.6245849849032581
test week,-0.6248329074309531
additionally,-0.6249473890535366
youre thinking,-0.6251911307959652
address,-0.6253545868115129
die,-0.6258822056887272
codes,-0.6262045490180377
child,-0.6262691185243128
demeanor,-0.6265678446519036
periods,-0.6266387291182944
heck,-0.6268192081612316
day day,-0.6270418596091591
scholarly,-0.6270726807583866
graded things,-0.627398405886268
point slides,-0.6280789058212743
way teach,-0.62832083607457
send email,-0.6285318307145875
tutoring,-0.6287974205813782
comes late,-0.6289013277363864
accept late,-0.6290487521849997
lockdown,-0.6291596510017623
stick,-0.6298553071833446
mental,-0.6298857872050245
half semester,-0.6301193138558716
contact outside,-0.6308883788401722
initial,-0.6312273187067525
solutions,-0.6328707977611234
suck,-0.6335873680486195
person recommend,-0.6339280215163381
responsibilities,-0.6345691750467815
slides gives,-0.6348944033392758
long week,-0.6363229781087707
graded papers,-0.6370020177198263
slideshows,-0.6371530760523019
way youll,-0.6371553841925177
ppt,-0.6371614892443951
finishing,-0.6372036053819308
row,-0.6380985999567503
admit,-0.6385053237145559
want fail,-0.6388499863474202
previous reviews,-0.6393534590392562
went wrong,-0.6405370773248826
prior,-0.6425138279945593
degree,-0.6430626950636587
talking,-0.6432222608042446
possibly,-0.6442939386544939
guy extremely,-0.6449717091239435
trip,-0.6454001376536578
powerpoint presentation,-0.6454040162247985
suggest taking,-0.6463904346926501
times week,-0.647272896500894
years ago,-0.6496546771011698
things graded,-0.6497733532419687
lots papers,-0.6498820184063803
calculator,-0.6502087809838066
sit,-0.6503595585356798
surprising,-0.6504037339089841
written,-0.6505993343355136
textbook textbook,-0.6507709039193479
penalize,-0.6511524382920477
highest,-0.6513027467902148
make clear,-0.6519705519837018
filled,-0.652432044401527
classes boring,-0.6528115692072216
feedback grading,-0.653120215983968
want say,-0.6542456577915239
testing,-0.6545202562639325
lastly,-0.6548845786634612
count,-0.6551907150517842
writes notes,-0.6560871476417454
criteria,-0.6563808307178514
math major,-0.6564000933699159
question ask,-0.6564178296516179
math problems,-0.6570755372095878
peoples,-0.6571313880355891
consider taking,-0.6572151266132309
cover,-0.657800134053157
tuesday,-0.6578349735646114
solving,-0.6580125934961085
lists,-0.6581435801584377
let make,-0.6593597837914285
email,-0.65984248084425
graduation,-0.6606444762229238
hit,-0.6608644319064627
believe,-0.6625954953155624
point,-0.6629711452413733
country,-0.6631618205656888
cut,-0.6634462225063658
hate,-0.6637261144225315
reader,-0.6647559207057014
chooses,-0.6647663595761344
touched,-0.6652772000750087
finals,-0.6656386711819611
timed,-0.6657368126235674
grading isnt,-0.6658568907486888
left feeling,-0.665898346452348
military,-0.6660176996694744
easy boring,-0.6663036580293991
answer test,-0.6664715673270756
smart guy,-0.6670881137337457
bases,-0.6676162553895075
book slides,-0.6684916248934307
immediately,-0.6696825307335956
hating,-0.6701815899482408
immense,-0.6702378267523432
objective,-0.6707800047369368
literal,-0.6714158391496898
higher level,-0.6717055032040555
english major,-0.6726999271416148
rooms,-0.672910657778722
focusing,-0.6730384321976963
printed,-0.6732135070479472
papers graded,-0.6732847201865244
ask ask,-0.6734553531156671
right,-0.674025839435056
understand explain,-0.6745658129171748
taker,-0.6749043467248992
feedback graded,-0.6749872111636481
realize,-0.6749987937168616
recall,-0.6756273554010441
regards,-0.6771074795333618
sure hes,-0.6773989649841798
significantly,-0.678751111357446
clear directions,-0.679815737204235
shouldnt,-0.6802837081453443
opinion,-0.6803483878388814
wrote,-0.6806103133879962
shes new,-0.6807100753941064
make feel,-0.6817523262233145
posted,-0.6818405660027365
grading super,-0.6830196984884758
assigned week,-0.6834407538847032
kids,-0.6834696387642403
blue,-0.6846496725212354
directions clear,-0.6851900231185706
prioritize,-0.6852262636496675
known,-0.6867425872344413
comparison,-0.6867515569487939
switched,-0.6867756363433664
scope,-0.6872603903301453
throw,-0.6874495659211721
answer,-0.6878856811142082
gotten,-0.6879733494071285
photos,-0.688107829450054
information slides,-0.6882530299322376
blackboard,-0.6883928414914893
things ask,-0.6884052755482379
hoped,-0.6890325826381378
add,-0.6892678477512177
easy elective,-0.6898737872573992
make final,-0.6901201314739502
means,-0.6902410262117389
senior year,-0.6905146988445399
addressed,-0.6907544732412987
previously,-0.6908354238719134
makes feel,-0.6912579335951108
canvas,-0.6913271880354914
deserved,-0.6913398986619992
week makes,-0.6926091633462121
accommodations,-0.6927390553165598
enroll,-0.6930268046212067
lecturing,-0.6934335624988783
starts,-0.6938510635414836
didnt final,-0.6942657114783888
apa format,-0.6943740368865576
leeway,-0.6950637418747299
running,-0.6950833873465516
adding,-0.6951993839716142
emergency,-0.6963773379727094
returns,-0.6963888849363933
tried,-0.69701556047153
fit,-0.6974720369649088
sub,-0.6980058655974339
accuracy,-0.6984668592818064
sources,-0.698564557036498
times semester,-0.6994563095358242
political,-0.7005673743235334
directly,-0.7007541786641509
person best,-0.7011610483535549
basic,-0.7011759938151165
person hes,-0.701467599549451
blanks,-0.7016715763981036
loss,-0.7022688797369359
thing,-0.702559055417848
member,-0.7026505920357522
close,-0.7029303308588073
contact,-0.7030431174912168
ive felt,-0.7030648274072142
expect,-0.7034232636474451
makes learn,-0.7037342562569826
guys,-0.7068276128195556
intelligence,-0.707367122267053
despite,-0.7074174797798465
search,-0.7077386700486095
required read,-0.7080682958115005
spot,-0.7083676207741245
website,-0.7091137604486111
period,-0.7095477752708215
diff,-0.7096991559099326
mid,-0.7111959451457679
shes tough,-0.7116842592920367
criticism,-0.7119804135623049
dealing,-0.7123981669955608
late assignment,-0.7127311891957682
question exam,-0.7128140784743344
requirements,-0.7128746504361256
ask explain,-0.713404002299848
versus,-0.7145016329085436
formulas,-0.7147330337214033
needs,-0.7163356103461833
bet,-0.7164436294317671
software,-0.7164652856935643
changed,-0.7178138831134566
sense,-0.7186677988196983
runs,-0.7194716835573676
family emergency,-0.7203251787027085
graded,-0.720981221129577
sound,-0.7216975879289933
typed,-0.7232526228388423
final review,-0.723433121856111
roughly,-0.7236241140593815
sufficient,-0.7236770821957155
code,-0.7236896354244537
phone,-0.7249775980832247
post,-0.7255127210348835
emails gives,-0.7268089752945688
large portion,-0.7269521761640103
states,-0.7280952138859487
highschool,-0.7300240459781744
got test,-0.7312428702546132
percent,-0.7323281538173951
type person,-0.7330370820231078
exam exam,-0.7332526409465832
mans,-0.7337018412515413
graduate,-0.7340476767887409
evidence,-0.7342760874389533
ive received,-0.7355614244827038
java,-0.7364774509003169
think better,-0.7375660716199448
hour,-0.7378995950485416
reflect,-0.7379582908833626
forget,-0.7383087808640276
remaining,-0.7388840811073223
fourth,-0.7389713388554107
dependent,-0.7392651377968864
hes harsh,-0.7392869451075441
finally,-0.7393699845162125
delivery,-0.7396080022239353
solve,-0.7397059813849971
careful,-0.7409801887221779
rule,-0.7416171773068623
mentions,-0.7417798372626532
entire college,-0.7436410942136984
pictures,-0.7440723943498035
sends emails,-0.7445559241934383
wed,-0.7461337168954998
point view,-0.7462187288939877
boy,-0.7464025188199521
wouldve,-0.7466852275477045
stressed,-0.7469066815076975
exam got,-0.7470083351271803
receive,-0.7470753251906475
people arent,-0.747373143656608
counted,-0.7475300397705666
affects,-0.7478342540682306
points,-0.748733104633243
clear instruction,-0.7491513575028197
steps,-0.7493803386973887
wing,-0.7500397395758949
person nice,-0.7506633621200223
gives pop,-0.7522009004168044
heavily weighted,-0.7522621570487669
sort,-0.7525852109446518
scheduling,-0.7533480382101807
exam day,-0.7534646804778156
prepared spend,-0.7535097872987091
simply,-0.7541923568381375
cause,-0.7554585920962644
reaching,-0.7555517411012165
going pass,-0.7573773059859903
person ive,-0.7577736845220251
submit assignment,-0.7588978673331894
shown,-0.7594782541382941
different things,-0.7598016961687524
organizational,-0.7602080729999514
straight book,-0.7611635619186039
board,-0.7617072744365467
double,-0.7624002840722177
math lab,-0.762562073881293
got got,-0.7626557517174195
items,-0.7657923539708982
reading book,-0.7660463214901494
communicator,-0.7660952113016695
slowly,-0.7665178047917127
gives projects,-0.7669846109837977
want pass,-0.7672606571519474
taking test,-0.767398062071635
shes strict,-0.7678456246167364
using textbook,-0.7687058515571188
gives assignment,-0.768815177984056
miss assignment,-0.7689887673072668
continued,-0.7690636233777557
pros,-0.7691568794030239
functions,-0.7694750309956255
solution,-0.7695294981416332
turned,-0.7699062893880271
word essay,-0.7708400538849887
racism,-0.7710606918369223
considered,-0.7711082497491102
loads,-0.7712499839066869
probably wont,-0.7715976469009291
week hours,-0.772920315029884
adequately,-0.773666299578526
stop,-0.7742041253437506
sounds,-0.7753113964510199
read powerpoints,-0.7757001868783746
request,-0.77652226048105
grammar,-0.7766635167174556
heavily,-0.7772472107881097
enter,-0.7773475460338783
boring attendance,-0.7774043101817085
proofs,-0.7788926589974761
despite having,-0.7792248088389577
book didnt,-0.7792278368372045
test makes,-0.7793878630152786
fool,-0.7794423420813956
apart,-0.7801119588417134
problems test,-0.7810034700958823
furthermore,-0.7812511443913142
meaning,-0.7829041731976822
honestly think,-0.7831867428989217
replying,-0.7843724361382041
straight powerpoints,-0.7850113643881009
result,-0.7856417361187908
middle semester,-0.7858879218157888
ive gotten,-0.7861736531597145
ive life,-0.7863556259223472
mass,-0.7876319148138418
submission,-0.7878575676262862
filler,-0.7881788289188929
technical,-0.7885745426175585
conducted,-0.7890085826573507
comes grading,-0.7893882884687713
mathematical,-0.7900122510300633
trick,-0.7900195031505994
timely fashion,-0.7900833278073325
kick,-0.7912907627787682
answer makes,-0.7935321531336132
certain,-0.7937930994313325
seven,-0.7939197150588981
write reviews,-0.7940059457760498
non,-0.7943017922135844
smarter,-0.7952595306366295
exactly wants,-0.7955827250415055
handing,-0.7958684898408848
guidelines,-0.7959614123126304
adults,-0.7963352511961741
graphs,-0.7967410691844012
eat,-0.797415702599988
grading,-0.7974647463408671
tell youre,-0.7981421080320246
percentage,-0.7996530344442458
advanced,-0.7997854520518679
definitions,-0.8005956968812225
gets,-0.8006739900547846
grading tough,-0.8010625646098628
bad,-0.8013123768352877
different,-0.8017286446158627
yeah,-0.801824429157179
disagree,-0.802088634143681
consist,-0.8023047288687248
slow,-0.8029808207359901
send,-0.8044168098702382
book week,-0.8065720587843579
apa,-0.8074113197933777
phones,-0.8076188960231931
atleast,-0.8077701562776571
days week,-0.8087338144453078
undergraduate,-0.8088545345379572
test heavy,-0.8091075946037467
start saying,-0.8093345832047074
disabilities,-0.8100888586606416
professionalism,-0.8109677531960919
memorize,-0.811147315786747
death,-0.8114190747737489
calculations,-0.8114869460259762
post slides,-0.812483864244351
explicitly,-0.8126861703819603
messages,-0.8128090868720701
matched,-0.8128889382407252
numerous,-0.8134977278740276
dislike,-0.8135334821662887
says need,-0.8136589222609114
charge,-0.8144869634074201
blank,-0.814699717563645
example,-0.8157188467467629
couple days,-0.8174295252530186
emails,-0.8175834283962695
accidentally,-0.8179678499750587
private,-0.8184097032121116
alternative,-0.8193301768887657
comment,-0.820818288170102
strict,-0.8215048551771176
structure,-0.8222066571421331
youll end,-0.8224900272628286
information given,-0.8236024990639308
broken,-0.8248428631462446
explain things,-0.8251496078739784
continues,-0.8258725141998298
level classes,-0.8267673932930215
treat,-0.8271278353568814
midsemester,-0.8285514406207817
anxiety,-0.8288545582916065
quite boring,-0.828942269793064
list,-0.829889524994126
tech savvy,-0.830737822823945
didnt understand,-0.8310608241813426
finding,-0.831392455460005
years college,-0.8316789602291799
want actually,-0.8324736124416283
fix,-0.8326474481459911
staff,-0.8331035712170394
grading rubrics,-0.8341020373645183
days,-0.8345131632513709
midnight,-0.8347284592800204
youll fail,-0.8351054149781199
loose,-0.8363099540551762
changed mind,-0.837563384414219
receive credit,-0.8378081605262544
sidetracked,-0.8379750285921759
knew doing,-0.8381687882940323
post notes,-0.8392699029033928
word count,-0.8396583812973883
stressful,-0.8412406318084926
jump,-0.8418658441195248
boring long,-0.842610011272761
deliver,-0.8431789444658602
rubrics,-0.8441999210618105
grading papers,-0.844706832187974
nice man,-0.8449972701042618
hes better,-0.845721141185825
replied,-0.8468931361232759
everytime,-0.8469034801926547
opinion based,-0.8470492989291429
idk,-0.8478969959330556
day exam,-0.8479793673044558
write review,-0.84822692949494
begins,-0.8486056330697433
hear,-0.8493838081943208
happened,-0.8501583555529191
illness,-0.8509517884454922
doing things,-0.8516114855741783
simplest,-0.8522914873817466
assigns lots,-0.8522917143001294
hrs,-0.8535026717457121
late,-0.8536486642652044
prereq,-0.8538753185397461
later,-0.8541597158976266
perfect score,-0.8546377214828027
email responses,-0.854728946452088
pages,-0.854960658731887
test taker,-0.8552033190505561
partially,-0.8562123212702613
click,-0.8565075068125552
wanna,-0.8565665899487591
meant,-0.8572621206802786
calculation,-0.8576018286843254
impression,-0.8580735691528005
mla,-0.8584202040878353
teach things,-0.8596138993379334
schooling,-0.860235346996852
change,-0.8606219698815485
whiteboard,-0.8622514899803662
week plus,-0.862304182956164
believes,-0.8636375855873428
half hour,-0.8642728776362141
project worth,-0.8647682081311938
accent,-0.8650072011452385
make life,-0.8651242494986136
ive encountered,-0.8660041082666243
didnt want,-0.8671705643576395
busy,-0.8680979389542172
allow,-0.869109271685681
pertaining,-0.8697128593001935
virtually,-0.8697893750721875
assigns,-0.8706812543666143
certain things,-0.8708936307907535
ask answer,-0.8709101133263744
believed,-0.8711051752870755
conduct,-0.8714905875017465
feedback provided,-0.8722116002584777
definition,-0.8725742911977612
original,-0.8736912650708
test question,-0.8738140738129232
weeks,-0.8742993242757331
assignment dates,-0.8743184875607461
awkward,-0.8757072263206744
doing problems,-0.8757959762839747
way study,-0.8764643347991683
exam week,-0.8765863183387257
went fast,-0.8781277551063429
exact,-0.8803928479570367
okay,-0.8812952587871328
shell tell,-0.8816073358838317
struggles,-0.8816342028065627
attempt,-0.8827697127363408
question test,-0.883220637228769
rate,-0.8833129971869713
moves fast,-0.8836235122566833
ive entire,-0.8836567569547409
way semester,-0.884188486689645
electronics,-0.8845887917666886
tas,-0.8847823629142555
tough marker,-0.8849672839603802
powerpoint,-0.8856010634466802
expensive,-0.8860781677196758
classes didnt,-0.8861606393556514
final gave,-0.8861649677434613
encountered,-0.8875709137584149
pride,-0.8876893863946123
placed,-0.8894098316163976
started,-0.8897136828508705
unsure,-0.8898574607146497
appear,-0.8900806773171261
select,-0.891351647016938
effect,-0.8915011380212832
deduction,-0.892614753164537
make mistakes,-0.894034682057061
rules,-0.8942747903523802
beginner,-0.8946277645107354
isnt great,-0.8948752526241073
youre math,-0.8967945294485329
wants papers,-0.8969094165360776
quotes,-0.8970300092822789
ive seen,-0.8976435873929098
level courses,-0.8978793580424114
combined,-0.8980243504927579
handwritten,-0.8991975010909403
wish took,-0.8992457180264388
desired,-0.8998299395052065
semester end,-0.900004213218276
knowing,-0.9001031005527711
butt,-0.9003144080520666
papers week,-0.9007694124898329
roll,-0.9009838940661918
grader clear,-0.9010779703861971
interpret,-0.9016397592081713
literally,-0.9021584733419346
organize,-0.9027048228451555
super long,-0.903251484697309
link,-0.9036205866851379
voice,-0.9044193733693202
throwing,-0.9050114987871396
minutes long,-0.9065451820359396
schools,-0.9081861966477689
old school,-0.9082062227149645
solved,-0.908377768544872
think learned,-0.9088261881022532
concerning,-0.9105803133267312
announcements,-0.9106315952029576
swear,-0.9113352239054109
reading text,-0.9115989703491216
write page,-0.9116510442411467
alright,-0.9119097549545874
moves quickly,-0.9129729268763302
rest semester,-0.913312663328977
lockdown browser,-0.9133341164104234
mates,-0.9152622084268902
solving problems,-0.9154583892492685
prove,-0.9156692545919096
brightspace,-0.9158154744550462
fellow,-0.9158595725336038
imagine,-0.9161538053086851
slideshow,-0.9162890563879245
grading style,-0.9171978256116624
pure,-0.91788498690644
minimum,-0.9190411805358583
fluent,-0.9195015698558802
survive,-0.9197886978882153
loaded,-0.9202243852587895
havent,-0.9203215784415733
stood,-0.921093217462218
shes looking,-0.9212567382902215
apa formatting,-0.921655722126351
khan,-0.9220448116667654
files,-0.9224244713193794
near,-0.9232200444557055
lock,-0.9234243574656915
email ask,-0.9237421286181551
slides makes,-0.9240662684943324
message,-0.9243784751831132
browser,-0.9244282169613527
weak,-0.9275389610550206
physically,-0.92880130478982
thankfully,-0.9292784357523143
nice woman,-0.9300299045005183
letter,-0.9309053086247783
table,-0.9322957580930105
hes doing,-0.9331600717879969
behavior,-0.9332766805593096
right way,-0.9334528360169596
sick,-0.9335842227866564
technology,-0.9347850617292117
convinced,-0.9360113366819789
joking,-0.9362390666754923
correctness,-0.9366810401111003
words,-0.9367735503731351
maybe,-0.9369016597974591
explain,-0.9369331832825898
grading policy,-0.9391909201050623
qualified,-0.939191329324343
nice lady,-0.9395689280295727
boring,-0.9400416519130861
points points,-0.940099198613277
details,-0.940685504267817
decided,-0.940762993863757
majority,-0.9427929386889433
til,-0.9447321216141411
communicating,-0.945316662636996
textbook slides,-0.9467937043495454
accurate,-0.9471263725508603
test test,-0.9475834777390713
expecting,-0.9481551823758281
hed,-0.9489159033630923
shes trying,-0.949840324635522
shes going,-0.9499879252187622
moves,-0.9501724883077003
depend,-0.9507804799833899
slides make,-0.9509236217476715
shocked,-0.9510095532572418
slides,-0.9510909546187918
rarely gives,-0.9511125100376283
lesson plan,-0.9516776957613402
camera,-0.9522061204937291
guidance,-0.9534704354955839
exam heavy,-0.9535205952874808
didnt didnt,-0.9535292410013749
affected,-0.954066326314436
ago,-0.9541867739161596
feedback isnt,-0.9549642140227874
ass,-0.9556903759568769
trying,-0.9558787741958161
lectured,-0.9570369943676731
site,-0.9579400552656807
automatic,-0.9587612448298515
webcam,-0.9596550215192092
discouraged,-0.9604741568832189
strict grader,-0.9608465424818871
introductory,-0.9615429562837932
cuts,-0.9641452007758389
crammed,-0.9650929505063495
wont able,-0.965115163858993
notice,-0.9658094098492818
treats,-0.9658328642576972
short answers,-0.9659719516582559
level,-0.9676656242298645
prepared learn,-0.9676887061908701
directly book,-0.9678848939970308
grading feedback,-0.9686770888596552
concrete,-0.9701658615157456
directions,-0.9713028856463026
spend,-0.9719268930515863
feedback takes,-0.9725056434754382
email response,-0.9727256034417131
hit miss,-0.9732616888359704
ahold,-0.9736072355186458
control,-0.9736103504013478
answer ask,-0.9736237936392378
skipped,-0.9737661118821563
adequate,-0.9740231240959218
tends,-0.9741908406361244
answer email,-0.9742957011168283
begin,-0.9743712956969581
lose points,-0.9754934975406631
described,-0.9757045744652775
documents,-0.9762870634904832
accident,-0.9766003191216122
approached,-0.9787506380506823
receiving,-0.979492014584217
care learning,-0.9795767794073953
fixed,-0.9805570605051948
actual,-0.9807970351998092
isnt best,-0.9809277876513445
fail,-0.9809374357537592
english isnt,-0.9818955522980222
characters,-0.9821606808142
biggest,-0.9835563048285323
writes board,-0.9842213112105327
hadnt,-0.9847738181953822
platform,-0.98534014675303
final extremely,-0.9859256440205062
didnt matter,-0.9867823112882697
probably better,-0.987403495631419
confusion,-0.9897301387519661
teach concepts,-0.9911154872662173
hours week,-0.9916736748505759
contained,-0.9918619190748696
exam worth,-0.9922049025365656
party,-0.9928453420448822
entire semester,-0.9930966393634115
equation,-0.9943675046852896
ask clarify,-0.9949786874201205
bad test,-0.9953798312464848
grader recommend,-0.9955097022538641
pain,-0.9957373946033634
disability,-0.996274803057478
seen,-0.9966184671870275
laptop,-0.9968331468598226
final worth,-0.9974644475774124
level math,-0.9979754275057697
ends,-0.9989650059610167
quite possibly,-1.0001396467284032
grading scheme,-1.0014204802866224
got wrong,-1.0026955538231892
study hours,-1.002844523137064
minutes complete,-1.003221677797864
paid,-1.0035295721566353
scheduled,-1.004095462612863
communication,-1.0061055790616438
single assignment,-1.0081195665876788
question,-1.0101883921942845
week classes,-1.0104652089344217
best bet,-1.0111219109309193
handed,-1.0120127092103193
youre student,-1.0120422317746272
rmp,-1.0121128863839317
things says,-1.0124096738940889
document,-1.0136512863514948
position,-1.0139460384789665
determine,-1.0140244568400796
rush,-1.0143631042631753
min,-1.0143981397697193
learn read,-1.0153520710514297
textbook understand,-1.0159784733001285
teach way,-1.016014657939067
lost points,-1.0161050183692737
assume,-1.0165462199411337
drawn,-1.0169290104697772
single day,-1.017051970113874
overly,-1.0172077213267148
slides textbook,-1.017367768191093
children,-1.0180401717556062
entirely,-1.0192662813999078
girl,-1.0212554734678818
fact,-1.0213327888474284
comments,-1.0216779449422253
aint,-1.0222631053661253
got bad,-1.0222772202192747
outside resources,-1.0230938675419932
fulltime,-1.0232170501565836
remotely,-1.024997555735311
act,-1.026198709416068
provide,-1.0263228484622546
requested,-1.0264819544355959
verbal,-1.0283913137395793
separate,-1.0287151039112565
tough grading,-1.0289671545493846
shes doing,-1.0290640246994123
forgot,-1.0299949846631407
absence,-1.0316362326431125
reason,-1.0334393082341924
hoping,-1.0335120803958695
scored,-1.0344485579232483
consistently,-1.0347418980580514
credit hour,-1.035808988557669
make harder,-1.0358495738572149
excused,-1.0362968860498718
formatting,-1.0377301893061848
graded final,-1.0381762506103982
old,-1.038926789326088
degrees,-1.0393730850373455
hour long,-1.0405530111857395
kid,-1.0413303232902784
paragraphs,-1.0419221337497913
basically,-1.0421305439513917
fall asleep,-1.043478625798345
called,-1.0445434844347385
valid,-1.0467562288315087
views,-1.046930652775071
laughs,-1.0471850350635048
accept,-1.047441708088929
strictly,-1.0484809044000212
power point,-1.0486344828518597
anymore,-1.0494296399165766
retaking,-1.0496526313710657
listed,-1.0499866386276668
content isnt,-1.050683879558795
blame,-1.051475572875816
project week,-1.0539791875266413
specific,-1.05464707897284
odd,-1.0547631751504678
dry boring,-1.0557897256507367
curve,-1.0571657004697466
men,-1.0582881495294565
scratch,-1.058554558096759
hours day,-1.0587909377575233
slow grading,-1.0595796303610392
dread,-1.059983347494187
worth final,-1.060810269345092
hardest,-1.061553718008935
practically,-1.061993575816608
repetitive,-1.0629509196505857
didnt enjoy,-1.0634581123633247
pass fail,-1.0636670129631796
things arent,-1.0640358025639465
forcing,-1.0642653573981757
response,-1.0657409266709248
mark,-1.068717165391
tough understand,-1.0687945587280847
altogether,-1.0700668117959857
enrolling,-1.0705711609785844
entire period,-1.0706772866533836
masters,-1.0707881666437054
equations,-1.0711870212444534
wall,-1.0716985094687814
policies,-1.0723986389987008
ending,-1.0731775107084527
tries teach,-1.073324788743765
hopefully,-1.0733865276497152
didnt,-1.073956538362891
half way,-1.074230306961125
worth points,-1.0755767967049916
retook,-1.0766935570234217
email respond,-1.0769714310110317
people ask,-1.0770922586605014
dreaded,-1.0775763012829618
annoying,-1.0778043870664327
professors teach,-1.078589864276152
personal life,-1.0792526814980459
clearly explain,-1.0807772257327475
going fail,-1.0814230528928803
requests,-1.081459854151742
lines,-1.0817415938821
unbelievably,-1.0823381211817473
assistant,-1.0824645431849333
frequently,-1.0830420776061835
bare,-1.0843395170650076
spoke,-1.085146346458144
person extremely,-1.0882593148722002
statement,-1.088524556381783
solely,-1.0887765017255813
stay awake,-1.0893567083649867
writes,-1.0894713943664716
community college,-1.0899276984852353
sided,-1.0923900322414397
submitted,-1.092574395426233
inform,-1.0931502909498025
straight powerpoint,-1.0940647663151353
scheme,-1.0944032661599081
hair,-1.0957258548282187
according,-1.096540031667157
till,-1.0979526218228095
turns,-1.0983078353074145
goes quickly,-1.098555193979692
administration,-1.099982966952627
habit,-1.1000935060061199
emergencies,-1.1003215777433208
scale,-1.1009984707229457
tons reading,-1.1011150808774772
powerpoint slides,-1.1012921719863922
hardest classes,-1.1023947347918384
makes extremely,-1.1031955119431505
sending,-1.103318534768242
super heavy,-1.1034307067296183
tested,-1.1046957952170775
took long,-1.1051441421914507
hated,-1.1053223673188297
memorized,-1.1056329932521525
figure things,-1.1070705133272885
taken years,-1.1076930656219037
head,-1.1083389888391526
middle,-1.1087416075380165
grading scale,-1.1089840607868169
repeating,-1.1103006631357548
clarification,-1.1104125870926111
low,-1.1107180370876906
purpose,-1.1128018531755046
closed,-1.1130452785185856
updated,-1.1132528585175994
mid semester,-1.1139027159987425
admits,-1.114147036055698
calls people,-1.1147824180600203
didnt make,-1.115108214794871
refer,-1.1169314556447958
screw,-1.1178689460587705
reasons,-1.1192257482044905
figured,-1.1192338306228198
bare minimum,-1.120201910732904
zybooks,-1.1204145930112972
websites,-1.1229775679583938
sarcastic,-1.1257365157985326
ask clarification,-1.1263387058501522
got points,-1.1268285978660497
complicated,-1.1290549973449542
picking,-1.1304452600718804
typing,-1.130653012445931
spell,-1.1310215251079736
repeat,-1.1313097669492826
tough grader,-1.13209002433614
lots busy,-1.1321153461270477
classmate,-1.1323945476180235
rubric,-1.132674166332417
keys,-1.133000232138107
broad,-1.1332871148998045
distracted,-1.1335402959589942
hes trying,-1.1342711286452758
care,-1.135254602944519
directly textbook,-1.1356176099729343
instructions,-1.136574481500431
sitting,-1.1367823717462144
gone,-1.1369759686871497
disliked,-1.1384959067171643
return,-1.1393259009158179
wasnt great,-1.1394637511970274
demands,-1.1407611950634404
elementary,-1.1413386179283673
talked,-1.141768820398295
straight textbook,-1.1422824702516579
purely,-1.1425206272218773
halfway,-1.1427325037055436
contacted,-1.1438895170111305
accurately,-1.1445371111840164
line,-1.144619521925275
flies,-1.1446899965126747
interpretation,-1.1458111297732696
outside sources,-1.1469240044699553
care success,-1.1471185745331205
action,-1.1480360939775416
calendar,-1.1502403623186837
provide feedback,-1.1512569318591517
asleep,-1.151633309561543
negative feedback,-1.1521394737535822
hes bad,-1.1521901781913897
assignment graded,-1.1528063078509678
teach math,-1.1532379822367904
agenda,-1.1570766479440486
shed,-1.1574876362025464
insanely,-1.1581614207066
lost,-1.1591927502500203
window,-1.1593884389587554
copy,-1.1605962941113095
fight,-1.1620579948875935
bank,-1.1626312964120267
randomly,-1.1627651157403864
sat,-1.1630986075168828
car,-1.16402470373815
curving,-1.1642161351615048
living,-1.1657469294541905
citations,-1.1659437001321358
requiring,-1.1683743147977914
assuming,-1.168490130327637
falls,-1.1686640281614569
harder,-1.1694371130675334
finishes,-1.1703225017070462
emotional,-1.1722186540792414
thrown,-1.177322686617499
prerequisite,-1.1775120311446639
threw,-1.1786830448616055
dead,-1.178918857475221
reread,-1.1797517192791993
random pop,-1.1800158056202381
grader expects,-1.1806599048484525
goes slides,-1.1814610711152351
ive experienced,-1.1816367746206264
institution,-1.1838176360222992
mention,-1.184099088228498
solves,-1.1857701365016098
hates,-1.1870070507047767
slides long,-1.1878469087601307
guideline,-1.1883163796684695
beware,-1.1884606385329244
relies heavily,-1.1893924313537028
compassion,-1.1902159542880622
leaves,-1.1912970148051087
lazy,-1.1928276036749095
loud,-1.193468500950722
little things,-1.196608136650669
follow syllabus,-1.197923010777604
red,-1.1980854873518823
gives extremely,-1.1986066601383314
argumentative,-1.1987989054132004
god,-1.1988958020285434
expressed,-1.1990753387879831
semester didnt,-1.1999664674009374
marking,-1.200669705552336
instruction,-1.2017027606593782
notes board,-1.201866830911845
luckily,-1.2019107633131423
ask makes,-1.2031516053396913
multiple times,-1.2034930590065578
quite literally,-1.2034993967299386
train,-1.205377119734493
sent,-1.2074762427360852
makes understand,-1.207547085917147
pls,-1.2077667244077723
feelings,-1.2086164146868672
answering question,-1.2086963171079717
talks fast,-1.2087980703827164
said,-1.2093191542400659
standing,-1.2115909409698062
contain,-1.2127547729623647
goes fast,-1.213370514679566
benefit doubt,-1.214617488353685
bias,-1.2147316369577652
syllabus,-1.2152854577895962
clarity,-1.2184429913427017
countless,-1.219399974194717
calls,-1.2201727344724134
hour half,-1.2206479007546243
beliefs,-1.221316791911267
picks,-1.2255222190300756
language barrier,-1.2259569482653205
week didnt,-1.2271383864051266
organization,-1.2275872768346332
half credit,-1.2288637323848786
ungraded,-1.228936011631724
explain clearly,-1.2298728685790703
grading rubric,-1.231616676012404
correctly,-1.2318283449059066
semester ended,-1.2333393283914535
dropped,-1.234173891514593
gives random,-1.234188212839399
value,-1.2344010215971721
busywork,-1.2391678963642647
anyones,-1.239256147913343
reason passed,-1.2402476420667572
mins,-1.2412910735347875
speaks,-1.2415451816528797
internet,-1.2431440152049795
proper,-1.2431770668906594
slides read,-1.2453775254751491
marks,-1.2459995665960637
wants write,-1.2473098438181829
correspond,-1.24830673110743
exam extremely,-1.2485013689522582
feedback given,-1.2489790001574672
substance,-1.2495897245376213
paint,-1.2497874716326827
graduate level,-1.25042211004396
took hours,-1.2510285355103914
cold,-1.2511984028276668
test didnt,-1.2537257181321184
accent understand,-1.2539376930883783
complained,-1.2543851964623975
straight slides,-1.2546572096183617
read slides,-1.2581005835424328
left,-1.2581600508059019
sure shes,-1.2584020955262094
wasnt best,-1.2589306271490237
lower,-1.2595569567676073
pauses,-1.2607430250916263
lose,-1.2617871547696335
learn textbook,-1.2625654552976915
misses,-1.2630759849487418
attempting,-1.265631817002335
yap,-1.2657991301559353
repeats,-1.26679378039689
month,-1.2677863941491774
remove,-1.2684109961012489
elaborate,-1.2695566964299871
massive,-1.2698873146824834
dumb,-1.270199656811501
joke,-1.2710086898692756
evaluation,-1.2734531944055743
entire,-1.2744169035663608
wont let,-1.2745668020653778
stand,-1.2753942455969423
acknowledge,-1.2755875167709547
single,-1.2771375550271262
ramble,-1.2781190690874755
convey,-1.278612761040666
pages week,-1.2795765446927874
actually taught,-1.2817976405896498
sarcasm,-1.282023890940165
posting,-1.2827216473749985
specifics,-1.2829426498160892
grader feedback,-1.2832208189294771
quantity,-1.2832937258838282
semester started,-1.2839676222831766
stands,-1.2844150026441952
super strict,-1.2846441856242592
constant,-1.2856350233557698
disrespect,-1.2861218121086964
barrier,-1.286400725710477
pas,-1.2902198384065269
heres,-1.2923002306397837
things didnt,-1.2926317087221388
ability teach,-1.2948445272562452
standards,-1.2951360784229689
rely,-1.295401207040289
embarrassed,-1.2954967094362715
gradebook,-1.2955675088421508
surface,-1.2960255365867042
leaving,-1.296475896039384
care student,-1.2965239086563969
strict grading,-1.2965576204896738
minutes,-1.2973416228679886
scatterbrained,-1.2974341505798428
false,-1.2978326783527407
script,-1.2979125806176448
slides slides,-1.2982314607554368
wondering,-1.2984686764174835
clear answers,-1.2989466342666969
redundant,-1.2990732181307276
feel bad,-1.3008600924334637
agree,-1.301617913298335
problems board,-1.302740501327932
suffered,-1.3034752398531637
self,-1.3042154474847099
openly,-1.305070480769631
write word,-1.3051201317798942
actions,-1.307059880899942
assigning,-1.3101810167169905
direction,-1.3128430458867797
responsibility,-1.313772061919419
links,-1.3144099665402482
right answer,-1.3149944884123066
essays week,-1.3157329407658054
half,-1.316053647087628
reasoning,-1.3164100980681805
cancels,-1.3167573313048582
doctorate,-1.3173474937240819
dark,-1.3176446541196967
instead,-1.3189075593813069
read power,-1.3214846546145722
messed,-1.3216722327324906
minute,-1.3217980116295527
limited,-1.3223683307358733
narrow,-1.3224190938133784
away,-1.3225032052149768
sadly,-1.3225195607506155
wasnt able,-1.3226568537755625
harvard,-1.3233250548977384
nice person,-1.324122514865036
changing,-1.3252063320583147
graded tough,-1.327429248845931
chegg,-1.3279163606703097
reality,-1.3313777781888536
stupid asking,-1.3324682662390224
figuring,-1.3346448186972033
ignore,-1.335917568824577
fooled,-1.3365820149114622
crash,-1.3372385310760233
docs,-1.3411642869626341
round,-1.3416985093166698
entirety,-1.34221288407144
instructions assignment,-1.3434348880192761
essentially,-1.3456734720784649
rigid,-1.346059499458974
crap,-1.3466330936141322
damn,-1.3480860471856513
feels,-1.3485594694909873
collect,-1.3486870797486787
specific things,-1.3504713583361934
repeated,-1.3510658253950858
small things,-1.3517211500425592
basic concepts,-1.3519385305503278
wrong answers,-1.3532832142141231
sucked,-1.3534684089397455
knew going,-1.354146663572255
week graded,-1.3548745599368779
question answer,-1.356388351363968
reconsider,-1.3570723945182337
switch,-1.3599552723818036
slow grader,-1.3620838956048544
right wrong,-1.3629995825375172
received,-1.3634728262630684
proof,-1.363551573121354
quizzed,-1.3659850959718263
laughed,-1.3660031630436986
day semester,-1.3677614727077376
things test,-1.3693896749629566
prior knowledge,-1.3694684100736403
strong accent,-1.3704140226372257
things taught,-1.372081950717579
spent,-1.3722165775989055
regard,-1.3723163867358164
best luck,-1.372657067588408
exist,-1.373071243671232
talks,-1.3741377603498242
shes bad,-1.3755605646718543
average,-1.3762615113880008
picky grader,-1.3786147190459133
google,-1.3787291783536109
pages long,-1.3787986162372174
exhausting,-1.3807259776009957
points deducted,-1.3845201551261592
expected read,-1.3848455145529144
cancel,-1.3875213248338945
sassy,-1.3886334670559908
wear,-1.3889760730570266
makes sense,-1.3914351530195717
locked,-1.3928079696143847
unbelievable,-1.3936628529769362
nearly,-1.3947366820971787
things confusing,-1.3981804332947245
tangents,-1.3985295551485706
emailed,-1.3986987382723477
asking,-1.4001218055181672
right answers,-1.4006148403716914
sleep,-1.4039340530634128
specific wants,-1.4044656188544025
criticize,-1.4054950737462022
tangent,-1.4082642769201783
occasions,-1.4085521386622553
calling,-1.4086149563549029
scattered,-1.4111771247019327
till end,-1.4118070322220788
figure,-1.412156886697634
entire based,-1.4132238708330878
bland,-1.4136305764267938
returned,-1.4143096572887792
asked,-1.414410043782345
advise,-1.4149483771142535
answer wrong,-1.4149606629843738
mean,-1.4191828935272524
flip,-1.4192201928804256
word,-1.41960497915544
copy paste,-1.4199361854767343
expectations high,-1.4202155985395528
researcher,-1.421134914025556
translate,-1.4212089364709684
exceptions,-1.421320024364352
wants things,-1.4214282608989919
wrong way,-1.421473369828945
entire life,-1.4220914161749612
weve,-1.4224294155032116
offtopic,-1.4230653645598572
coordinator,-1.423140415403262
pointed,-1.4239109860239427
warn,-1.42397091945303
acceptable,-1.4247536170265196
projector,-1.4248468393322575
hopes,-1.4262105656760955
spending,-1.4268050148918832
tendency,-1.4272185760842824
question makes,-1.4272846577027511
weird,-1.4274610566666812
entered,-1.4275829039975356
question wrong,-1.4302589416096154
hours studying,-1.4302846864617234
confused,-1.4323218734866314
super tough,-1.4339346552690753
extreme,-1.434528651346504
tutor,-1.4393759581836072
dealt,-1.4396310858599257
teach subject,-1.4420172175032633
harder understand,-1.4426764383600297
academy,-1.4429065850457388
says,-1.4458386173392173
teach makes,-1.4465469072142163
respond email,-1.4489527953117154
entry,-1.4495645855897337
terribly,-1.4500365723859971
frankly,-1.4529117859427974
tutors,-1.455039905059218
feel dumb,-1.4558909125674422
final week,-1.4562371900363047
telling,-1.457667580541628
halfway semester,-1.4577990928905002
favor,-1.4582936981847068
harsh,-1.46096031908482
calculate,-1.4613142200627873
paste,-1.4654608307439059
weeks semester,-1.4676435305873934
endless,-1.4683144599774653
delayed,-1.4699018747953811
waiting,-1.4728084118594253
plain,-1.474495365716379
questioning,-1.4755572990010002
toughest,-1.4755998269492991
completely,-1.476263310470416
absent,-1.477871042889145
throws,-1.4819790460437279
properly,-1.4821241072982545
receive feedback,-1.482402295747578
unknown,-1.483089967011086
correct,-1.4846599721657112
thank god,-1.4847044353468064
warned,-1.4854345565494853
spent hours,-1.4858447918437925
wasnt clear,-1.485984606078878
quote,-1.4859973026425433
tank,-1.487021336721396
relevance,-1.4872682791155807
teaches fast,-1.4882987410531818
expects,-1.4887552862863611
graded week,-1.490044022923577
wrong answer,-1.4949887960402624
tells read,-1.4950878568093664
respond,-1.4962777560362088
spends,-1.4966459762191482
calculators,-1.497231939344962
experts,-1.4977928088712797
dumb asking,-1.5000030496595258
day final,-1.5028232749166506
relation,-1.5041486456384519
harsh grader,-1.5058916415088044
tiny,-1.5060775895973393
guess,-1.5082635944307654
rushed,-1.508931612609631
excuses,-1.5138107389801938
unfortunately,-1.5139973016272528
unanswered,-1.5152125651084738
sent email,-1.515270467485017
cancelled,-1.5154056064324912
gets topic,-1.5169313780303764
disappointed,-1.5180252589199048
losing,-1.520228351516991
argue,-1.520527715452097
extremely fast,-1.5211787945087014
goes tangents,-1.5216598617944435
tears,-1.5235723862063928
pertain,-1.5244953625684854
circumstance,-1.5255343852413592
saving,-1.526062760214101
description,-1.5263388416743418
nonsense,-1.528872280623343
mentioned,-1.5293306520701897
hospital,-1.532775747026669
long boring,-1.5342250171019387
answer asked,-1.5343059100766823
changes,-1.5345303854801662
excessive,-1.5357786054938831
treated,-1.5405407763297703
copying,-1.5410215077523564
removed,-1.5421135851070602
hire,-1.5422638182463295
sentences,-1.5434452570980497
update,-1.5442267993036438
trying understand,-1.545159785231462
statements,-1.5484235115973046
week semester,-1.549606908854507
citation,-1.549984545017269
briefly,-1.550425446447159
teach better,-1.5508004002146034
grading makes,-1.5568017798230986
unfortunate,-1.5575949605041508
slide,-1.5584063419847407
way wants,-1.5639269434630947
picky,-1.5650276988109972
rarely,-1.5657571547254934
leniency,-1.5665044088572753
agreed,-1.5679493643039493
meh,-1.5684519105663384
forced,-1.570975286194635
continuously,-1.5714002173560964
canceled,-1.5725643081319696
read pages,-1.575870263591998
middle school,-1.5759972853837123
actual content,-1.5790190068109915
gave bad,-1.5794452406682993
expects read,-1.5803663188668082
took weeks,-1.581155721354122
oftentimes,-1.5814123487743519
quit,-1.5822992373886908
wonder,-1.5826123362862656
forces,-1.5835880865561798
shame,-1.585853945688397
teach learn,-1.5864115102600032
selfstudy,-1.5864631798587396
small details,-1.5865140056098141
way long,-1.5876887177939008
blind,-1.5901693759100581
elses,-1.5922675907050348
reply,-1.5926668267238702
distracting,-1.594470454294127
understand accent,-1.5965323489569148
grader takes,-1.5966741650051866
takes long,-1.5977396137595274
excuse,-1.598396237575665
automatically,-1.598662455413768
second exam,-1.599346241221772
intentions,-1.6018598793940324
avg,-1.602390203471046
strange,-1.6027621902041336
barley,-1.6039961603188395
allotted,-1.6048460384386871
laptops,-1.6050314967723693
rushing,-1.6051806913318032
communication skills,-1.6054163713353446
attitude,-1.6054957135577537
youre expected,-1.6067224955503008
semester graded,-1.6093075208779926
grading extremely,-1.612286398212019
spelling,-1.6129274331455488
monotonous,-1.6141930998296576
repeatedly,-1.6143409847423715
random,-1.6206510168003314
opposite,-1.6212361322979607
publicly,-1.6224748064305992
way way,-1.6243643209424263
wont understand,-1.6244421719710438
reading powerpoints,-1.625013044641948
canvas page,-1.6252588567777213
mic,-1.6255775278238858
makes way,-1.6268622152212444
said didnt,-1.6289885057071594
teach content,-1.6308463650206395
takes hours,-1.6324217953774713
suppose,-1.6327756554687838
hours reading,-1.6331319301351854
trying learn,-1.6344561158807576
lacking,-1.6364801752381748
assignment instructions,-1.6365558566594824
somebody,-1.6387397739815661
penalized,-1.639663059027308
badly,-1.6409487291892155
youtube videos,-1.6422595610600652
relied,-1.6454813879112606
provide study,-1.6520446243829703
bad prof,-1.652443620052093
arent clear,-1.6526624849431837
grading make,-1.654876824532053
screen,-1.6550033186717066
read entire,-1.6574770960228644
didnt bother,-1.6598627145370077
phd,-1.6612833643113802
deducted,-1.6613667253346236
brutal,-1.6628909402254592
reply email,-1.6630439550125136
make mistake,-1.66758199339972
supposed easy,-1.6679324563028484
stupid,-1.668009852920168
stated,-1.6700606815338457
saying,-1.6711468775585399
read reviews,-1.6727019501313318
hes saying,-1.6747675738434946
youtube,-1.6748640426649173
barely gives,-1.6752742038209565
title,-1.6768748245303051
seemingly,-1.6784076682962272
late day,-1.6791266466762416
hours complete,-1.6796770478931986
picky grading,-1.6797047298328014
explain problems,-1.6811217655858535
wording,-1.6815543720645802
interrupt,-1.6822591292259048
mistakes,-1.6831291158555155
suited,-1.6840966480042123
disregard,-1.6847422516615413
wait semester,-1.6848685086480462
doing wrong,-1.6872968968653872
question asked,-1.6889497037436705
relies,-1.689827168496688
amounts,-1.6904871329463802
shut,-1.6929507547744755
marked,-1.6938615946882027
wordy,-1.6944696223266575
feel stupid,-1.6978004428057591
sucks,-1.6978027949558845
painful,-1.699143128402758
copies,-1.6997593392362482
way reading,-1.70310224839114
bullet,-1.7039350056988116
thanksgiving,-1.7066227542021597
things wrong,-1.7066578287317533
extremely heavy,-1.7076273145685406
answer right,-1.7079632396471371
stopped,-1.7131073345665158
place,-1.7134242507435928
female,-1.7143909757769578
judgmental,-1.7150106006647299
making mistakes,-1.716811209647295
khan academy,-1.7178649003065445
chair,-1.7179798423828743
opinionated,-1.7198293905007702
fail test,-1.7203860369677795
sent emails,-1.7219496231339466
youre basically,-1.722308945470738
wouldnt,-1.7235889379506784
answer key,-1.7243144961009182
late grading,-1.72653038764156
wrong,-1.726933225607997
verbatim,-1.7270368890940535
obsessed,-1.7287719422682049
spare,-1.7339808749807748
bothered,-1.735829139330896
suffer,-1.7388302022171462
points taken,-1.739976698552205
makes read,-1.7409816400362477
hear talk,-1.7430861240573563
pretty bad,-1.7443297555256994
test average,-1.7452203124157428
mouth,-1.7462773623401375
hardest ive,-1.746991230234272
finals week,-1.7485711635274086
failed,-1.7504727924158443
makes write,-1.7519570677394611
learned little,-1.7524892052177634
perfection,-1.754359877814247
dean,-1.7556163853881497
offended,-1.756934146864932
correct answer,-1.758099167248675
harsh grading,-1.7584945654932866
points didnt,-1.7589430250980769
saving grace,-1.7622702557981782
failed exam,-1.7627058120494876
docked points,-1.7643478545720317
spend hours,-1.7649391051605647
handwriting,-1.769745506577454
crying,-1.77078471079923
constantly,-1.7708847000703338
trying teach,-1.7709748984937796
week finals,-1.7731998998209786
answer clearly,-1.7754369758388542
idiot,-1.7758845254280153
graders,-1.7760361935840407
released,-1.7769762016534685
emailing,-1.777403169258406
idea,-1.7804579733985841
feel didnt,-1.7820915639374437
run,-1.7831196241001583
grading takes,-1.7840413962882202
hardly,-1.784353555518365
assumed,-1.7901226874918663
drop,-1.7901279212105168
biased,-1.7922504175997975
nit picky,-1.792862418860155
appears,-1.7953997442596883
dropping,-1.7993743646035405
unless youre,-1.7994489255339303
pages reading,-1.8008182672619117
person teach,-1.8047616482957487
caused,-1.8049219890468873
mask,-1.8103777430892194
regretted,-1.8106131854832483
basically read,-1.8113810702740007
warning,-1.8151500666929987
teach,-1.815664582991742
graded harshly,-1.817324863895296
harshly,-1.817491449074347
corrected,-1.8175413675207075
told,-1.8185922231228702
upset,-1.8209483841542173
explanation,-1.8211968925344344
rip,-1.8219122007255653
mad,-1.8224156029787801
care pass,-1.823551024934103
claim,-1.823769553488198
answer correct,-1.824285193551658
say thing,-1.8254179719022474
teach shes,-1.8270446193608816
totally different,-1.8307969481707271
better learning,-1.8328509383805844
boring classes,-1.833264434527404
correcting,-1.8341603806562645
silence,-1.8344674652330877
unless,-1.8364304004604683
points assignment,-1.8390868196910173
sake,-1.8400187696566181
mistake,-1.8402738765147024
read straight,-1.8405277531420872
forever,-1.8405312035481902
guessing,-1.8414753756371987
descriptions,-1.8453767978516407
grading harsh,-1.8527350244014382
sorry,-1.8531483507605842
gives little,-1.8545321351093005
make sense,-1.8558506154508327
dreadful,-1.8558914799078998
test extremely,-1.8597831848888813
unbearable,-1.860756392863932
read powerpoint,-1.861093679714859
consistency,-1.8630125030252866
speaks fast,-1.8672229369895934
watch youtube,-1.8735699008777615
correct answers,-1.8758375290715197
qualified teach,-1.878376461411328
confusing,-1.8785322684072066
chaotic,-1.8825913357327
studied hours,-1.883896433639224
room error,-1.8856032319984983
expected learn,-1.8880826484143345
mess,-1.8882109139630083
youre wrong,-1.892669664248988
multiple occasions,-1.892867850024535
shes saying,-1.8929458212325212
word word,-1.893962750108333
upload,-1.8940346759979967
questionable,-1.8943974614361245
error,-1.8944380488795218
nitpicky,-1.8958984992462646
docked,-1.896752557488254
correlate,-1.898077239733622
pray,-1.8997248300189185
accent makes,-1.9018329347639256
quietly,-1.9028205849889588
spring break,-1.9035727461668372
desk,-1.9053636524079316
respond emails,-1.9083454537928395
annoyed,-1.9085758943132483
asks question,-1.9104168226764777
experience ive,-1.9129458813560696
boring reads,-1.9198002071124751
supposed,-1.9198703266238617
taking different,-1.9220090936033394
uncomfortable,-1.9224845524436684
asking question,-1.9249813021523128
file,-1.925934470923842
heavy accent,-1.9316053240066466
single week,-1.93277903905037
expect learn,-1.9349041994947633
intro level,-1.9367849153333907
random stuff,-1.9410618846997885
slightest,-1.9410646808029561
risk,-1.9414785908825483
syllabus says,-1.9434399778960323
cheating,-1.9495540116450663
impossible,-1.9593936962654759
self study,-1.9613803707051911
reading slides,-1.9665264974087329
release,-1.9666975747026498
waited,-1.967977416121439
lies,-1.968159048578137
causes,-1.9684144727745814
complains,-1.9694315072257087
irritated,-1.969768024332538
answers wrong,-1.9716335128850115
answer emails,-1.9719603055100459
ended having,-1.9731280909414597
averages,-1.9762149746786477
didnt care,-1.9767342561776697
months,-1.9770743542424292
need teach,-1.9785584669188037
flat,-1.978895226993524
align,-1.9801534369827039
simple concepts,-1.9803656427048733
grader ive,-1.9814329047510153
going teach,-1.981714304339663
ask question,-1.9853790262323514
political views,-1.986820565936938
sentence,-1.9881616957206631
monotone,-1.9904887808098906
tone,-1.9911896715899005
torture,-1.9914957155858293
empathy,-1.9926482813967752
unnecessary,-1.9976606946400715
deduct points,-1.9992166453385725
clear direction,-2.002387981890987
provide clear,-2.002721448569135
try ask,-2.006963120360078
dollars,-2.008746856409683
deduct,-2.0102400197565284
far hardest,-2.0123616910795263
felt didnt,-2.0193758815402454
points small,-2.0203040781441377
bother,-2.024733193149994
suddenly,-2.026968542461919
weirdly,-2.0330283611219517
stating,-2.038127868524363
reading powerpoint,-2.0381542667043107
withdrew,-2.0390686892092393
skips,-2.041934633612245
stopped going,-2.043129969195384
points little,-2.0460052574268826
promised,-2.051109263532279
inconvenient,-2.0523343475352966
goes topic,-2.055818343717039
understand saying,-2.0582240393420754
favoritism,-2.0589538729754207
entry level,-2.0614577961925686
hired,-2.0670702266997587
directly slides,-2.0692623885519055
taken life,-2.0758997502156618
didnt cover,-2.0809627257391767
save money,-2.084393423695502
insane,-2.088678346706624
grammatical,-2.091417019603364
learn teach,-2.096117877574171
apparently,-2.0961893513543437
hardest taken,-2.0967940312819255
test averages,-2.098242462056225
confusing way,-2.098309147237428
barely,-2.098589331473061
dreaded going,-2.1014273249000404
emails sent,-2.1019709982831625
reply emails,-2.1068261190227613
irritating,-2.1105841917110464
learn thing,-2.1111642236225343
confusing understand,-2.1139221019853593
failing,-2.1178432071312416
bad experience,-2.11857983345557
money,-2.119002626075398
dock,-2.1205438207294875
different prof,-2.1216001463566716
didnt doing,-2.1239416179821013
matter study,-2.127649672384157
worded,-2.131052706594348
didnt provide,-2.13153401774985
nit,-2.134610698840163
refers,-2.1441948864992924
selftaught,-2.147072445348776
super boring,-2.1538918723185443
youre screwed,-2.1556960781706636
graded extremely,-2.156609190093402
took forever,-2.160230587686044
confuse,-2.1626685181964262
unable,-2.167819391184606
want teach,-2.1767368412462726
didnt post,-2.177606419519117
points things,-2.177639378587056
idea going,-2.1776896868163877
wasting,-2.1777691587354546
doctors,-2.1828979896356415
screwed,-2.185578802665809
near impossible,-2.1906442709892016
specify,-2.190936237662715
completely lost,-2.1921463490143545
announcement,-2.1922672804049608
actually teach,-2.1933054469888837
generic,-2.201356885323719
dock points,-2.2025145398256516
gpa,-2.2043860893329255
frustrating,-2.2076810932488327
messy,-2.2079461272271423
trying figure,-2.2103989908670787
obscure,-2.213665221580218
ended dropping,-2.215970768977831
paycheck,-2.2180104982085727
mercy,-2.218229336554325
verbally,-2.2195259213753076
incomplete,-2.224470182572084
worst thing,-2.226775491449967
docks,-2.2281483048231525
poorly,-2.228838302843327
days later,-2.230434136934935
goodluck,-2.2311076666160226
hour minutes,-2.2339812885697565
frustrated,-2.2430340264363764
hundreds,-2.2435205630312343
cried,-2.2435869534225628
pretentious,-2.250178977682662
gave little,-2.253134040994702
changed syllabus,-2.2532607330796512
arent helpful,-2.253553209211848
shouldve,-2.253854921830799
barely passed,-2.2538819355718918
deducts points,-2.2563410568703315
copied,-2.2595393823552588
belittle,-2.261147871414792
inexperienced,-2.261836844073194
match,-2.2722373699236353
better taking,-2.273301122799989
utterly,-2.274022591307764
wont tell,-2.274336914203241
jumps,-2.274522086674775
plagiarism,-2.2772338767747975
fake,-2.2779155650948812
based opinion,-2.279704612171031
unreasonable,-2.2798681845092252
consist reading,-2.280934274105924
sits,-2.281486612143018
took points,-2.2950395754411392
offensive,-2.2959294020820824
instructions confusing,-2.297185696145336
little thing,-2.297378809873031
advise taking,-2.2998024262759387
use blackboard,-2.302165291499037
didnt match,-2.3022412717732816
remarks,-2.3030382874771735
use canvas,-2.305681969108706
waits,-2.305968055082575
hours hours,-2.3062199542984114
isnt clear,-2.306494011594431
borderline,-2.3111792486208422
cost,-2.313920174646465
feel uncomfortable,-2.3174871437269022
acted,-2.319495691776014
random things,-2.323715240456
inaccurate,-2.3262295254721153
emailed times,-2.3338325808735085
decipher,-2.3426525174532493
lack,-2.342830384457887
extremely slow,-2.344792551349176
far away,-2.3516849168508998
uninteresting,-2.3528269043467507
impossible pass,-2.35434741591118
average exam,-2.3612735801629245
purposely,-2.371494632844671
basically reads,-2.372377577979085
severely,-2.3761282471669016
errors,-2.378868311621492
speak english,-2.380217449250992
circles,-2.3822688790186266
painfully,-2.382996056679513
self taught,-2.3831920070708197
tell wrong,-2.3855825432436895
exam average,-2.389413761385576
misleading,-2.4005483473026707
intentionally,-2.4005545433654447
causing,-2.4037206801108812
way harder,-2.404666557124969
outdated,-2.4114413154992693
understand says,-2.413795370837633
makes impossible,-2.414206358751093
incorrectly,-2.416523558369297
unreasonably,-2.417317190814387
tuition,-2.418341826788886
instructions vague,-2.419216610607471
ready teach,-2.4231043777714074
convoluted,-2.42425144088352
learned absolutely,-2.4261875394417594
deducts,-2.4266933537265984
rants,-2.4282040047013105
harder needs,-2.431207895618016
decides,-2.433187808233578
unpredictable,-2.436411736723768
seconds,-2.4416811418879014
ambiguous,-2.446150713074749
subpar,-2.4492739273712836
minutes late,-2.4497030100791743
grammatical errors,-2.450293612592212
teach gives,-2.4516064751030893
lacked,-2.4571410043465214
wont learn,-2.4573718354631637
word says,-2.459008342299221
luck,-2.4619391272987468
steer,-2.465926421011746
thinks,-2.4682289965717823
unstructured,-2.4685739340243167
disorganized,-2.4688933139657374
ridiculously,-2.4705962627428217
watching youtube,-2.471057066307493
mediocre,-2.482100328361195
forgets,-2.4858594275516914
typos,-2.4950753174863323
loses,-2.49877293535093
clueless,-2.4988431080977858
extremely boring,-2.5010748496192576
garbage,-2.5038714773912236
save,-2.5060912766599186
unless absolutely,-2.5065861690952627
monotone voice,-2.5154223262278155
understand teach,-2.51705663875898
smallest,-2.518365696534465
reads,-2.520280467648073
waste,-2.5238322962219737
minute late,-2.5290677689576437
extremely specific,-2.534292532252705
expects learn,-2.538523039700813
disappointment,-2.540175392815561
admitted,-2.5403340440987616
whatsoever,-2.5469607811336834
didnt tell,-2.552821631436281
refuse,-2.5552117962674146
speeds,-2.556817238766145
save life,-2.5621819556656558
fails,-2.562639023231009
guy teach,-2.564894881849023
racist,-2.570266207894443
average test,-2.5761292081696894
extremely long,-2.5813630431954664
gives way,-2.58891247594123
reads power,-2.59158757510345
failure,-2.594826711560989
unfair,-2.598439711664115
wasted,-2.5995888039208292
petty,-2.6010550737711213
incredibly boring,-2.6013618434538426
frustration,-2.6045301788232447
nearly impossible,-2.6055938026930363
inflexible,-2.6060058251339697
makes mistakes,-2.607713849162746
makes buy,-2.6080829951889104
reads powerpoints,-2.6087478866589517
unfairly,-2.6098208511821834
clue,-2.6118871090604046
incorrect,-2.6175931606538185
gets confused,-2.6191049904701895
didnt answer,-2.621471006466729
horribly,-2.622121786749773
didnt learn,-2.6260543213386107
zero,-2.6295397814285106
leave confused,-2.6313974935990707
bad bad,-2.645130115339592
subjective,-2.65121899119136
avoiding,-2.659527413061207
pointless,-2.662215399657369
meaningless,-2.6632193695354687
careless,-2.67075689941308
self teach,-2.6731474162826316
angry,-2.6793739032059865
temper,-2.680274568320467
wastes,-2.6888294967415565
vague feedback,-2.6917390424820393
havent learned,-2.6932475316354267
stubborn,-2.6962431471920425
embarrass,-2.7018808714022278
wasnt helpful,-2.7040572979475197
gets annoyed,-2.704385734288497
completely different,-2.7074134050128524
nonexistent,-2.707671989861039
correlation,-2.718930172794442
waste money,-2.7245295843814024
discouraging,-2.7260644705702965
unnecessarily,-2.7282258291632617
single thing,-2.730111996535843
asked question,-2.7325161173326897
unrelated,-2.733295020981041
toughest grader,-2.7358470928168153
instructions unclear,-2.7395721166606233
withdraw,-2.7399404539688543
impatient,-2.7441173635879537
reads slides,-2.7444702567853794
takes weeks,-2.74594944431003
unapproachable,-2.746858985850304
pasted,-2.747547621547529
gets frustrated,-2.7630650138972843
worthless,-2.766255345478534
expects write,-2.7703506464525063
teach textbook,-2.775154813935604
lack communication,-2.784146310885305
takes forever,-2.7875606491067577
trash,-2.7937026762927992
wouldnt recommend,-2.8059735672756316
miserable,-2.8121049289851623
reads powerpoint,-2.8173546404990777
takes points,-2.8198820467882335
inaccessible,-2.8214583245217604
poorly worded,-2.822490075223522
ruin,-2.8341099315150924
unless want,-2.8372186245179964
unengaging,-2.838500761386152
insensitive,-2.8469402287286965
forever respond,-2.846974056380276
vague,-2.84937373080927
weeks later,-2.849559614675801
questioned,-2.852862538334639
messes,-2.856058514929485
reads word,-2.8562434561425025
positive reviews,-2.856367889468519
days respond,-2.8588959270580965
blatantly,-2.862952665869667
nightmare,-2.8650218882214507
reads textbook,-2.8739542688564796
sloppy,-2.8802067672847382
idea doing,-2.8810143238780572
ignored,-2.881792699760812
changes dates,-2.89280877713521
wants fail,-2.8935316433477833
expectations unclear,-2.9003950998368833
takes days,-2.9070045504589874
rambling,-2.90719459917346
impossible understand,-2.9083562741248077
poor,-2.9083808402143285
slides word,-2.911477614911444
zeros,-2.917240604477893
little information,-2.918572812597107
didnt teach,-2.9229127820714442
extremely tough,-2.927120871655042
criteria unclear,-2.933049951431377
grading unclear,-2.938981146848052
unclear,-2.9451861506622645
nope,-2.947608518537006
unprepared,-2.9521838256894553
absurd,-2.954798632550096
arbitrary,-2.9582133408654183
degrading,-2.9706485625441967
yell,-2.9734030408147287
bad person,-2.9740724818422617
headache,-2.976411244450329
extremely grader,-2.9804934062752224
teach entire,-2.9806127726138136
gives bad,-2.982713433564715
ego,-2.986329563180668
didnt respond,-2.9879179361002954
little instruction,-3.004342300556626
choose different,-3.0047963176548134
reads directly,-3.0067608578631795
half dropped,-3.008278205848711
rarely responds,-3.009432059346432
provides little,-3.010523462572003
expects understand,-3.0106600790935723
asked clarification,-3.0117075012781136
reads straight,-3.012203290791101
arrogant,-3.01263838589761
irrelevant,-3.0203369005137564
incomprehensible,-3.026717813104103
ironic,-3.029864178693513
didnt explain,-3.03066338494445
unorganized,-3.0359938657212115
terrible,-3.0369538420497086
gives vague,-3.0440920182856246
sympathy,-3.056674740777856
assigns way,-3.060905858642318
blamed,-3.0760993953488143
teach teach,-3.0770387372725967
harder needed,-3.081500913044991
snarky,-3.081743088650086
rude times,-3.0847273113036646
useless,-3.0858825464758475
nasty,-3.116860780842039
talks way,-3.1171631453719417
ridiculous,-3.1362891998319284
expects memorize,-3.139907172355402
worse,-3.1422467296726486
wont answer,-3.1635240653603756
disaster,-3.1724949426280773
rambles,-3.1733786714742074
disappointing,-3.174348534302828
straight student,-3.1763050619956807
little feedback,-3.180240828337462
unforgiving,-3.18070992378839
assumes,-3.1827650362386457
shows late,-3.1874508769303382
fired,-3.1885430894383493
luck getting,-3.189275333939138
read mind,-3.1913343237312706
rushes,-3.2029077536981365
proceeded,-3.2071420801118027
inability,-3.2093934231443892
acts,-3.2119539803684747
incapable,-3.2124095157125865
wont respond,-3.2162592097491967
vague instructions,-3.2223216702375765
learn single,-3.2236174762800083
lacks,-3.2450076467173856
incompetent,-3.2467870806177412
left confused,-3.247667964351809
claims,-3.2484098278430604
little explanation,-3.2489796723735864
poorly written,-3.2502657526813667
way seriously,-3.25202438825786
makes harder,-3.257133696171211
makes confusing,-3.260314380542926
recommend unless,-3.261642527896088
claimed,-3.2728746062795775
unclear wants,-3.2752863176010223
gets angry,-3.2760323761257553
atrocious,-3.294073763038872
passiveaggressive,-3.2990292319463936
demeaning,-3.2992993947958524
isnt helpful,-3.3025866060094415
grading inconsistent,-3.3095601501013654
teach read,-3.317357227974618
taking unless,-3.346020516378829
horrible,-3.3480124108468265
basically teach,-3.3542966048231673
yelling,-3.3609731933245364
unresponsive,-3.369835641085981
save stress,-3.3730566518269907
yells,-3.3741573792659914
contradict,-3.3758081690488115
prepared teach,-3.380633279818955
absolutely ridiculous,-3.3822483674849018
gets upset,-3.3831418649368494
passive,-3.3850519846169753
bad explaining,-3.3877324715089294
worst classes,-3.3903694440742385
awful,-3.3971490695223165
youre better,-3.403518484663092
brags,-3.4036412782380925
confuses,-3.4104985145816578
belittled,-3.4166638617000924
disrespectful,-3.4186858754029874
inappropriate,-3.4209473227238405
worst math,-3.4211161267329793
gets mad,-3.4238995939742267
unclear directions,-3.423963708874485
allowed teach,-3.4262483906902848
ruined,-3.4320187228916375
extremely confusing,-3.439734365370164
care gpa,-3.44113769395255
contradictory,-3.44776762458047
inconsistent,-3.449228789845227
hes terrible,-3.4523152823198835
plague,-3.4547111387248446
arbitrarily,-3.458183306970998
complete waste,-3.464835987596473
unclear expectations,-3.4671005329291553
contradicting,-3.471846678467026
unavailable,-3.472122115344007
unrealistic,-3.500365496046321
condescending,-3.500755712088502
avoid classes,-3.510301989884155
uncaring,-3.513969281499728
accused,-3.5217297397645577
belittling,-3.5413165258418324
avoid plague,-3.5559603701867903
aggressive,-3.5585968868129534
expects way,-3.5718376476939326
yelled,-3.5743053389994834
extremely understand,-3.580634785103607
steer clear,-3.5927809096641035
bad attitude,-3.593162238372644
passive aggressive,-3.6001638132070077
shes worst,-3.60914771877221
hostile,-3.614514456044379
belittles,-3.6163150934030153
unrealistic expectations,-3.617948452085926
little guidance,-3.6207805592559748
expects teach,-3.623652450397678
unwilling,-3.633186665797128
shes terrible,-3.6420737230055877
extremely harsh,-3.648341902672515
hes rude,-3.653234624733612
hes worst,-3.6661283438684897
bother asking,-3.6679216365625695
way fast,-3.669371983482252
condescending rude,-3.680267136756278
unacceptable,-3.6918758181265154
save gpa,-3.709202734390418
rude disrespectful,-3.720282927205865
inconsistent grading,-3.7219995946969604
avoid prof,-3.724631673400724
unclear grading,-3.725789957788475
horrendous,-3.725990201021368
rude ask,-3.7329485093980015
poorly organized,-3.7449729591343885
awful experience,-3.7546083352685766
extremely vague,-3.76370723165922
rude care,-3.79300799674086
shes rude,-3.8172706025362437
zero feedback,-3.833586398577122
guy terrible,-3.8379303201258246
horrible experience,-3.8477928827753605
stay far,-3.8531703674082234
poor communication,-3.8628221736534822
dismissive,-3.8637472896577503
defensive,-3.8773899666189777
refused,-3.8834975842056476
unpleasant,-3.8861190165612527
rude,-3.887515515675741
costs,-3.908673007061747
worst entire,-3.9120905937511843
unclear instructions,-3.928588519058131
terrible experience,-3.943012561605755
absolutely terrible,-3.9483711479155676
save headache,-3.9501936798567705
terrible explaining,-3.962347884062286
extremely unorganized,-3.9640472509980462
recommend avoiding,-3.9650594696510506
unfair grading,-3.9672059115199065
terrible prof,-3.984298764572827
unfair grader,-3.98588094716553
run away,-3.993127182458032
impossible reach,-3.9933372425522276
ineffective,-4.0033902303647615
absolutely awful,-4.0041158183456265
super unorganized,-4.02371228729419
refuses,-4.024578098158621
absolutely horrible,-4.0274533132394055
try avoid,-4.0335494868571065
barely teaches,-4.04882278388888
inconsiderate,-4.054577563160128
refuses answer,-4.068778556153992
idea teach,-4.073990301904869
contradicts,-4.077707573812193
mumbles,-4.0843618096555705
sanity,-4.094878252916784
probably worst,-4.119287763552849
absolutely worst,-4.131536804820314
ignores,-4.180143226276208
poor job,-4.187113702450603
extremely condescending,-4.203941334310562
easily worst,-4.226702797092116
blames,-4.2323455021518885
honestly worst,-4.233810344118938
possibly worst,-4.241433931383536
worst took,-4.251356855324294
worst,-4.259280096585166
extremely unclear,-4.277430351857088
rudest,-4.30100169937754
avoid,-4.307713058254715
worst life,-4.313288978349506
worst college,-4.324389641879412
extremely disorganized,-4.3277569794416095
unhelpful,-4.343322072437734
stay away,-4.356525774720761
rude condescending,-4.358414686229729
incredibly rude,-4.3831915751874195
teach expects,-4.397113887289629
teach reads,-4.411639430755066
avoid taking,-4.460881719385173
absolute worst,-4.486214520749437
avoid avoid,-4.519926747162465
hands worst,-4.621842250596254
worst teachers,-4.701104343153233
unprofessional,-4.834866900903909
worst instructor,-4.849284497108567
literally worst,-5.060315789446422
worst experience,-5.207848130348147
far worst,-5.272377149151001
avoid cost,-5.406055500781479
worst taken,-5.40949580409431
worst prof,-5.451317432471864
avoid possible,-5.489290744714866
extremely rude,-5.572007284325242
worst professors,-5.847296267947552
worst ive,-5.972201382139491
avoid costs,-6.103820793756871
